--
-- PostgreSQL database dump
--

\restrict fo3hL7BRZiqVpvb5Ymvu39zvsFFyDw72xhUhSQE8eBhoCbDVyuR6153V4snNuCC

-- Dumped from database version 14.22 (Ubuntu 14.22-0ubuntu0.22.04.1)
-- Dumped by pg_dump version 14.22 (Ubuntu 14.22-0ubuntu0.22.04.1)

SET statement_timeout = 0;
SET lock_timeout = 0;
SET idle_in_transaction_session_timeout = 0;
SET client_encoding = 'UTF8';
SET standard_conforming_strings = on;
SELECT pg_catalog.set_config('search_path', '', false);
SET check_function_bodies = false;
SET xmloption = content;
SET client_min_messages = warning;
SET row_security = off;

SET default_tablespace = '';

SET default_table_access_method = heap;

--
-- Name: account_emailaddress; Type: TABLE; Schema: public; Owner: -
--

CREATE TABLE public.account_emailaddress (
    id integer NOT NULL,
    email character varying(254) NOT NULL,
    verified boolean NOT NULL,
    "primary" boolean NOT NULL,
    user_id integer NOT NULL
);


--
-- Name: account_emailaddress_id_seq; Type: SEQUENCE; Schema: public; Owner: -
--

ALTER TABLE public.account_emailaddress ALTER COLUMN id ADD GENERATED BY DEFAULT AS IDENTITY (
    SEQUENCE NAME public.account_emailaddress_id_seq
    START WITH 1
    INCREMENT BY 1
    NO MINVALUE
    NO MAXVALUE
    CACHE 1
);


--
-- Name: account_emailconfirmation; Type: TABLE; Schema: public; Owner: -
--

CREATE TABLE public.account_emailconfirmation (
    id integer NOT NULL,
    created timestamp with time zone NOT NULL,
    sent timestamp with time zone,
    key character varying(64) NOT NULL,
    email_address_id integer NOT NULL
);


--
-- Name: account_emailconfirmation_id_seq; Type: SEQUENCE; Schema: public; Owner: -
--

ALTER TABLE public.account_emailconfirmation ALTER COLUMN id ADD GENERATED BY DEFAULT AS IDENTITY (
    SEQUENCE NAME public.account_emailconfirmation_id_seq
    START WITH 1
    INCREMENT BY 1
    NO MINVALUE
    NO MAXVALUE
    CACHE 1
);


--
-- Name: auth_group; Type: TABLE; Schema: public; Owner: -
--

CREATE TABLE public.auth_group (
    id integer NOT NULL,
    name character varying(150) NOT NULL
);


--
-- Name: auth_group_id_seq; Type: SEQUENCE; Schema: public; Owner: -
--

ALTER TABLE public.auth_group ALTER COLUMN id ADD GENERATED BY DEFAULT AS IDENTITY (
    SEQUENCE NAME public.auth_group_id_seq
    START WITH 1
    INCREMENT BY 1
    NO MINVALUE
    NO MAXVALUE
    CACHE 1
);


--
-- Name: auth_group_permissions; Type: TABLE; Schema: public; Owner: -
--

CREATE TABLE public.auth_group_permissions (
    id bigint NOT NULL,
    group_id integer NOT NULL,
    permission_id integer NOT NULL
);


--
-- Name: auth_group_permissions_id_seq; Type: SEQUENCE; Schema: public; Owner: -
--

ALTER TABLE public.auth_group_permissions ALTER COLUMN id ADD GENERATED BY DEFAULT AS IDENTITY (
    SEQUENCE NAME public.auth_group_permissions_id_seq
    START WITH 1
    INCREMENT BY 1
    NO MINVALUE
    NO MAXVALUE
    CACHE 1
);


--
-- Name: auth_permission; Type: TABLE; Schema: public; Owner: -
--

CREATE TABLE public.auth_permission (
    id integer NOT NULL,
    name character varying(255) NOT NULL,
    content_type_id integer NOT NULL,
    codename character varying(100) NOT NULL
);


--
-- Name: auth_permission_id_seq; Type: SEQUENCE; Schema: public; Owner: -
--

ALTER TABLE public.auth_permission ALTER COLUMN id ADD GENERATED BY DEFAULT AS IDENTITY (
    SEQUENCE NAME public.auth_permission_id_seq
    START WITH 1
    INCREMENT BY 1
    NO MINVALUE
    NO MAXVALUE
    CACHE 1
);


--
-- Name: auth_user; Type: TABLE; Schema: public; Owner: -
--

CREATE TABLE public.auth_user (
    id integer NOT NULL,
    password character varying(128) NOT NULL,
    last_login timestamp with time zone,
    is_superuser boolean NOT NULL,
    username character varying(150) NOT NULL,
    first_name character varying(150) NOT NULL,
    last_name character varying(150) NOT NULL,
    email character varying(254) NOT NULL,
    is_staff boolean NOT NULL,
    is_active boolean NOT NULL,
    date_joined timestamp with time zone NOT NULL
);


--
-- Name: auth_user_groups; Type: TABLE; Schema: public; Owner: -
--

CREATE TABLE public.auth_user_groups (
    id bigint NOT NULL,
    user_id integer NOT NULL,
    group_id integer NOT NULL
);


--
-- Name: auth_user_groups_id_seq; Type: SEQUENCE; Schema: public; Owner: -
--

ALTER TABLE public.auth_user_groups ALTER COLUMN id ADD GENERATED BY DEFAULT AS IDENTITY (
    SEQUENCE NAME public.auth_user_groups_id_seq
    START WITH 1
    INCREMENT BY 1
    NO MINVALUE
    NO MAXVALUE
    CACHE 1
);


--
-- Name: auth_user_id_seq; Type: SEQUENCE; Schema: public; Owner: -
--

ALTER TABLE public.auth_user ALTER COLUMN id ADD GENERATED BY DEFAULT AS IDENTITY (
    SEQUENCE NAME public.auth_user_id_seq
    START WITH 1
    INCREMENT BY 1
    NO MINVALUE
    NO MAXVALUE
    CACHE 1
);


--
-- Name: auth_user_user_permissions; Type: TABLE; Schema: public; Owner: -
--

CREATE TABLE public.auth_user_user_permissions (
    id bigint NOT NULL,
    user_id integer NOT NULL,
    permission_id integer NOT NULL
);


--
-- Name: auth_user_user_permissions_id_seq; Type: SEQUENCE; Schema: public; Owner: -
--

ALTER TABLE public.auth_user_user_permissions ALTER COLUMN id ADD GENERATED BY DEFAULT AS IDENTITY (
    SEQUENCE NAME public.auth_user_user_permissions_id_seq
    START WITH 1
    INCREMENT BY 1
    NO MINVALUE
    NO MAXVALUE
    CACHE 1
);


--
-- Name: authtoken_token; Type: TABLE; Schema: public; Owner: -
--

CREATE TABLE public.authtoken_token (
    key character varying(40) NOT NULL,
    created timestamp with time zone NOT NULL,
    user_id integer NOT NULL
);


--
-- Name: brands; Type: TABLE; Schema: public; Owner: -
--

CREATE TABLE public.brands (
    id bigint NOT NULL,
    name character varying(255) NOT NULL,
    logo character varying(100),
    description text,
    phone character varying(20),
    email character varying(254),
    website character varying(200),
    address text,
    tax_code character varying(20),
    is_active boolean NOT NULL,
    created_at timestamp with time zone NOT NULL,
    updated_at timestamp with time zone NOT NULL,
    owner_id integer,
    business_type character varying(20) NOT NULL
);


--
-- Name: brands_id_seq; Type: SEQUENCE; Schema: public; Owner: -
--

ALTER TABLE public.brands ALTER COLUMN id ADD GENERATED BY DEFAULT AS IDENTITY (
    SEQUENCE NAME public.brands_id_seq
    START WITH 1
    INCREMENT BY 1
    NO MINVALUE
    NO MAXVALUE
    CACHE 1
);


--
-- Name: business_config; Type: TABLE; Schema: public; Owner: -
--

CREATE TABLE public.business_config (
    id bigint NOT NULL,
    business_type character varying(20) NOT NULL,
    business_name character varying(255) NOT NULL,
    mod_orders boolean NOT NULL,
    mod_quotations boolean NOT NULL,
    mod_returns boolean NOT NULL,
    mod_packaging boolean NOT NULL,
    mod_products boolean NOT NULL,
    mod_customers boolean NOT NULL,
    mod_finance boolean NOT NULL,
    mod_reports boolean NOT NULL,
    mod_spa boolean NOT NULL,
    updated_at timestamp with time zone NOT NULL,
    opt_quotation_salesperson boolean NOT NULL,
    opt_order_bonus boolean NOT NULL,
    opt_order_salesperson boolean NOT NULL,
    opt_order_server_staff boolean NOT NULL,
    opt_order_approver boolean NOT NULL,
    mod_cafe_tables boolean NOT NULL,
    mod_pos boolean NOT NULL,
    opt_commission boolean NOT NULL,
    opt_loyalty_points boolean NOT NULL,
    opt_loyalty_rate integer NOT NULL,
    brand_id bigint
);


--
-- Name: business_config_id_seq; Type: SEQUENCE; Schema: public; Owner: -
--

ALTER TABLE public.business_config ALTER COLUMN id ADD GENERATED BY DEFAULT AS IDENTITY (
    SEQUENCE NAME public.business_config_id_seq
    START WITH 1
    INCREMENT BY 1
    NO MINVALUE
    NO MAXVALUE
    CACHE 1
);


--
-- Name: cafe_tables; Type: TABLE; Schema: public; Owner: -
--

CREATE TABLE public.cafe_tables (
    id bigint NOT NULL,
    number character varying(20) NOT NULL,
    name character varying(100),
    area character varying(20) NOT NULL,
    capacity integer NOT NULL,
    status integer NOT NULL,
    note character varying(255),
    is_active boolean NOT NULL,
    sort_order integer NOT NULL,
    current_order_id bigint,
    store_id bigint NOT NULL
);


--
-- Name: cafe_tables_id_seq; Type: SEQUENCE; Schema: public; Owner: -
--

ALTER TABLE public.cafe_tables ALTER COLUMN id ADD GENERATED BY DEFAULT AS IDENTITY (
    SEQUENCE NAME public.cafe_tables_id_seq
    START WITH 1
    INCREMENT BY 1
    NO MINVALUE
    NO MAXVALUE
    CACHE 1
);


--
-- Name: cash_books; Type: TABLE; Schema: public; Owner: -
--

CREATE TABLE public.cash_books (
    id bigint NOT NULL,
    name character varying(255) NOT NULL,
    description text,
    balance numeric(18,0) NOT NULL,
    is_active boolean NOT NULL,
    created_at timestamp with time zone NOT NULL,
    updated_at timestamp with time zone NOT NULL,
    deleted_at timestamp with time zone,
    is_deleted boolean NOT NULL
);


--
-- Name: cash_books_id_seq; Type: SEQUENCE; Schema: public; Owner: -
--

ALTER TABLE public.cash_books ALTER COLUMN id ADD GENERATED BY DEFAULT AS IDENTITY (
    SEQUENCE NAME public.cash_books_id_seq
    START WITH 1
    INCREMENT BY 1
    NO MINVALUE
    NO MAXVALUE
    CACHE 1
);


--
-- Name: combo_items; Type: TABLE; Schema: public; Owner: -
--

CREATE TABLE public.combo_items (
    id bigint NOT NULL,
    quantity numeric(15,2) NOT NULL,
    combo_id bigint NOT NULL,
    product_id bigint NOT NULL
);


--
-- Name: combo_items_id_seq; Type: SEQUENCE; Schema: public; Owner: -
--

ALTER TABLE public.combo_items ALTER COLUMN id ADD GENERATED BY DEFAULT AS IDENTITY (
    SEQUENCE NAME public.combo_items_id_seq
    START WITH 1
    INCREMENT BY 1
    NO MINVALUE
    NO MAXVALUE
    CACHE 1
);


--
-- Name: cost_adjustments; Type: TABLE; Schema: public; Owner: -
--

CREATE TABLE public.cost_adjustments (
    id bigint NOT NULL,
    old_cost numeric(15,0) NOT NULL,
    new_cost numeric(15,0) NOT NULL,
    reason text,
    adjusted_at timestamp with time zone NOT NULL,
    adjusted_by_id integer,
    product_id bigint NOT NULL
);


--
-- Name: cost_adjustments_id_seq; Type: SEQUENCE; Schema: public; Owner: -
--

ALTER TABLE public.cost_adjustments ALTER COLUMN id ADD GENERATED BY DEFAULT AS IDENTITY (
    SEQUENCE NAME public.cost_adjustments_id_seq
    START WITH 1
    INCREMENT BY 1
    NO MINVALUE
    NO MAXVALUE
    CACHE 1
);


--
-- Name: customer_groups; Type: TABLE; Schema: public; Owner: -
--

CREATE TABLE public.customer_groups (
    id bigint NOT NULL,
    name character varying(255) NOT NULL,
    description text,
    discount_percent numeric(5,2) NOT NULL,
    is_active boolean NOT NULL,
    created_at timestamp with time zone NOT NULL,
    deleted_at timestamp with time zone,
    is_deleted boolean NOT NULL
);


--
-- Name: customer_groups_id_seq; Type: SEQUENCE; Schema: public; Owner: -
--

ALTER TABLE public.customer_groups ALTER COLUMN id ADD GENERATED BY DEFAULT AS IDENTITY (
    SEQUENCE NAME public.customer_groups_id_seq
    START WITH 1
    INCREMENT BY 1
    NO MINVALUE
    NO MAXVALUE
    CACHE 1
);


--
-- Name: customers; Type: TABLE; Schema: public; Owner: -
--

CREATE TABLE public.customers (
    id bigint NOT NULL,
    code character varying(50) NOT NULL,
    name character varying(255) NOT NULL,
    phone character varying(20),
    email character varying(254),
    address text,
    company character varying(255),
    tax_code character varying(20),
    total_purchased numeric(18,0) NOT NULL,
    total_debt numeric(18,0) NOT NULL,
    sapo_id character varying(100),
    note text,
    is_active boolean NOT NULL,
    created_at timestamp with time zone NOT NULL,
    updated_at timestamp with time zone NOT NULL,
    created_by_id integer,
    group_id bigint,
    deleted_at timestamp with time zone,
    is_deleted boolean NOT NULL,
    store_id bigint,
    company_address text,
    customer_type integer NOT NULL,
    id_number character varying(20),
    owner_tax_code character varying(20),
    avatar character varying(100),
    date_of_birth date,
    gender integer NOT NULL,
    membership_level integer NOT NULL,
    points integer NOT NULL
);


--
-- Name: customers_id_seq; Type: SEQUENCE; Schema: public; Owner: -
--

ALTER TABLE public.customers ALTER COLUMN id ADD GENERATED BY DEFAULT AS IDENTITY (
    SEQUENCE NAME public.customers_id_seq
    START WITH 1
    INCREMENT BY 1
    NO MINVALUE
    NO MAXVALUE
    CACHE 1
);


--
-- Name: data_permissions; Type: TABLE; Schema: public; Owner: -
--

CREATE TABLE public.data_permissions (
    id bigint NOT NULL,
    module character varying(50) NOT NULL,
    data_scope character varying(50) NOT NULL,
    warehouse_ids text,
    user_id integer NOT NULL
);


--
-- Name: data_permissions_id_seq; Type: SEQUENCE; Schema: public; Owner: -
--

ALTER TABLE public.data_permissions ALTER COLUMN id ADD GENERATED BY DEFAULT AS IDENTITY (
    SEQUENCE NAME public.data_permissions_id_seq
    START WITH 1
    INCREMENT BY 1
    NO MINVALUE
    NO MAXVALUE
    CACHE 1
);


--
-- Name: django_admin_log; Type: TABLE; Schema: public; Owner: -
--

CREATE TABLE public.django_admin_log (
    id integer NOT NULL,
    action_time timestamp with time zone NOT NULL,
    object_id text,
    object_repr character varying(200) NOT NULL,
    action_flag smallint NOT NULL,
    change_message text NOT NULL,
    content_type_id integer,
    user_id integer NOT NULL,
    CONSTRAINT django_admin_log_action_flag_check CHECK ((action_flag >= 0))
);


--
-- Name: django_admin_log_id_seq; Type: SEQUENCE; Schema: public; Owner: -
--

ALTER TABLE public.django_admin_log ALTER COLUMN id ADD GENERATED BY DEFAULT AS IDENTITY (
    SEQUENCE NAME public.django_admin_log_id_seq
    START WITH 1
    INCREMENT BY 1
    NO MINVALUE
    NO MAXVALUE
    CACHE 1
);


--
-- Name: django_content_type; Type: TABLE; Schema: public; Owner: -
--

CREATE TABLE public.django_content_type (
    id integer NOT NULL,
    app_label character varying(100) NOT NULL,
    model character varying(100) NOT NULL
);


--
-- Name: django_content_type_id_seq; Type: SEQUENCE; Schema: public; Owner: -
--

ALTER TABLE public.django_content_type ALTER COLUMN id ADD GENERATED BY DEFAULT AS IDENTITY (
    SEQUENCE NAME public.django_content_type_id_seq
    START WITH 1
    INCREMENT BY 1
    NO MINVALUE
    NO MAXVALUE
    CACHE 1
);


--
-- Name: django_migrations; Type: TABLE; Schema: public; Owner: -
--

CREATE TABLE public.django_migrations (
    id bigint NOT NULL,
    app character varying(255) NOT NULL,
    name character varying(255) NOT NULL,
    applied timestamp with time zone NOT NULL
);


--
-- Name: django_migrations_id_seq; Type: SEQUENCE; Schema: public; Owner: -
--

ALTER TABLE public.django_migrations ALTER COLUMN id ADD GENERATED BY DEFAULT AS IDENTITY (
    SEQUENCE NAME public.django_migrations_id_seq
    START WITH 1
    INCREMENT BY 1
    NO MINVALUE
    NO MAXVALUE
    CACHE 1
);


--
-- Name: django_session; Type: TABLE; Schema: public; Owner: -
--

CREATE TABLE public.django_session (
    session_key character varying(40) NOT NULL,
    session_data text NOT NULL,
    expire_date timestamp with time zone NOT NULL
);


--
-- Name: django_site; Type: TABLE; Schema: public; Owner: -
--

CREATE TABLE public.django_site (
    id integer NOT NULL,
    domain character varying(100) NOT NULL,
    name character varying(50) NOT NULL
);


--
-- Name: django_site_id_seq; Type: SEQUENCE; Schema: public; Owner: -
--

ALTER TABLE public.django_site ALTER COLUMN id ADD GENERATED BY DEFAULT AS IDENTITY (
    SEQUENCE NAME public.django_site_id_seq
    START WITH 1
    INCREMENT BY 1
    NO MINVALUE
    NO MAXVALUE
    CACHE 1
);


--
-- Name: finance_categories; Type: TABLE; Schema: public; Owner: -
--

CREATE TABLE public.finance_categories (
    id bigint NOT NULL,
    name character varying(255) NOT NULL,
    type integer NOT NULL,
    description text,
    is_active boolean NOT NULL,
    created_at timestamp with time zone NOT NULL,
    deleted_at timestamp with time zone,
    is_deleted boolean NOT NULL
);


--
-- Name: finance_categories_id_seq; Type: SEQUENCE; Schema: public; Owner: -
--

ALTER TABLE public.finance_categories ALTER COLUMN id ADD GENERATED BY DEFAULT AS IDENTITY (
    SEQUENCE NAME public.finance_categories_id_seq
    START WITH 1
    INCREMENT BY 1
    NO MINVALUE
    NO MAXVALUE
    CACHE 1
);


--
-- Name: goods_receipt_items; Type: TABLE; Schema: public; Owner: -
--

CREATE TABLE public.goods_receipt_items (
    id bigint NOT NULL,
    quantity numeric(15,2) NOT NULL,
    unit_price numeric(15,0) NOT NULL,
    total_price numeric(15,0) NOT NULL,
    goods_receipt_id bigint NOT NULL,
    product_id bigint NOT NULL,
    variant_id bigint
);


--
-- Name: goods_receipt_items_id_seq; Type: SEQUENCE; Schema: public; Owner: -
--

ALTER TABLE public.goods_receipt_items ALTER COLUMN id ADD GENERATED BY DEFAULT AS IDENTITY (
    SEQUENCE NAME public.goods_receipt_items_id_seq
    START WITH 1
    INCREMENT BY 1
    NO MINVALUE
    NO MAXVALUE
    CACHE 1
);


--
-- Name: goods_receipts; Type: TABLE; Schema: public; Owner: -
--

CREATE TABLE public.goods_receipts (
    id bigint NOT NULL,
    code character varying(50) NOT NULL,
    status integer NOT NULL,
    total_amount numeric(15,0) NOT NULL,
    note text,
    receipt_date date NOT NULL,
    created_at timestamp with time zone NOT NULL,
    updated_at timestamp with time zone NOT NULL,
    created_by_id integer,
    purchase_order_id bigint,
    supplier_id bigint,
    warehouse_id bigint,
    deleted_at timestamp with time zone,
    is_deleted boolean NOT NULL
);


--
-- Name: goods_receipts_id_seq; Type: SEQUENCE; Schema: public; Owner: -
--

ALTER TABLE public.goods_receipts ALTER COLUMN id ADD GENERATED BY DEFAULT AS IDENTITY (
    SEQUENCE NAME public.goods_receipts_id_seq
    START WITH 1
    INCREMENT BY 1
    NO MINVALUE
    NO MAXVALUE
    CACHE 1
);


--
-- Name: module_permissions; Type: TABLE; Schema: public; Owner: -
--

CREATE TABLE public.module_permissions (
    id bigint NOT NULL,
    module character varying(50) NOT NULL,
    action character varying(20) NOT NULL,
    is_allowed boolean NOT NULL,
    role_group_id bigint NOT NULL
);


--
-- Name: module_permissions_id_seq; Type: SEQUENCE; Schema: public; Owner: -
--

ALTER TABLE public.module_permissions ALTER COLUMN id ADD GENERATED BY DEFAULT AS IDENTITY (
    SEQUENCE NAME public.module_permissions_id_seq
    START WITH 1
    INCREMENT BY 1
    NO MINVALUE
    NO MAXVALUE
    CACHE 1
);


--
-- Name: order_items; Type: TABLE; Schema: public; Owner: -
--

CREATE TABLE public.order_items (
    id bigint NOT NULL,
    quantity numeric(15,2) NOT NULL,
    unit_price numeric(15,0) NOT NULL,
    cost_price numeric(15,0) NOT NULL,
    discount_percent numeric(5,2) NOT NULL,
    total_price numeric(15,0) NOT NULL,
    is_below_listed boolean NOT NULL,
    order_id bigint NOT NULL,
    product_id bigint NOT NULL,
    variant_id bigint
);


--
-- Name: order_items_id_seq; Type: SEQUENCE; Schema: public; Owner: -
--

ALTER TABLE public.order_items ALTER COLUMN id ADD GENERATED BY DEFAULT AS IDENTITY (
    SEQUENCE NAME public.order_items_id_seq
    START WITH 1
    INCREMENT BY 1
    NO MINVALUE
    NO MAXVALUE
    CACHE 1
);


--
-- Name: order_return_items; Type: TABLE; Schema: public; Owner: -
--

CREATE TABLE public.order_return_items (
    id bigint NOT NULL,
    quantity integer NOT NULL,
    unit_price numeric(15,0) NOT NULL,
    total_price numeric(15,0) NOT NULL,
    reason text,
    order_return_id bigint NOT NULL,
    product_id bigint NOT NULL
);


--
-- Name: order_return_items_id_seq; Type: SEQUENCE; Schema: public; Owner: -
--

ALTER TABLE public.order_return_items ALTER COLUMN id ADD GENERATED BY DEFAULT AS IDENTITY (
    SEQUENCE NAME public.order_return_items_id_seq
    START WITH 1
    INCREMENT BY 1
    NO MINVALUE
    NO MAXVALUE
    CACHE 1
);


--
-- Name: order_returns; Type: TABLE; Schema: public; Owner: -
--

CREATE TABLE public.order_returns (
    id bigint NOT NULL,
    code character varying(50) NOT NULL,
    status integer NOT NULL,
    total_refund numeric(18,0) NOT NULL,
    reason text,
    return_date date NOT NULL,
    note text,
    created_at timestamp with time zone NOT NULL,
    updated_at timestamp with time zone NOT NULL,
    created_by_id integer,
    customer_id bigint,
    order_id bigint,
    warehouse_id bigint,
    deleted_at timestamp with time zone,
    is_deleted boolean NOT NULL
);


--
-- Name: order_returns_id_seq; Type: SEQUENCE; Schema: public; Owner: -
--

ALTER TABLE public.order_returns ALTER COLUMN id ADD GENERATED BY DEFAULT AS IDENTITY (
    SEQUENCE NAME public.order_returns_id_seq
    START WITH 1
    INCREMENT BY 1
    NO MINVALUE
    NO MAXVALUE
    CACHE 1
);


--
-- Name: orders; Type: TABLE; Schema: public; Owner: -
--

CREATE TABLE public.orders (
    id bigint NOT NULL,
    code character varying(50) NOT NULL,
    status integer NOT NULL,
    payment_status integer NOT NULL,
    total_amount numeric(18,0) NOT NULL,
    discount_amount numeric(18,0) NOT NULL,
    tax_amount numeric(18,0) NOT NULL,
    final_amount numeric(18,0) NOT NULL,
    paid_amount numeric(18,0) NOT NULL,
    shipping_address text,
    note text,
    order_date date NOT NULL,
    delivery_date date,
    below_listed_price_warning boolean NOT NULL,
    warning_email_sent boolean NOT NULL,
    created_at timestamp with time zone NOT NULL,
    updated_at timestamp with time zone NOT NULL,
    created_by_id integer,
    customer_id bigint,
    warehouse_id bigint,
    quotation_id bigint,
    deleted_at timestamp with time zone,
    is_deleted boolean NOT NULL,
    store_id bigint,
    approver_id integer,
    bonus_amount numeric(18,0) NOT NULL,
    creator_name character varying(100),
    salesperson character varying(100),
    server_staff character varying(500),
    approval_status integer NOT NULL,
    approved_at timestamp with time zone
);


--
-- Name: orders_id_seq; Type: SEQUENCE; Schema: public; Owner: -
--

ALTER TABLE public.orders ALTER COLUMN id ADD GENERATED BY DEFAULT AS IDENTITY (
    SEQUENCE NAME public.orders_id_seq
    START WITH 1
    INCREMENT BY 1
    NO MINVALUE
    NO MAXVALUE
    CACHE 1
);


--
-- Name: packagings; Type: TABLE; Schema: public; Owner: -
--

CREATE TABLE public.packagings (
    id bigint NOT NULL,
    code character varying(50) NOT NULL,
    status integer NOT NULL,
    weight numeric(10,2) NOT NULL,
    note text,
    packed_at timestamp with time zone,
    created_at timestamp with time zone NOT NULL,
    updated_at timestamp with time zone NOT NULL,
    order_id bigint NOT NULL,
    packed_by_id integer,
    deleted_at timestamp with time zone,
    is_deleted boolean NOT NULL
);


--
-- Name: packagings_id_seq; Type: SEQUENCE; Schema: public; Owner: -
--

ALTER TABLE public.packagings ALTER COLUMN id ADD GENERATED BY DEFAULT AS IDENTITY (
    SEQUENCE NAME public.packagings_id_seq
    START WITH 1
    INCREMENT BY 1
    NO MINVALUE
    NO MAXVALUE
    CACHE 1
);


--
-- Name: payments; Type: TABLE; Schema: public; Owner: -
--

CREATE TABLE public.payments (
    id bigint NOT NULL,
    code character varying(50) NOT NULL,
    amount numeric(18,0) NOT NULL,
    description text,
    payment_date date NOT NULL,
    reference character varying(100),
    status integer NOT NULL,
    note text,
    created_at timestamp with time zone NOT NULL,
    updated_at timestamp with time zone NOT NULL,
    cash_book_id bigint,
    category_id bigint,
    created_by_id integer,
    customer_id bigint,
    supplier_id bigint,
    deleted_at timestamp with time zone,
    is_deleted boolean NOT NULL,
    goods_receipt_id bigint,
    payment_method integer NOT NULL,
    store_id bigint
);


--
-- Name: payments_id_seq; Type: SEQUENCE; Schema: public; Owner: -
--

ALTER TABLE public.payments ALTER COLUMN id ADD GENERATED BY DEFAULT AS IDENTITY (
    SEQUENCE NAME public.payments_id_seq
    START WITH 1
    INCREMENT BY 1
    NO MINVALUE
    NO MAXVALUE
    CACHE 1
);


--
-- Name: point_transactions; Type: TABLE; Schema: public; Owner: -
--

CREATE TABLE public.point_transactions (
    id bigint NOT NULL,
    transaction_type integer NOT NULL,
    points integer NOT NULL,
    balance_after integer NOT NULL,
    description character varying(500),
    created_at timestamp with time zone NOT NULL,
    created_by_id integer,
    customer_id bigint NOT NULL,
    order_id bigint
);


--
-- Name: point_transactions_id_seq; Type: SEQUENCE; Schema: public; Owner: -
--

ALTER TABLE public.point_transactions ALTER COLUMN id ADD GENERATED BY DEFAULT AS IDENTITY (
    SEQUENCE NAME public.point_transactions_id_seq
    START WITH 1
    INCREMENT BY 1
    NO MINVALUE
    NO MAXVALUE
    CACHE 1
);


--
-- Name: printer_settings; Type: TABLE; Schema: public; Owner: -
--

CREATE TABLE public.printer_settings (
    id bigint NOT NULL,
    name character varying(255) NOT NULL,
    printer_type character varying(20) NOT NULL,
    ip_address inet,
    port integer NOT NULL,
    paper_size character varying(20) NOT NULL,
    description text,
    is_default boolean NOT NULL,
    is_active boolean NOT NULL,
    created_at timestamp with time zone NOT NULL,
    updated_at timestamp with time zone NOT NULL
);


--
-- Name: printer_settings_id_seq; Type: SEQUENCE; Schema: public; Owner: -
--

ALTER TABLE public.printer_settings ALTER COLUMN id ADD GENERATED BY DEFAULT AS IDENTITY (
    SEQUENCE NAME public.printer_settings_id_seq
    START WITH 1
    INCREMENT BY 1
    NO MINVALUE
    NO MAXVALUE
    CACHE 1
);


--
-- Name: product_categories; Type: TABLE; Schema: public; Owner: -
--

CREATE TABLE public.product_categories (
    id bigint NOT NULL,
    name character varying(255) NOT NULL,
    description text,
    is_active boolean NOT NULL,
    created_at timestamp with time zone NOT NULL,
    parent_id bigint,
    deleted_at timestamp with time zone,
    is_deleted boolean NOT NULL
);


--
-- Name: product_categories_id_seq; Type: SEQUENCE; Schema: public; Owner: -
--

ALTER TABLE public.product_categories ALTER COLUMN id ADD GENERATED BY DEFAULT AS IDENTITY (
    SEQUENCE NAME public.product_categories_id_seq
    START WITH 1
    INCREMENT BY 1
    NO MINVALUE
    NO MAXVALUE
    CACHE 1
);


--
-- Name: product_stocks; Type: TABLE; Schema: public; Owner: -
--

CREATE TABLE public.product_stocks (
    id bigint NOT NULL,
    quantity numeric(15,2) NOT NULL,
    updated_at timestamp with time zone NOT NULL,
    product_id bigint NOT NULL,
    warehouse_id bigint NOT NULL
);


--
-- Name: product_stocks_id_seq; Type: SEQUENCE; Schema: public; Owner: -
--

ALTER TABLE public.product_stocks ALTER COLUMN id ADD GENERATED BY DEFAULT AS IDENTITY (
    SEQUENCE NAME public.product_stocks_id_seq
    START WITH 1
    INCREMENT BY 1
    NO MINVALUE
    NO MAXVALUE
    CACHE 1
);


--
-- Name: product_variants; Type: TABLE; Schema: public; Owner: -
--

CREATE TABLE public.product_variants (
    id bigint NOT NULL,
    size_name character varying(50) NOT NULL,
    sku character varying(100) NOT NULL,
    barcode character varying(100),
    cost_price numeric(15,0) NOT NULL,
    listed_price numeric(15,0) NOT NULL,
    selling_price numeric(15,0) NOT NULL,
    is_active boolean NOT NULL,
    created_at timestamp with time zone NOT NULL,
    product_id bigint NOT NULL
);


--
-- Name: product_variants_id_seq; Type: SEQUENCE; Schema: public; Owner: -
--

ALTER TABLE public.product_variants ALTER COLUMN id ADD GENERATED BY DEFAULT AS IDENTITY (
    SEQUENCE NAME public.product_variants_id_seq
    START WITH 1
    INCREMENT BY 1
    NO MINVALUE
    NO MAXVALUE
    CACHE 1
);


--
-- Name: products; Type: TABLE; Schema: public; Owner: -
--

CREATE TABLE public.products (
    id bigint NOT NULL,
    code character varying(50) NOT NULL,
    barcode character varying(100),
    name character varying(255) NOT NULL,
    unit character varying(50) NOT NULL,
    description text,
    image character varying(100),
    cost_price numeric(15,0) NOT NULL,
    listed_price numeric(15,0) NOT NULL,
    selling_price numeric(15,0) NOT NULL,
    min_stock integer NOT NULL,
    max_stock integer NOT NULL,
    sapo_id character varying(100),
    is_active boolean NOT NULL,
    created_at timestamp with time zone NOT NULL,
    updated_at timestamp with time zone NOT NULL,
    created_by_id integer,
    category_id bigint,
    supplier_id bigint,
    deleted_at timestamp with time zone,
    is_deleted boolean NOT NULL,
    is_weight_based boolean NOT NULL,
    store_id bigint,
    is_service boolean NOT NULL,
    is_combo boolean NOT NULL
);


--
-- Name: products_id_seq; Type: SEQUENCE; Schema: public; Owner: -
--

ALTER TABLE public.products ALTER COLUMN id ADD GENERATED BY DEFAULT AS IDENTITY (
    SEQUENCE NAME public.products_id_seq
    START WITH 1
    INCREMENT BY 1
    NO MINVALUE
    NO MAXVALUE
    CACHE 1
);


--
-- Name: purchase_order_items; Type: TABLE; Schema: public; Owner: -
--

CREATE TABLE public.purchase_order_items (
    id bigint NOT NULL,
    quantity numeric(15,2) NOT NULL,
    received_quantity numeric(15,2) NOT NULL,
    unit_price numeric(15,0) NOT NULL,
    total_price numeric(15,0) NOT NULL,
    product_id bigint NOT NULL,
    purchase_order_id bigint NOT NULL,
    variant_id bigint
);


--
-- Name: purchase_order_items_id_seq; Type: SEQUENCE; Schema: public; Owner: -
--

ALTER TABLE public.purchase_order_items ALTER COLUMN id ADD GENERATED BY DEFAULT AS IDENTITY (
    SEQUENCE NAME public.purchase_order_items_id_seq
    START WITH 1
    INCREMENT BY 1
    NO MINVALUE
    NO MAXVALUE
    CACHE 1
);


--
-- Name: purchase_orders; Type: TABLE; Schema: public; Owner: -
--

CREATE TABLE public.purchase_orders (
    id bigint NOT NULL,
    code character varying(50) NOT NULL,
    status integer NOT NULL,
    total_amount numeric(15,0) NOT NULL,
    note text,
    order_date date NOT NULL,
    expected_date date,
    created_at timestamp with time zone NOT NULL,
    updated_at timestamp with time zone NOT NULL,
    created_by_id integer,
    supplier_id bigint,
    warehouse_id bigint,
    deleted_at timestamp with time zone,
    is_deleted boolean NOT NULL
);


--
-- Name: purchase_orders_id_seq; Type: SEQUENCE; Schema: public; Owner: -
--

ALTER TABLE public.purchase_orders ALTER COLUMN id ADD GENERATED BY DEFAULT AS IDENTITY (
    SEQUENCE NAME public.purchase_orders_id_seq
    START WITH 1
    INCREMENT BY 1
    NO MINVALUE
    NO MAXVALUE
    CACHE 1
);


--
-- Name: quotation_items; Type: TABLE; Schema: public; Owner: -
--

CREATE TABLE public.quotation_items (
    id bigint NOT NULL,
    quantity numeric(15,2) NOT NULL,
    unit_price numeric(15,0) NOT NULL,
    discount_percent numeric(5,2) NOT NULL,
    total_price numeric(15,0) NOT NULL,
    note text,
    product_id bigint NOT NULL,
    quotation_id bigint NOT NULL,
    variant_id bigint
);


--
-- Name: quotation_items_id_seq; Type: SEQUENCE; Schema: public; Owner: -
--

ALTER TABLE public.quotation_items ALTER COLUMN id ADD GENERATED BY DEFAULT AS IDENTITY (
    SEQUENCE NAME public.quotation_items_id_seq
    START WITH 1
    INCREMENT BY 1
    NO MINVALUE
    NO MAXVALUE
    CACHE 1
);


--
-- Name: quotations; Type: TABLE; Schema: public; Owner: -
--

CREATE TABLE public.quotations (
    id bigint NOT NULL,
    code character varying(50) NOT NULL,
    status integer NOT NULL,
    total_amount numeric(18,0) NOT NULL,
    discount_amount numeric(18,0) NOT NULL,
    final_amount numeric(18,0) NOT NULL,
    note text,
    valid_until date,
    quotation_date date NOT NULL,
    created_at timestamp with time zone NOT NULL,
    updated_at timestamp with time zone NOT NULL,
    created_by_id integer,
    customer_id bigint,
    deleted_at timestamp with time zone,
    is_deleted boolean NOT NULL,
    salesperson character varying(100),
    store_id bigint
);


--
-- Name: quotations_id_seq; Type: SEQUENCE; Schema: public; Owner: -
--

ALTER TABLE public.quotations ALTER COLUMN id ADD GENERATED BY DEFAULT AS IDENTITY (
    SEQUENCE NAME public.quotations_id_seq
    START WITH 1
    INCREMENT BY 1
    NO MINVALUE
    NO MAXVALUE
    CACHE 1
);


--
-- Name: receipt_items; Type: TABLE; Schema: public; Owner: -
--

CREATE TABLE public.receipt_items (
    id bigint NOT NULL,
    quantity integer NOT NULL,
    unit_price numeric(15,0) NOT NULL,
    total_price numeric(15,0) NOT NULL,
    product_id bigint NOT NULL,
    receipt_id bigint NOT NULL
);


--
-- Name: receipt_items_id_seq; Type: SEQUENCE; Schema: public; Owner: -
--

ALTER TABLE public.receipt_items ALTER COLUMN id ADD GENERATED BY DEFAULT AS IDENTITY (
    SEQUENCE NAME public.receipt_items_id_seq
    START WITH 1
    INCREMENT BY 1
    NO MINVALUE
    NO MAXVALUE
    CACHE 1
);


--
-- Name: receipts; Type: TABLE; Schema: public; Owner: -
--

CREATE TABLE public.receipts (
    id bigint NOT NULL,
    code character varying(50) NOT NULL,
    amount numeric(18,0) NOT NULL,
    description text,
    receipt_date date NOT NULL,
    reference character varying(100),
    status integer NOT NULL,
    note text,
    created_at timestamp with time zone NOT NULL,
    updated_at timestamp with time zone NOT NULL,
    cash_book_id bigint,
    category_id bigint,
    created_by_id integer,
    customer_id bigint,
    deleted_at timestamp with time zone,
    is_deleted boolean NOT NULL,
    order_id bigint,
    payment_method integer NOT NULL,
    store_id bigint
);


--
-- Name: receipts_id_seq; Type: SEQUENCE; Schema: public; Owner: -
--

ALTER TABLE public.receipts ALTER COLUMN id ADD GENERATED BY DEFAULT AS IDENTITY (
    SEQUENCE NAME public.receipts_id_seq
    START WITH 1
    INCREMENT BY 1
    NO MINVALUE
    NO MAXVALUE
    CACHE 1
);


--
-- Name: role_groups; Type: TABLE; Schema: public; Owner: -
--

CREATE TABLE public.role_groups (
    id bigint NOT NULL,
    name character varying(100) NOT NULL,
    description text,
    is_active boolean NOT NULL,
    created_at timestamp with time zone NOT NULL,
    group_id integer NOT NULL
);


--
-- Name: role_groups_id_seq; Type: SEQUENCE; Schema: public; Owner: -
--

ALTER TABLE public.role_groups ALTER COLUMN id ADD GENERATED BY DEFAULT AS IDENTITY (
    SEQUENCE NAME public.role_groups_id_seq
    START WITH 1
    INCREMENT BY 1
    NO MINVALUE
    NO MAXVALUE
    CACHE 1
);


--
-- Name: service_prices; Type: TABLE; Schema: public; Owner: -
--

CREATE TABLE public.service_prices (
    id bigint NOT NULL,
    name character varying(255) NOT NULL,
    price numeric(15,0) NOT NULL,
    unit character varying(50),
    description text,
    is_active boolean NOT NULL,
    created_at timestamp with time zone NOT NULL,
    updated_at timestamp with time zone NOT NULL
);


--
-- Name: service_prices_id_seq; Type: SEQUENCE; Schema: public; Owner: -
--

ALTER TABLE public.service_prices ALTER COLUMN id ADD GENERATED BY DEFAULT AS IDENTITY (
    SEQUENCE NAME public.service_prices_id_seq
    START WITH 1
    INCREMENT BY 1
    NO MINVALUE
    NO MAXVALUE
    CACHE 1
);


--
-- Name: socialaccount_socialaccount; Type: TABLE; Schema: public; Owner: -
--

CREATE TABLE public.socialaccount_socialaccount (
    id integer NOT NULL,
    provider character varying(200) NOT NULL,
    uid character varying(191) NOT NULL,
    last_login timestamp with time zone NOT NULL,
    date_joined timestamp with time zone NOT NULL,
    extra_data jsonb NOT NULL,
    user_id integer NOT NULL
);


--
-- Name: socialaccount_socialaccount_id_seq; Type: SEQUENCE; Schema: public; Owner: -
--

ALTER TABLE public.socialaccount_socialaccount ALTER COLUMN id ADD GENERATED BY DEFAULT AS IDENTITY (
    SEQUENCE NAME public.socialaccount_socialaccount_id_seq
    START WITH 1
    INCREMENT BY 1
    NO MINVALUE
    NO MAXVALUE
    CACHE 1
);


--
-- Name: socialaccount_socialapp; Type: TABLE; Schema: public; Owner: -
--

CREATE TABLE public.socialaccount_socialapp (
    id integer NOT NULL,
    provider character varying(30) NOT NULL,
    name character varying(40) NOT NULL,
    client_id character varying(191) NOT NULL,
    secret character varying(191) NOT NULL,
    key character varying(191) NOT NULL,
    provider_id character varying(200) NOT NULL,
    settings jsonb NOT NULL
);


--
-- Name: socialaccount_socialapp_id_seq; Type: SEQUENCE; Schema: public; Owner: -
--

ALTER TABLE public.socialaccount_socialapp ALTER COLUMN id ADD GENERATED BY DEFAULT AS IDENTITY (
    SEQUENCE NAME public.socialaccount_socialapp_id_seq
    START WITH 1
    INCREMENT BY 1
    NO MINVALUE
    NO MAXVALUE
    CACHE 1
);


--
-- Name: socialaccount_socialapp_sites; Type: TABLE; Schema: public; Owner: -
--

CREATE TABLE public.socialaccount_socialapp_sites (
    id bigint NOT NULL,
    socialapp_id integer NOT NULL,
    site_id integer NOT NULL
);


--
-- Name: socialaccount_socialapp_sites_id_seq; Type: SEQUENCE; Schema: public; Owner: -
--

ALTER TABLE public.socialaccount_socialapp_sites ALTER COLUMN id ADD GENERATED BY DEFAULT AS IDENTITY (
    SEQUENCE NAME public.socialaccount_socialapp_sites_id_seq
    START WITH 1
    INCREMENT BY 1
    NO MINVALUE
    NO MAXVALUE
    CACHE 1
);


--
-- Name: socialaccount_socialtoken; Type: TABLE; Schema: public; Owner: -
--

CREATE TABLE public.socialaccount_socialtoken (
    id integer NOT NULL,
    token text NOT NULL,
    token_secret text NOT NULL,
    expires_at timestamp with time zone,
    account_id integer NOT NULL,
    app_id integer
);


--
-- Name: socialaccount_socialtoken_id_seq; Type: SEQUENCE; Schema: public; Owner: -
--

ALTER TABLE public.socialaccount_socialtoken ALTER COLUMN id ADD GENERATED BY DEFAULT AS IDENTITY (
    SEQUENCE NAME public.socialaccount_socialtoken_id_seq
    START WITH 1
    INCREMENT BY 1
    NO MINVALUE
    NO MAXVALUE
    CACHE 1
);


--
-- Name: spa_booking_items; Type: TABLE; Schema: public; Owner: -
--

CREATE TABLE public.spa_booking_items (
    id bigint NOT NULL,
    quantity integer NOT NULL,
    unit_price numeric(15,0) NOT NULL,
    total_price numeric(15,0) NOT NULL,
    commission_amount numeric(15,0) NOT NULL,
    booking_id bigint NOT NULL,
    service_id bigint NOT NULL,
    staff_id bigint
);


--
-- Name: spa_booking_items_id_seq; Type: SEQUENCE; Schema: public; Owner: -
--

ALTER TABLE public.spa_booking_items ALTER COLUMN id ADD GENERATED BY DEFAULT AS IDENTITY (
    SEQUENCE NAME public.spa_booking_items_id_seq
    START WITH 1
    INCREMENT BY 1
    NO MINVALUE
    NO MAXVALUE
    CACHE 1
);


--
-- Name: spa_bookings; Type: TABLE; Schema: public; Owner: -
--

CREATE TABLE public.spa_bookings (
    id bigint NOT NULL,
    code character varying(20) NOT NULL,
    customer_name character varying(255),
    customer_phone character varying(20),
    booking_date date NOT NULL,
    start_time time without time zone NOT NULL,
    end_time time without time zone,
    status integer NOT NULL,
    total_amount numeric(15,0) NOT NULL,
    discount_amount numeric(15,0) NOT NULL,
    final_amount numeric(15,0) NOT NULL,
    paid_amount numeric(15,0) NOT NULL,
    commission_amount numeric(15,0) NOT NULL,
    note text,
    created_at timestamp with time zone NOT NULL,
    updated_at timestamp with time zone NOT NULL,
    created_by_id integer,
    customer_id bigint,
    room_id bigint,
    staff_id bigint,
    store_id bigint
);


--
-- Name: spa_bookings_id_seq; Type: SEQUENCE; Schema: public; Owner: -
--

ALTER TABLE public.spa_bookings ALTER COLUMN id ADD GENERATED BY DEFAULT AS IDENTITY (
    SEQUENCE NAME public.spa_bookings_id_seq
    START WITH 1
    INCREMENT BY 1
    NO MINVALUE
    NO MAXVALUE
    CACHE 1
);


--
-- Name: spa_rooms; Type: TABLE; Schema: public; Owner: -
--

CREATE TABLE public.spa_rooms (
    id bigint NOT NULL,
    name character varying(100) NOT NULL,
    room_type integer NOT NULL,
    status integer NOT NULL,
    max_capacity integer NOT NULL,
    note text,
    is_active boolean NOT NULL
);


--
-- Name: spa_rooms_id_seq; Type: SEQUENCE; Schema: public; Owner: -
--

ALTER TABLE public.spa_rooms ALTER COLUMN id ADD GENERATED BY DEFAULT AS IDENTITY (
    SEQUENCE NAME public.spa_rooms_id_seq
    START WITH 1
    INCREMENT BY 1
    NO MINVALUE
    NO MAXVALUE
    CACHE 1
);


--
-- Name: spa_service_categories; Type: TABLE; Schema: public; Owner: -
--

CREATE TABLE public.spa_service_categories (
    id bigint NOT NULL,
    name character varying(255) NOT NULL,
    description text,
    is_active boolean NOT NULL
);


--
-- Name: spa_service_categories_id_seq; Type: SEQUENCE; Schema: public; Owner: -
--

ALTER TABLE public.spa_service_categories ALTER COLUMN id ADD GENERATED BY DEFAULT AS IDENTITY (
    SEQUENCE NAME public.spa_service_categories_id_seq
    START WITH 1
    INCREMENT BY 1
    NO MINVALUE
    NO MAXVALUE
    CACHE 1
);


--
-- Name: spa_services; Type: TABLE; Schema: public; Owner: -
--

CREATE TABLE public.spa_services (
    id bigint NOT NULL,
    code character varying(20) NOT NULL,
    name character varying(255) NOT NULL,
    duration_minutes integer NOT NULL,
    price numeric(15,0) NOT NULL,
    commission_rate numeric(5,2) NOT NULL,
    description text,
    image character varying(100),
    is_active boolean NOT NULL,
    created_at timestamp with time zone NOT NULL,
    category_id bigint
);


--
-- Name: spa_services_id_seq; Type: SEQUENCE; Schema: public; Owner: -
--

ALTER TABLE public.spa_services ALTER COLUMN id ADD GENERATED BY DEFAULT AS IDENTITY (
    SEQUENCE NAME public.spa_services_id_seq
    START WITH 1
    INCREMENT BY 1
    NO MINVALUE
    NO MAXVALUE
    CACHE 1
);


--
-- Name: spa_staff; Type: TABLE; Schema: public; Owner: -
--

CREATE TABLE public.spa_staff (
    id bigint NOT NULL,
    code character varying(20) NOT NULL,
    name character varying(255) NOT NULL,
    phone character varying(20),
    "position" integer NOT NULL,
    commission_rate numeric(5,2) NOT NULL,
    avatar character varying(100),
    note text,
    is_active boolean NOT NULL,
    created_at timestamp with time zone NOT NULL
);


--
-- Name: spa_staff_id_seq; Type: SEQUENCE; Schema: public; Owner: -
--

ALTER TABLE public.spa_staff ALTER COLUMN id ADD GENERATED BY DEFAULT AS IDENTITY (
    SEQUENCE NAME public.spa_staff_id_seq
    START WITH 1
    INCREMENT BY 1
    NO MINVALUE
    NO MAXVALUE
    CACHE 1
);


--
-- Name: stock_alerts; Type: TABLE; Schema: public; Owner: -
--

CREATE TABLE public.stock_alerts (
    id bigint NOT NULL,
    email_recipients text NOT NULL,
    alert_on_min boolean NOT NULL,
    alert_on_max boolean NOT NULL,
    is_active boolean NOT NULL,
    last_sent timestamp with time zone,
    created_at timestamp with time zone NOT NULL,
    updated_at timestamp with time zone NOT NULL
);


--
-- Name: stock_alerts_id_seq; Type: SEQUENCE; Schema: public; Owner: -
--

ALTER TABLE public.stock_alerts ALTER COLUMN id ADD GENERATED BY DEFAULT AS IDENTITY (
    SEQUENCE NAME public.stock_alerts_id_seq
    START WITH 1
    INCREMENT BY 1
    NO MINVALUE
    NO MAXVALUE
    CACHE 1
);


--
-- Name: stock_check_items; Type: TABLE; Schema: public; Owner: -
--

CREATE TABLE public.stock_check_items (
    id bigint NOT NULL,
    system_quantity numeric(15,2) NOT NULL,
    actual_quantity numeric(15,2) NOT NULL,
    difference numeric(15,2) NOT NULL,
    note text,
    product_id bigint NOT NULL,
    stock_check_id bigint NOT NULL,
    variant_id bigint
);


--
-- Name: stock_check_items_id_seq; Type: SEQUENCE; Schema: public; Owner: -
--

ALTER TABLE public.stock_check_items ALTER COLUMN id ADD GENERATED BY DEFAULT AS IDENTITY (
    SEQUENCE NAME public.stock_check_items_id_seq
    START WITH 1
    INCREMENT BY 1
    NO MINVALUE
    NO MAXVALUE
    CACHE 1
);


--
-- Name: stock_checks; Type: TABLE; Schema: public; Owner: -
--

CREATE TABLE public.stock_checks (
    id bigint NOT NULL,
    code character varying(50) NOT NULL,
    status integer NOT NULL,
    check_date date NOT NULL,
    note text,
    created_at timestamp with time zone NOT NULL,
    updated_at timestamp with time zone NOT NULL,
    created_by_id integer,
    warehouse_id bigint,
    deleted_at timestamp with time zone,
    is_deleted boolean NOT NULL
);


--
-- Name: stock_checks_id_seq; Type: SEQUENCE; Schema: public; Owner: -
--

ALTER TABLE public.stock_checks ALTER COLUMN id ADD GENERATED BY DEFAULT AS IDENTITY (
    SEQUENCE NAME public.stock_checks_id_seq
    START WITH 1
    INCREMENT BY 1
    NO MINVALUE
    NO MAXVALUE
    CACHE 1
);


--
-- Name: stock_transfer_items; Type: TABLE; Schema: public; Owner: -
--

CREATE TABLE public.stock_transfer_items (
    id bigint NOT NULL,
    quantity numeric(15,2) NOT NULL,
    product_id bigint NOT NULL,
    transfer_id bigint NOT NULL,
    variant_id bigint
);


--
-- Name: stock_transfer_items_id_seq; Type: SEQUENCE; Schema: public; Owner: -
--

ALTER TABLE public.stock_transfer_items ALTER COLUMN id ADD GENERATED BY DEFAULT AS IDENTITY (
    SEQUENCE NAME public.stock_transfer_items_id_seq
    START WITH 1
    INCREMENT BY 1
    NO MINVALUE
    NO MAXVALUE
    CACHE 1
);


--
-- Name: stock_transfers; Type: TABLE; Schema: public; Owner: -
--

CREATE TABLE public.stock_transfers (
    id bigint NOT NULL,
    code character varying(50) NOT NULL,
    status integer NOT NULL,
    transfer_date date NOT NULL,
    note text,
    created_at timestamp with time zone NOT NULL,
    updated_at timestamp with time zone NOT NULL,
    created_by_id integer,
    from_warehouse_id bigint,
    to_warehouse_id bigint,
    deleted_at timestamp with time zone,
    is_deleted boolean NOT NULL
);


--
-- Name: stock_transfers_id_seq; Type: SEQUENCE; Schema: public; Owner: -
--

ALTER TABLE public.stock_transfers ALTER COLUMN id ADD GENERATED BY DEFAULT AS IDENTITY (
    SEQUENCE NAME public.stock_transfers_id_seq
    START WITH 1
    INCREMENT BY 1
    NO MINVALUE
    NO MAXVALUE
    CACHE 1
);


--
-- Name: stores; Type: TABLE; Schema: public; Owner: -
--

CREATE TABLE public.stores (
    id bigint NOT NULL,
    name character varying(255) NOT NULL,
    code character varying(20) NOT NULL,
    phone character varying(20),
    email character varying(254),
    address text,
    city character varying(100),
    district character varying(100),
    open_time time without time zone,
    close_time time without time zone,
    is_active boolean NOT NULL,
    created_at timestamp with time zone NOT NULL,
    updated_at timestamp with time zone NOT NULL,
    brand_id bigint NOT NULL,
    manager_id integer
);


--
-- Name: stores_id_seq; Type: SEQUENCE; Schema: public; Owner: -
--

ALTER TABLE public.stores ALTER COLUMN id ADD GENERATED BY DEFAULT AS IDENTITY (
    SEQUENCE NAME public.stores_id_seq
    START WITH 1
    INCREMENT BY 1
    NO MINVALUE
    NO MAXVALUE
    CACHE 1
);


--
-- Name: suppliers; Type: TABLE; Schema: public; Owner: -
--

CREATE TABLE public.suppliers (
    id bigint NOT NULL,
    code character varying(50) NOT NULL,
    name character varying(255) NOT NULL,
    phone character varying(20),
    email character varying(254),
    address text,
    tax_code character varying(20),
    contact_person character varying(100),
    note text,
    is_active boolean NOT NULL,
    created_at timestamp with time zone NOT NULL,
    updated_at timestamp with time zone NOT NULL,
    created_by_id integer,
    deleted_at timestamp with time zone,
    is_deleted boolean NOT NULL
);


--
-- Name: suppliers_id_seq; Type: SEQUENCE; Schema: public; Owner: -
--

ALTER TABLE public.suppliers ALTER COLUMN id ADD GENERATED BY DEFAULT AS IDENTITY (
    SEQUENCE NAME public.suppliers_id_seq
    START WITH 1
    INCREMENT BY 1
    NO MINVALUE
    NO MAXVALUE
    CACHE 1
);


--
-- Name: system_logs; Type: TABLE; Schema: public; Owner: -
--

CREATE TABLE public.system_logs (
    id bigint NOT NULL,
    action character varying(20) NOT NULL,
    module character varying(50) NOT NULL,
    description text,
    object_id character varying(100),
    old_data jsonb,
    new_data jsonb,
    ip_address inet,
    created_at timestamp with time zone NOT NULL,
    user_id integer
);


--
-- Name: system_logs_id_seq; Type: SEQUENCE; Schema: public; Owner: -
--

ALTER TABLE public.system_logs ALTER COLUMN id ADD GENERATED BY DEFAULT AS IDENTITY (
    SEQUENCE NAME public.system_logs_id_seq
    START WITH 1
    INCREMENT BY 1
    NO MINVALUE
    NO MAXVALUE
    CACHE 1
);


--
-- Name: user_profiles; Type: TABLE; Schema: public; Owner: -
--

CREATE TABLE public.user_profiles (
    id bigint NOT NULL,
    phone character varying(20),
    avatar character varying(100),
    address text,
    department character varying(100),
    "position" character varying(100),
    created_at timestamp with time zone NOT NULL,
    updated_at timestamp with time zone NOT NULL,
    user_id integer NOT NULL,
    store_id bigint
);


--
-- Name: user_profiles_id_seq; Type: SEQUENCE; Schema: public; Owner: -
--

ALTER TABLE public.user_profiles ALTER COLUMN id ADD GENERATED BY DEFAULT AS IDENTITY (
    SEQUENCE NAME public.user_profiles_id_seq
    START WITH 1
    INCREMENT BY 1
    NO MINVALUE
    NO MAXVALUE
    CACHE 1
);


--
-- Name: warehouses; Type: TABLE; Schema: public; Owner: -
--

CREATE TABLE public.warehouses (
    id bigint NOT NULL,
    code character varying(50) NOT NULL,
    name character varying(255) NOT NULL,
    address text,
    is_active boolean NOT NULL,
    created_at timestamp with time zone NOT NULL,
    manager_id integer,
    deleted_at timestamp with time zone,
    is_deleted boolean NOT NULL,
    store_id bigint
);


--
-- Name: warehouses_id_seq; Type: SEQUENCE; Schema: public; Owner: -
--

ALTER TABLE public.warehouses ALTER COLUMN id ADD GENERATED BY DEFAULT AS IDENTITY (
    SEQUENCE NAME public.warehouses_id_seq
    START WITH 1
    INCREMENT BY 1
    NO MINVALUE
    NO MAXVALUE
    CACHE 1
);


--
-- Data for Name: account_emailaddress; Type: TABLE DATA; Schema: public; Owner: -
--

COPY public.account_emailaddress (id, email, verified, "primary", user_id) FROM stdin;
\.


--
-- Data for Name: account_emailconfirmation; Type: TABLE DATA; Schema: public; Owner: -
--

COPY public.account_emailconfirmation (id, created, sent, key, email_address_id) FROM stdin;
\.


--
-- Data for Name: auth_group; Type: TABLE DATA; Schema: public; Owner: -
--

COPY public.auth_group (id, name) FROM stdin;
\.


--
-- Data for Name: auth_group_permissions; Type: TABLE DATA; Schema: public; Owner: -
--

COPY public.auth_group_permissions (id, group_id, permission_id) FROM stdin;
\.


--
-- Data for Name: auth_permission; Type: TABLE DATA; Schema: public; Owner: -
--

COPY public.auth_permission (id, name, content_type_id, codename) FROM stdin;
1	Can add log entry	1	add_logentry
2	Can change log entry	1	change_logentry
3	Can delete log entry	1	delete_logentry
4	Can view log entry	1	view_logentry
5	Can add permission	3	add_permission
6	Can change permission	3	change_permission
7	Can delete permission	3	delete_permission
8	Can view permission	3	view_permission
9	Can add group	2	add_group
10	Can change group	2	change_group
11	Can delete group	2	delete_group
12	Can view group	2	view_group
13	Can add user	4	add_user
14	Can change user	4	change_user
15	Can delete user	4	delete_user
16	Can view user	4	view_user
17	Can add content type	5	add_contenttype
18	Can change content type	5	change_contenttype
19	Can delete content type	5	delete_contenttype
20	Can view content type	5	view_contenttype
21	Can add session	6	add_session
22	Can change session	6	change_session
23	Can delete session	6	delete_session
24	Can view session	6	view_session
25	Can add Token	7	add_token
26	Can change Token	7	change_token
27	Can delete Token	7	delete_token
28	Can view Token	7	view_token
29	Can add Token	8	add_tokenproxy
30	Can change Token	8	change_tokenproxy
31	Can delete Token	8	delete_tokenproxy
32	Can view Token	8	view_tokenproxy
33	Can add site	9	add_site
34	Can change site	9	change_site
35	Can delete site	9	delete_site
36	Can view site	9	view_site
37	Can add email address	10	add_emailaddress
38	Can change email address	10	change_emailaddress
39	Can delete email address	10	delete_emailaddress
40	Can view email address	10	view_emailaddress
41	Can add email confirmation	11	add_emailconfirmation
42	Can change email confirmation	11	change_emailconfirmation
43	Can delete email confirmation	11	delete_emailconfirmation
44	Can view email confirmation	11	view_emailconfirmation
45	Can add social account	12	add_socialaccount
46	Can change social account	12	change_socialaccount
47	Can delete social account	12	delete_socialaccount
48	Can view social account	12	view_socialaccount
49	Can add social application	13	add_socialapp
50	Can change social application	13	change_socialapp
51	Can delete social application	13	delete_socialapp
52	Can view social application	13	view_socialapp
53	Can add social application token	14	add_socialtoken
54	Can change social application token	14	change_socialtoken
55	Can delete social application token	14	delete_socialtoken
56	Can view social application token	14	view_socialtoken
57	Can add Phiếu nhập kho	16	add_goodsreceipt
58	Can change Phiếu nhập kho	16	change_goodsreceipt
59	Can delete Phiếu nhập kho	16	delete_goodsreceipt
60	Can view Phiếu nhập kho	16	view_goodsreceipt
61	Can add Sản phẩm	18	add_product
62	Can change Sản phẩm	18	change_product
63	Can delete Sản phẩm	18	delete_product
64	Can view Sản phẩm	18	view_product
65	Can add Chi tiết phiếu nhập	17	add_goodsreceiptitem
66	Can change Chi tiết phiếu nhập	17	change_goodsreceiptitem
67	Can delete Chi tiết phiếu nhập	17	delete_goodsreceiptitem
68	Can view Chi tiết phiếu nhập	17	view_goodsreceiptitem
69	Can add Điều chỉnh giá vốn	15	add_costadjustment
70	Can change Điều chỉnh giá vốn	15	change_costadjustment
71	Can delete Điều chỉnh giá vốn	15	delete_costadjustment
72	Can view Điều chỉnh giá vốn	15	view_costadjustment
73	Can add Danh mục sản phẩm	19	add_productcategory
74	Can change Danh mục sản phẩm	19	change_productcategory
75	Can delete Danh mục sản phẩm	19	delete_productcategory
76	Can view Danh mục sản phẩm	19	view_productcategory
77	Can add Đơn đặt hàng nhập	21	add_purchaseorder
78	Can change Đơn đặt hàng nhập	21	change_purchaseorder
79	Can delete Đơn đặt hàng nhập	21	delete_purchaseorder
80	Can view Đơn đặt hàng nhập	21	view_purchaseorder
81	Can add Chi tiết đơn đặt hàng	22	add_purchaseorderitem
82	Can change Chi tiết đơn đặt hàng	22	change_purchaseorderitem
83	Can delete Chi tiết đơn đặt hàng	22	delete_purchaseorderitem
84	Can view Chi tiết đơn đặt hàng	22	view_purchaseorderitem
85	Can add Phiếu kiểm kê	23	add_stockcheck
86	Can change Phiếu kiểm kê	23	change_stockcheck
87	Can delete Phiếu kiểm kê	23	delete_stockcheck
88	Can view Phiếu kiểm kê	23	view_stockcheck
89	Can add Chi tiết kiểm kê	24	add_stockcheckitem
90	Can change Chi tiết kiểm kê	24	change_stockcheckitem
91	Can delete Chi tiết kiểm kê	24	delete_stockcheckitem
92	Can view Chi tiết kiểm kê	24	view_stockcheckitem
93	Can add Phiếu chuyển kho	25	add_stocktransfer
94	Can change Phiếu chuyển kho	25	change_stocktransfer
95	Can delete Phiếu chuyển kho	25	delete_stocktransfer
96	Can view Phiếu chuyển kho	25	view_stocktransfer
97	Can add Chi tiết chuyển kho	26	add_stocktransferitem
98	Can change Chi tiết chuyển kho	26	change_stocktransferitem
99	Can delete Chi tiết chuyển kho	26	delete_stocktransferitem
100	Can view Chi tiết chuyển kho	26	view_stocktransferitem
101	Can add Nhà cung cấp	27	add_supplier
102	Can change Nhà cung cấp	27	change_supplier
103	Can delete Nhà cung cấp	27	delete_supplier
104	Can view Nhà cung cấp	27	view_supplier
105	Can add Kho	28	add_warehouse
106	Can change Kho	28	change_warehouse
107	Can delete Kho	28	delete_warehouse
108	Can view Kho	28	view_warehouse
109	Can add Tồn kho	20	add_productstock
110	Can change Tồn kho	20	change_productstock
111	Can delete Tồn kho	20	delete_productstock
112	Can view Tồn kho	20	view_productstock
113	Can add Nhóm khách hàng	30	add_customergroup
114	Can change Nhóm khách hàng	30	change_customergroup
115	Can delete Nhóm khách hàng	30	delete_customergroup
116	Can view Nhóm khách hàng	30	view_customergroup
117	Can add Khách hàng	29	add_customer
118	Can change Khách hàng	29	change_customer
119	Can delete Khách hàng	29	delete_customer
120	Can view Khách hàng	29	view_customer
121	Can add Đơn hàng	31	add_order
122	Can change Đơn hàng	31	change_order
123	Can delete Đơn hàng	31	delete_order
124	Can view Đơn hàng	31	view_order
125	Can add Chi tiết đơn hàng	32	add_orderitem
126	Can change Chi tiết đơn hàng	32	change_orderitem
127	Can delete Chi tiết đơn hàng	32	delete_orderitem
128	Can view Chi tiết đơn hàng	32	view_orderitem
129	Can add Phiếu trả hàng	33	add_orderreturn
130	Can change Phiếu trả hàng	33	change_orderreturn
131	Can delete Phiếu trả hàng	33	delete_orderreturn
132	Can view Phiếu trả hàng	33	view_orderreturn
133	Can add Chi tiết trả hàng	34	add_orderreturnitem
134	Can change Chi tiết trả hàng	34	change_orderreturnitem
135	Can delete Chi tiết trả hàng	34	delete_orderreturnitem
136	Can view Chi tiết trả hàng	34	view_orderreturnitem
137	Can add Đóng gói	35	add_packaging
138	Can change Đóng gói	35	change_packaging
139	Can delete Đóng gói	35	delete_packaging
140	Can view Đóng gói	35	view_packaging
141	Can add Báo giá	36	add_quotation
142	Can change Báo giá	36	change_quotation
143	Can delete Báo giá	36	delete_quotation
144	Can view Báo giá	36	view_quotation
145	Can add Chi tiết báo giá	37	add_quotationitem
146	Can change Chi tiết báo giá	37	change_quotationitem
147	Can delete Chi tiết báo giá	37	delete_quotationitem
148	Can view Chi tiết báo giá	37	view_quotationitem
149	Can add Quỹ	38	add_cashbook
150	Can change Quỹ	38	change_cashbook
151	Can delete Quỹ	38	delete_cashbook
152	Can view Quỹ	38	view_cashbook
153	Can add Danh mục thu chi	39	add_financecategory
154	Can change Danh mục thu chi	39	change_financecategory
155	Can delete Danh mục thu chi	39	delete_financecategory
156	Can view Danh mục thu chi	39	view_financecategory
157	Can add Phiếu chi	40	add_payment
158	Can change Phiếu chi	40	change_payment
159	Can delete Phiếu chi	40	delete_payment
160	Can view Phiếu chi	40	view_payment
161	Can add Phiếu thu	41	add_receipt
162	Can change Phiếu thu	41	change_receipt
163	Can delete Phiếu thu	41	delete_receipt
164	Can view Phiếu thu	41	view_receipt
165	Can add Cấu hình cảnh báo tồn kho	42	add_stockalert
166	Can change Cấu hình cảnh báo tồn kho	42	change_stockalert
167	Can delete Cấu hình cảnh báo tồn kho	42	delete_stockalert
168	Can view Cấu hình cảnh báo tồn kho	42	view_stockalert
169	Can add Giá dịch vụ	46	add_serviceprice
170	Can change Giá dịch vụ	46	change_serviceprice
171	Can delete Giá dịch vụ	46	delete_serviceprice
172	Can view Giá dịch vụ	46	view_serviceprice
173	Can add Phân quyền dữ liệu	43	add_datapermission
174	Can change Phân quyền dữ liệu	43	change_datapermission
175	Can delete Phân quyền dữ liệu	43	delete_datapermission
176	Can view Phân quyền dữ liệu	43	view_datapermission
177	Can add Nhóm vai trò	45	add_rolegroup
178	Can change Nhóm vai trò	45	change_rolegroup
179	Can delete Nhóm vai trò	45	delete_rolegroup
180	Can view Nhóm vai trò	45	view_rolegroup
181	Can add Log hệ thống	47	add_systemlog
182	Can change Log hệ thống	47	change_systemlog
183	Can delete Log hệ thống	47	delete_systemlog
184	Can view Log hệ thống	47	view_systemlog
185	Can add Hồ sơ người dùng	48	add_userprofile
186	Can change Hồ sơ người dùng	48	change_userprofile
187	Can delete Hồ sơ người dùng	48	delete_userprofile
188	Can view Hồ sơ người dùng	48	view_userprofile
189	Can add Phân quyền module	44	add_modulepermission
190	Can change Phân quyền module	44	change_modulepermission
191	Can delete Phân quyền module	44	delete_modulepermission
192	Can view Phân quyền module	44	view_modulepermission
193	Can add Chi tiết phiếu thu	49	add_receiptitem
194	Can change Chi tiết phiếu thu	49	change_receiptitem
195	Can delete Chi tiết phiếu thu	49	delete_receiptitem
196	Can view Chi tiết phiếu thu	49	view_receiptitem
197	Can add Biến thể sản phẩm	50	add_productvariant
198	Can change Biến thể sản phẩm	50	change_productvariant
199	Can delete Biến thể sản phẩm	50	delete_productvariant
200	Can view Biến thể sản phẩm	50	view_productvariant
201	Can add Cài đặt máy in	51	add_printersetting
202	Can change Cài đặt máy in	51	change_printersetting
203	Can delete Cài đặt máy in	51	delete_printersetting
204	Can view Cài đặt máy in	51	view_printersetting
205	Can add Nhân viên	57	add_staff
206	Can change Nhân viên	57	change_staff
207	Can delete Nhân viên	57	delete_staff
208	Can view Nhân viên	57	view_staff
209	Can add Phòng	54	add_room
210	Can change Phòng	54	change_room
211	Can delete Phòng	54	delete_room
212	Can view Phòng	54	view_room
213	Can add Lịch hẹn	52	add_booking
214	Can change Lịch hẹn	52	change_booking
215	Can delete Lịch hẹn	52	delete_booking
216	Can view Lịch hẹn	52	view_booking
217	Can add Dịch vụ	55	add_service
218	Can change Dịch vụ	55	change_service
219	Can delete Dịch vụ	55	delete_service
220	Can view Dịch vụ	55	view_service
221	Can add Chi tiết dịch vụ	53	add_bookingitem
222	Can change Chi tiết dịch vụ	53	change_bookingitem
223	Can delete Chi tiết dịch vụ	53	delete_bookingitem
224	Can view Chi tiết dịch vụ	53	view_bookingitem
225	Can add Nhóm dịch vụ	56	add_servicecategory
226	Can change Nhóm dịch vụ	56	change_servicecategory
227	Can delete Nhóm dịch vụ	56	delete_servicecategory
228	Can view Nhóm dịch vụ	56	view_servicecategory
229	Can add Cấu hình mô hình KD	58	add_businessconfig
230	Can change Cấu hình mô hình KD	58	change_businessconfig
231	Can delete Cấu hình mô hình KD	58	delete_businessconfig
232	Can view Cấu hình mô hình KD	58	view_businessconfig
233	Can add Cửa hàng	60	add_store
234	Can change Cửa hàng	60	change_store
235	Can delete Cửa hàng	60	delete_store
236	Can view Cửa hàng	60	view_store
237	Can add Thương hiệu	59	add_brand
238	Can change Thương hiệu	59	change_brand
239	Can delete Thương hiệu	59	delete_brand
240	Can view Thương hiệu	59	view_brand
241	Can add Thành phần combo	61	add_comboitem
242	Can change Thành phần combo	61	change_comboitem
243	Can delete Thành phần combo	61	delete_comboitem
244	Can view Thành phần combo	61	view_comboitem
245	Can add Giao dịch điểm	63	add_pointtransaction
246	Can change Giao dịch điểm	63	change_pointtransaction
247	Can delete Giao dịch điểm	63	delete_pointtransaction
248	Can view Giao dịch điểm	63	view_pointtransaction
249	Can add Bàn cafe	62	add_cafetable
250	Can change Bàn cafe	62	change_cafetable
251	Can delete Bàn cafe	62	delete_cafetable
252	Can view Bàn cafe	62	view_cafetable
\.


--
-- Data for Name: auth_user; Type: TABLE DATA; Schema: public; Owner: -
--

COPY public.auth_user (id, password, last_login, is_superuser, username, first_name, last_name, email, is_staff, is_active, date_joined) FROM stdin;
3	pbkdf2_sha256$1200000$TQ5y5TUgur6LCi9f4YXuzi$0axZJ/Ax8RSkj80kVTHavG7vFlwMtuBTfYZfaSVGL3A=	\N	f	nhanvien1	Nguyễn Văn	An	an@company.com	t	t	2026-03-14 16:59:34.772373+07
4	pbkdf2_sha256$1200000$GG5QTFQiHKEqcMlDBo2rhT$iHypl7FDVEvBTNrfIRFw18gL5UihY91NN+2tOu1QCK0=	\N	f	nhanvien2	Trần Thị	Bình	binh@company.com	t	t	2026-03-14 16:59:35.072052+07
6	pbkdf2_sha256$1200000$tQvrUyorJIHgLLddhvnmK4$WmHOKIBPZjB7wPxq/wfyxk3g7cde+tFpuILPD/FizO8=	\N	f	nhanvien_q1	Nhân	Trần Thị		f	t	2026-03-17 12:52:50.390219+07
7	pbkdf2_sha256$1200000$3ruRV4wbnwg2cjrVsPOZvC$CcpWHEnrTySDhW0akBQpb2zXdO98n7J6YKe6DXknYXs=	\N	f	quanly_q7	Minh	Lê Văn		f	t	2026-03-17 12:52:50.688476+07
8	pbkdf2_sha256$1200000$fSxC88OsWdKPEs1WJcTOKN$oeJkW1RlhiSIk4oBMHUuF4BqkEg7fLMWXw/wsc/8/ew=	\N	f	nhanvien_q7	Hà	Phạm Thị		f	t	2026-03-17 12:52:50.986152+07
10	pbkdf2_sha256$1200000$ZSEYJrG1AS633PVebvct7J$h2E1eQNFWm+sRbLr1vRlnwOOU3HYhslDutlmWamhWAY=	\N	f	admin_pho36	Admin	Phở SG 36		t	t	2026-03-17 14:24:34.516357+07
2	pbkdf2_sha256$600000$OYauozrAWMmwJJrgMBp6kq$yKbqmu4pVCwo+5JWA4cw64clPZ3tTbUMIaFV8ED9lWc=	2026-04-13 13:24:15.093482+07	t	admin			admin@example.com	t	t	2026-03-14 09:36:29.593819+07
9	pbkdf2_sha256$600000$fUVOZDIV24J92J5E0NB0sg$oI8kQdT2JMwDKW0SOBkt8jWzzH+B5JDuA0w2W/T28ps=	2026-04-13 13:43:52.344549+07	f	admin_digimart	Admin	DigiMart		t	t	2026-03-17 14:24:34.219354+07
5	pbkdf2_sha256$600000$HtvvXcFXjGy7jKGJz21IMg$KAvU6TwPPRpXC1L1CvQUTVeazpglk8C9ua2A+nQIlfk=	2026-03-19 15:29:31.06726+07	f	admin_spahoasen	Quản	Nguyễn Văn		f	t	2026-03-17 12:52:50.083515+07
11	pbkdf2_sha256$600000$GvOwjHMKUHUsv1eYULhPiC$Jusy0OUH6kjhdb934fIbpTZpceQhPdlxGcbVtrcie3A=	2026-03-27 10:18:14.138373+07	f	admin_giocoffee	Admin	Gió Coffee		t	t	2026-03-17 14:24:34.818054+07
\.


--
-- Data for Name: auth_user_groups; Type: TABLE DATA; Schema: public; Owner: -
--

COPY public.auth_user_groups (id, user_id, group_id) FROM stdin;
\.


--
-- Data for Name: auth_user_user_permissions; Type: TABLE DATA; Schema: public; Owner: -
--

COPY public.auth_user_user_permissions (id, user_id, permission_id) FROM stdin;
\.


--
-- Data for Name: authtoken_token; Type: TABLE DATA; Schema: public; Owner: -
--

COPY public.authtoken_token (key, created, user_id) FROM stdin;
\.


--
-- Data for Name: brands; Type: TABLE DATA; Schema: public; Owner: -
--

COPY public.brands (id, name, logo, description, phone, email, website, address, tax_code, is_active, created_at, updated_at, owner_id, business_type) FROM stdin;
2	DigiMart		Chuỗi cửa hàng bán lẻ điện tử, phụ kiện, đồ gia dụng. Cam kết hàng chính hãng, giá tốt nhất.	1900 6789	hello@digimart.vn	https://digimart.vn	456 Lê Lợi, Q1, TP.HCM	0398765432	t	2026-03-17 14:18:04.297277+07	2026-03-17 14:33:54.802154+07	9	retail
3	Phở Sài Gòn 36		Chuỗi quán phở và bún Việt Nam truyền thống. Nước dùng ninh xương 12 tiếng, nguyên liệu tươi mỗi ngày.	028 3823 3636	info@phosaigon36.vn	https://phosaigon36.vn	36 Pasteur, Q1, TP.HCM	0356789012	t	2026-03-17 14:18:04.298468+07	2026-03-17 14:33:54.804212+07	10	restaurant
4	Gió Coffee & Tea		Quán cà phê phong cách Việt hiện đại. Cà phê nguyên chất Đà Lạt, trà Oolong Bảo Lộc, bánh homemade.	028 3920 1234	hi@giocoffee.vn	https://giocoffee.vn	78 Bùi Viện, Q1, TP.HCM	0345678901	t	2026-03-17 14:18:04.299431+07	2026-03-17 14:33:54.805693+07	11	cafe
1	Spa Hoa Sen		Hệ thống Spa & Chăm sóc sắc đẹp cao cấp. Dịch vụ massage, facial, nail, tóc.	1900 8888	contact@spahoasen.vn	https://spahoasen.vn	123 Nguyễn Huệ, Q1, TP.HCM	0312345678	t	2026-03-17 12:52:50.075097+07	2026-03-17 14:33:54.807227+07	5	spa
\.


--
-- Data for Name: business_config; Type: TABLE DATA; Schema: public; Owner: -
--

COPY public.business_config (id, business_type, business_name, mod_orders, mod_quotations, mod_returns, mod_packaging, mod_products, mod_customers, mod_finance, mod_reports, mod_spa, updated_at, opt_quotation_salesperson, opt_order_bonus, opt_order_salesperson, opt_order_server_staff, opt_order_approver, mod_cafe_tables, mod_pos, opt_commission, opt_loyalty_points, opt_loyalty_rate, brand_id) FROM stdin;
1	spa	Spa Hoa Sen	t	t	t	t	t	t	t	t	t	2026-03-19 15:50:32.547906+07	t	t	t	t	t	f	t	t	t	10000	1
2	retail	DigiMart	t	t	t	t	t	t	t	t	f	2026-03-19 15:50:32.551858+07	f	f	f	f	f	f	t	f	t	10000	2
3	fnb	Gió Coffee & Tea	t	f	f	f	t	t	t	t	f	2026-03-19 15:50:32.553854+07	f	f	f	t	f	t	t	f	t	10000	4
4	fnb	Phở Sài Gòn 36	t	f	f	f	t	t	t	t	f	2026-03-19 15:50:32.555317+07	f	f	f	f	f	t	t	f	t	10000	3
\.


--
-- Data for Name: cafe_tables; Type: TABLE DATA; Schema: public; Owner: -
--

COPY public.cafe_tables (id, number, name, area, capacity, status, note, is_active, sort_order, current_order_id, store_id) FROM stdin;
1	T1	Bàn 1	indoor	4	0	\N	t	1	\N	5
2	T2	Bàn 2	indoor	4	0	\N	t	2	\N	5
3	T3	Bàn 3	indoor	4	0	\N	t	3	\N	5
4	T4	Bàn 4	indoor	4	0	\N	t	4	\N	5
5	T5	Bàn 5	indoor	4	0	\N	t	5	\N	5
6	T6	Bàn 6	indoor	4	0	\N	t	6	\N	5
7	T7	Bàn 7	indoor	4	0	\N	t	7	\N	5
8	T8	Bàn 8	indoor	4	0	\N	t	8	\N	5
9	N1	Bàn ngoài 1	outdoor	2	0	\N	t	11	\N	5
10	N2	Bàn ngoài 2	outdoor	2	0	\N	t	12	\N	5
11	N3	Bàn ngoài 3	outdoor	2	0	\N	t	13	\N	5
12	N4	Bàn ngoài 4	outdoor	2	0	\N	t	14	\N	5
13	N5	Bàn ngoài 5	outdoor	2	0	\N	t	15	\N	5
14	N6	Bàn ngoài 6	outdoor	2	0	\N	t	16	\N	5
15	B1	Quầy bar 1	bar	1	0	\N	t	21	\N	5
16	B2	Quầy bar 2	bar	1	0	\N	t	22	\N	5
17	B3	Quầy bar 3	bar	1	0	\N	t	23	\N	5
18	B4	Quầy bar 4	bar	1	0	\N	t	24	\N	5
19	V1	Phòng VIP 1	vip	8	0	\N	t	30	\N	5
20	V2	Phòng VIP 2	vip	6	0	\N	t	31	\N	5
\.


--
-- Data for Name: cash_books; Type: TABLE DATA; Schema: public; Owner: -
--

COPY public.cash_books (id, name, description, balance, is_active, created_at, updated_at, deleted_at, is_deleted) FROM stdin;
5	Ngân hàng Techcombank	TK 19012345678901 - TCB	0	t	2026-03-14 16:59:35.610325+07	2026-03-14 16:59:35.610329+07	\N	f
4	Ngân hàng Vietcombank	TK 0071234567890 - VCB	0	t	2026-03-14 16:59:35.60915+07	2026-03-14 16:59:35.609153+07	\N	f
3	Quỹ tiền mặt	Quỹ tiền mặt tại cửa hàng	0	t	2026-03-14 16:59:35.607315+07	2026-03-14 16:59:35.607319+07	\N	f
2	Ngân hàng		2460280000	t	2026-03-14 12:51:54.72979+07	2026-03-14 12:51:54.729809+07	\N	f
1	Tiền mặt		283456500	t	2026-03-14 12:51:46.923977+07	2026-03-15 02:01:34.87605+07	\N	f
\.


--
-- Data for Name: combo_items; Type: TABLE DATA; Schema: public; Owner: -
--

COPY public.combo_items (id, quantity, combo_id, product_id) FROM stdin;
1	1.00	54	33
2	1.00	54	34
3	1.00	54	38
4	1.00	55	33
5	1.00	55	35
6	1.00	55	39
7	1.00	55	38
8	1.00	55	45
9	10.00	56	32
10	1.00	57	35
11	1.00	57	46
12	1.00	57	45
13	1.00	57	51
14	1.00	58	42
15	1.00	58	41
16	25.00	88	59
17	10.00	88	74
18	150.00	88	77
19	1.00	88	82
20	1.00	88	84
21	25.00	89	59
22	30.00	89	62
23	150.00	89	77
24	1.00	89	82
25	1.00	89	84
26	15.00	90	59
27	100.00	90	63
28	20.00	90	62
29	150.00	90	77
30	1.00	90	82
31	1.00	90	84
32	25.00	91	59
33	80.00	91	64
34	15.00	91	62
35	150.00	91	77
36	1.00	91	82
37	1.00	91	84
38	2.00	92	61
39	120.00	92	63
40	100.00	92	77
41	1.00	92	82
42	1.00	92	84
43	2.00	93	61
44	100.00	93	63
45	20.00	93	75
46	30.00	93	78
47	100.00	93	77
48	1.00	93	82
49	1.00	93	84
50	2.00	94	61
51	80.00	94	63
52	30.00	94	80
53	30.00	94	78
54	100.00	94	77
55	1.00	94	82
56	1.00	94	84
57	25.00	95	59
58	10.00	95	74
59	1.00	95	83
60	1.00	96	66
61	50.00	96	73
62	15.00	96	74
63	200.00	96	77
64	1.00	96	82
65	1.00	96	84
66	15.00	97	65
67	10.00	97	74
68	200.00	97	77
69	1.00	97	82
70	1.00	97	84
71	10.00	98	67
72	120.00	98	63
73	10.00	98	74
74	150.00	98	77
75	1.00	98	82
76	1.00	98	84
77	1.00	99	68
78	80.00	99	63
79	10.00	99	74
80	200.00	99	77
81	1.00	99	82
82	1.00	99	84
83	1.00	100	68
84	80.00	100	63
85	50.00	100	81
86	15.00	100	74
87	150.00	100	77
88	1.00	100	82
89	1.00	100	84
90	200.00	101	69
91	80.00	101	63
92	15.00	101	74
93	150.00	101	77
94	1.00	101	82
95	1.00	101	84
96	200.00	102	71
97	40.00	102	62
98	10.00	102	74
99	150.00	102	77
100	1.00	102	82
101	1.00	102	84
102	150.00	103	70
103	80.00	103	63
104	15.00	103	74
105	150.00	103	77
106	1.00	103	82
107	1.00	103	84
108	3.00	104	72
109	20.00	104	74
110	200.00	104	77
111	1.00	104	82
112	1.00	104	84
113	2.00	105	61
114	80.00	105	63
115	200.00	105	77
116	30.00	105	78
117	1.00	105	82
118	1.00	105	84
119	20.00	106	79
120	100.00	106	63
121	20.00	106	80
122	200.00	106	77
123	40.00	106	78
124	15.00	106	74
125	1.00	106	82
126	1.00	106	84
\.


--
-- Data for Name: cost_adjustments; Type: TABLE DATA; Schema: public; Owner: -
--

COPY public.cost_adjustments (id, old_cost, new_cost, reason, adjusted_at, adjusted_by_id, product_id) FROM stdin;
1	28000000	28745888	Điều chỉnh giá vốn theo thị trường tháng 3	2026-03-14 16:59:35.592467+07	2	4
2	25000000	24249681	Điều chỉnh giá vốn theo thị trường tháng 3	2026-03-14 16:59:35.593685+07	2	5
3	50000	46847	Điều chỉnh giá vốn theo thị trường tháng 3	2026-03-14 16:59:35.594601+07	2	6
\.


--
-- Data for Name: customer_groups; Type: TABLE DATA; Schema: public; Owner: -
--

COPY public.customer_groups (id, name, description, discount_percent, is_active, created_at, deleted_at, is_deleted) FROM stdin;
1	NKH1	Nhóm A	0.00	t	2026-03-14 12:50:42.78356+07	\N	f
2	Khách VIP	Khách hàng thân thiết, mua hàng thường xuyên	10.00	t	2026-03-14 16:59:35.366677+07	\N	f
3	Khách sỉ	Đại lý, mua số lượng lớn	15.00	t	2026-03-14 16:59:35.368003+07	\N	f
4	Khách lẻ	Khách mua lẻ	0.00	t	2026-03-14 16:59:35.369232+07	\N	f
5	Đối tác	Đối tác kinh doanh	5.00	t	2026-03-14 16:59:35.370443+07	\N	f
\.


--
-- Data for Name: customers; Type: TABLE DATA; Schema: public; Owner: -
--

COPY public.customers (id, code, name, phone, email, address, company, tax_code, total_purchased, total_debt, sapo_id, note, is_active, created_at, updated_at, created_by_id, group_id, deleted_at, is_deleted, store_id, company_address, customer_type, id_number, owner_tax_code, avatar, date_of_birth, gender, membership_level, points) FROM stdin;
1	KH1	Khách hàng 1	0987654321	kh1@gmail.com				0	0	\N		t	2026-03-14 12:49:47.799045+07	2026-03-14 12:49:47.799064+07	2	\N	\N	f	3	\N	1	\N	\N	\N	\N	0	0	0
3	KH002	Nguyễn Văn Tùng	0912345678	tung@gmail.com	456 Lê Lợi, Q.3, TP.HCM		\N	182304188	4262496	\N	\N	t	2026-03-14 16:59:35.373727+07	2026-03-14 16:59:35.373731+07	2	3	\N	f	3	\N	1	\N	\N	\N	\N	0	0	0
4	KH003	Trần Minh Đức	0923456789	duc@gmail.com	789 Trần Hưng Đạo, Q.5, TP.HCM	\N	\N	160628349	16055035	\N	\N	t	2026-03-14 16:59:35.375069+07	2026-03-14 16:59:35.375072+07	2	4	\N	f	3	\N	1	\N	\N	\N	\N	0	0	0
6	KH005	Lê Thị Hương	0934567890	huong@gmail.com	55 Pasteur, Q.1, TP.HCM	\N	\N	180892721	18714922	\N	\N	t	2026-03-14 16:59:35.378124+07	2026-03-14 16:59:35.378127+07	2	2	\N	f	3	\N	1	\N	\N	\N	\N	0	0	0
7	KH006	Phạm Quốc Bảo	0945678901	bao@gmail.com	67 CMT8, Q.Tân Bình, TP.HCM	\N	\N	96269206	7111061	\N	\N	t	2026-03-14 16:59:35.37952+07	2026-03-14 16:59:35.379523+07	2	3	\N	f	3	\N	1	\N	\N	\N	\N	0	0	0
9	KH008	Shop Mỹ Phẩm Lan	0967890123	lan@gmail.com	12 Hai Bà Trưng, Q.1, TP.HCM	\N	\N	81847421	16166188	\N	\N	t	2026-03-14 16:59:35.382225+07	2026-03-14 16:59:35.382228+07	2	5	\N	f	3	\N	1	\N	\N	\N	\N	0	0	0
5	KH004	Công ty CP XYZ	02812345678	info@xyz.vn	321 Điện Biên Phủ, Q.Bình Thạnh, TP.HCM	Công ty CP XYZ	0398765432	137746297	6612792	\N		t	2026-03-14 16:59:35.376567+07	2026-03-17 13:30:44.354979+07	2	5	\N	f	3		2		\N	\N	\N	0	0	0
2	KH001	Công ty TNHH ABC	0901234567	abc@gmail.com	123 Nguyễn Huệ, Q.1, TP.HCM	Công ty TNHH ABC	0312345678	112723054	15917577	\N		t	2026-03-14 16:59:35.372115+07	2026-03-17 13:31:03.081996+07	2	2	\N	f	3		2		\N	\N	\N	0	0	0
8	KH007	Đại lý Thành Công	0956789012	tc@gmail.com	89 Quang Trung, Q.Gò Vấp, TP.HCM	Đại lý Thành Công		181564237	19974127	\N		t	2026-03-14 16:59:35.38083+07	2026-03-17 13:49:09.391118+07	2	4	\N	f	3		3		0956789012		\N	0	0	0
10	KH-SPA01	Nguyễn Thị Hương	0901111001	\N	\N	\N	\N	0	0	\N	\N	t	2026-03-17 15:49:11.910007+07	2026-03-17 15:49:11.91001+07	5	\N	\N	f	1	\N	1	\N	\N		\N	0	0	0
11	KH-SPA02	Trần Thị Lan	0901111002	\N	\N	\N	\N	0	0	\N	\N	t	2026-03-17 15:49:11.911782+07	2026-03-17 15:49:11.911785+07	5	\N	\N	f	1	\N	1	\N	\N		\N	0	0	0
12	KH-SPA03	Lê Thị Mai	0901111003	\N	\N	\N	\N	0	0	\N	\N	t	2026-03-17 15:49:11.913225+07	2026-03-17 15:49:11.913229+07	5	\N	\N	f	1	\N	1	\N	\N		\N	0	0	0
13	KH-SPA04	Phạm Thị Ngọc	0901111004	\N	\N	\N	\N	0	0	\N	\N	t	2026-03-17 15:49:11.914741+07	2026-03-17 15:49:11.914744+07	5	\N	\N	f	1	\N	1	\N	\N		\N	0	0	0
14	KH-SPA05	Hoàng Thị Linh	0901111005	\N	\N	\N	\N	0	0	\N	\N	t	2026-03-17 15:49:11.916145+07	2026-03-17 15:49:11.916149+07	5	\N	\N	f	1	\N	1	\N	\N		\N	0	0	0
15	KH-SPA06	Đỗ Văn Minh	0901111006	\N	\N	\N	\N	0	0	\N	\N	t	2026-03-17 15:49:11.917635+07	2026-03-17 15:49:11.917639+07	5	\N	\N	f	1	\N	1	\N	\N		\N	0	0	0
16	KH-SPA07	Vũ Thị Thảo	0901111007	\N	\N	\N	\N	0	0	\N	\N	t	2026-03-17 15:49:11.919127+07	2026-03-17 15:49:11.91913+07	5	\N	\N	f	1	\N	1	\N	\N		\N	0	0	0
\.


--
-- Data for Name: data_permissions; Type: TABLE DATA; Schema: public; Owner: -
--

COPY public.data_permissions (id, module, data_scope, warehouse_ids, user_id) FROM stdin;
\.


--
-- Data for Name: django_admin_log; Type: TABLE DATA; Schema: public; Owner: -
--

COPY public.django_admin_log (id, action_time, object_id, object_repr, action_flag, change_message, content_type_id, user_id) FROM stdin;
\.


--
-- Data for Name: django_content_type; Type: TABLE DATA; Schema: public; Owner: -
--

COPY public.django_content_type (id, app_label, model) FROM stdin;
1	admin	logentry
2	auth	group
3	auth	permission
4	auth	user
5	contenttypes	contenttype
6	sessions	session
7	authtoken	token
8	authtoken	tokenproxy
9	sites	site
10	account	emailaddress
11	account	emailconfirmation
12	socialaccount	socialaccount
13	socialaccount	socialapp
14	socialaccount	socialtoken
15	products	costadjustment
16	products	goodsreceipt
17	products	goodsreceiptitem
18	products	product
19	products	productcategory
20	products	productstock
21	products	purchaseorder
22	products	purchaseorderitem
23	products	stockcheck
24	products	stockcheckitem
25	products	stocktransfer
26	products	stocktransferitem
27	products	supplier
28	products	warehouse
29	customers	customer
30	customers	customergroup
31	orders	order
32	orders	orderitem
33	orders	orderreturn
34	orders	orderreturnitem
35	orders	packaging
36	orders	quotation
37	orders	quotationitem
38	finance	cashbook
39	finance	financecategory
40	finance	payment
41	finance	receipt
42	reports	stockalert
43	system_management	datapermission
44	system_management	modulepermission
45	system_management	rolegroup
46	system_management	serviceprice
47	system_management	systemlog
48	system_management	userprofile
49	finance	receiptitem
50	products	productvariant
51	system_management	printersetting
52	spa	booking
53	spa	bookingitem
54	spa	room
55	spa	service
56	spa	servicecategory
57	spa	staff
58	system_management	businessconfig
59	system_management	brand
60	system_management	store
61	products	comboitem
62	customers	cafetable
63	customers	pointtransaction
\.


--
-- Data for Name: django_migrations; Type: TABLE DATA; Schema: public; Owner: -
--

COPY public.django_migrations (id, app, name, applied) FROM stdin;
1	contenttypes	0001_initial	2026-03-14 09:31:47.963329+07
2	auth	0001_initial	2026-03-14 09:31:48.014195+07
3	account	0001_initial	2026-03-14 09:31:48.051757+07
4	account	0002_email_max_length	2026-03-14 09:31:48.061906+07
5	account	0003_alter_emailaddress_create_unique_verified_email	2026-03-14 09:31:48.073604+07
6	account	0004_alter_emailaddress_drop_unique_email	2026-03-14 09:31:48.081821+07
7	account	0005_emailaddress_idx_upper_email	2026-03-14 09:31:48.093796+07
8	account	0006_emailaddress_lower	2026-03-14 09:31:48.102285+07
9	account	0007_emailaddress_idx_email	2026-03-14 09:31:48.114843+07
10	account	0008_emailaddress_unique_primary_email_fixup	2026-03-14 09:31:48.12403+07
11	account	0009_emailaddress_unique_primary_email	2026-03-14 09:31:48.130368+07
12	admin	0001_initial	2026-03-14 09:31:48.144543+07
13	admin	0002_logentry_remove_auto_add	2026-03-14 09:31:48.148915+07
14	admin	0003_logentry_add_action_flag_choices	2026-03-14 09:31:48.154873+07
15	contenttypes	0002_remove_content_type_name	2026-03-14 09:31:48.165365+07
16	auth	0002_alter_permission_name_max_length	2026-03-14 09:31:48.173112+07
17	auth	0003_alter_user_email_max_length	2026-03-14 09:31:48.178902+07
18	auth	0004_alter_user_username_opts	2026-03-14 09:31:48.183455+07
19	auth	0005_alter_user_last_login_null	2026-03-14 09:31:48.188298+07
20	auth	0006_require_contenttypes_0002	2026-03-14 09:31:48.189573+07
21	auth	0007_alter_validators_add_error_messages	2026-03-14 09:31:48.19421+07
22	auth	0008_alter_user_username_max_length	2026-03-14 09:31:48.202645+07
23	auth	0009_alter_user_last_name_max_length	2026-03-14 09:31:48.207453+07
24	auth	0010_alter_group_name_max_length	2026-03-14 09:31:48.213655+07
25	auth	0011_update_proxy_permissions	2026-03-14 09:31:48.21906+07
26	auth	0012_alter_user_first_name_max_length	2026-03-14 09:31:48.258197+07
27	authtoken	0001_initial	2026-03-14 09:31:48.270472+07
28	authtoken	0002_auto_20160226_1747	2026-03-14 09:31:48.287188+07
29	authtoken	0003_tokenproxy	2026-03-14 09:31:48.292691+07
30	authtoken	0004_alter_tokenproxy_options	2026-03-14 09:31:48.301272+07
31	customers	0001_initial	2026-03-14 09:31:48.343899+07
32	products	0001_initial	2026-03-14 09:31:48.717997+07
33	finance	0001_initial	2026-03-14 09:31:48.815033+07
34	orders	0001_initial	2026-03-14 09:31:49.059858+07
35	reports	0001_initial	2026-03-14 09:31:49.070022+07
36	sessions	0001_initial	2026-03-14 09:31:49.085111+07
37	sites	0001_initial	2026-03-14 09:31:49.091011+07
38	sites	0002_alter_domain_unique	2026-03-14 09:31:49.096693+07
39	socialaccount	0001_initial	2026-03-14 09:31:49.179862+07
40	socialaccount	0002_token_max_lengths	2026-03-14 09:31:49.202166+07
41	socialaccount	0003_extra_data_default_dict	2026-03-14 09:31:49.215244+07
42	socialaccount	0004_app_provider_id_settings	2026-03-14 09:31:49.236567+07
43	socialaccount	0005_socialtoken_nullable_app	2026-03-14 09:31:49.260074+07
44	socialaccount	0006_alter_socialaccount_extra_data	2026-03-14 09:31:49.280224+07
45	system_management	0001_initial	2026-03-14 09:31:49.490296+07
46	finance	0002_receiptitem	2026-03-14 16:47:44.002389+07
47	customers	0002_customer_deleted_at_customer_is_deleted_and_more	2026-03-14 16:54:50.934081+07
48	finance	0003_cashbook_deleted_at_cashbook_is_deleted_and_more	2026-03-14 16:54:51.03117+07
49	orders	0002_order_deleted_at_order_is_deleted_and_more	2026-03-14 16:54:51.153708+07
50	products	0002_goodsreceipt_deleted_at_goodsreceipt_is_deleted_and_more	2026-03-14 16:54:51.397865+07
51	finance	0004_receipt_order	2026-03-14 17:11:57.708282+07
52	products	0003_productvariant	2026-03-15 01:28:56.793505+07
53	finance	0005_payment_goods_receipt	2026-03-15 01:56:28.78741+07
54	system_management	0002_printersetting	2026-03-15 02:20:51.932513+07
55	finance	0006_payment_payment_method_receipt_payment_method	2026-03-17 10:14:25.837879+07
56	finance	0007_alter_payment_payment_method_and_more	2026-03-17 10:23:05.08301+07
57	orders	0003_orderitem_variant	2026-03-17 10:52:00.40783+07
58	orders	0004_quotationitem_variant	2026-03-17 11:00:55.239816+07
59	products	0004_purchaseorderitem_variant	2026-03-17 11:08:35.568855+07
60	products	0005_goodsreceiptitem_variant	2026-03-17 11:10:39.111864+07
61	products	0006_stockcheckitem_variant_stocktransferitem_variant	2026-03-17 11:13:46.536048+07
62	orders	0005_alter_orderitem_quantity_and_more	2026-03-17 11:40:25.454971+07
63	products	0007_product_is_weight_based_and_more	2026-03-17 11:40:25.648165+07
64	spa	0001_initial	2026-03-17 12:15:38.364014+07
65	system_management	0003_businessconfig	2026-03-17 12:26:24.68017+07
66	system_management	0004_brand_store	2026-03-17 12:46:25.460372+07
67	system_management	0005_userprofile_store	2026-03-17 12:52:10.684974+07
68	customers	0003_customer_store	2026-03-17 12:52:10.779808+07
69	finance	0008_payment_store_receipt_store	2026-03-17 12:52:10.84764+07
70	orders	0006_order_store	2026-03-17 12:52:10.903405+07
71	products	0008_product_store	2026-03-17 12:52:10.938236+07
72	spa	0002_booking_store	2026-03-17 12:52:10.978793+07
73	customers	0004_customer_company_address_customer_customer_type_and_more	2026-03-17 13:27:33.729499+07
74	customers	0005_customer_owner_tax_code_alter_customer_customer_type	2026-03-17 13:33:30.500789+07
75	customers	0006_customer_avatar	2026-03-17 13:35:49.562734+07
76	system_management	0006_brand_business_type	2026-03-17 14:15:59.283482+07
77	products	0009_warehouse_store	2026-03-17 14:57:42.80156+07
78	orders	0007_quotation_salesperson	2026-03-17 18:29:28.891073+07
79	system_management	0007_businessconfig_opt_quotation_salesperson	2026-03-17 18:29:28.896366+07
80	orders	0008_order_approver_order_bonus_amount_order_creator_name_and_more	2026-03-17 18:38:05.707462+07
81	system_management	0008_businessconfig_opt_order_bonus_and_more	2026-03-17 18:38:05.715488+07
82	orders	0009_alter_order_server_staff	2026-03-17 19:04:39.636009+07
83	system_management	0009_businessconfig_opt_order_approver	2026-03-17 19:08:45.189267+07
84	orders	0010_add_store_to_quotation	2026-03-18 16:16:34.243569+07
85	products	0010_add_is_service_to_product	2026-03-18 16:38:51.732476+07
86	orders	0011_add_approval_status_to_order	2026-03-19 10:46:46.434767+07
87	products	0011_add_combo_support	2026-03-19 11:00:44.392069+07
88	system_management	0010_businessconfig_mod_cafe_tables_and_more	2026-03-19 14:56:24.764614+07
89	customers	0007_customer_date_of_birth_customer_gender_and_more	2026-03-19 14:56:24.938024+07
90	system_management	0011_businessconfig_brand	2026-03-19 15:47:13.637911+07
\.


--
-- Data for Name: django_session; Type: TABLE DATA; Schema: public; Owner: -
--

COPY public.django_session (session_key, session_data, expire_date) FROM stdin;
3hrsdsv1le4o4cr9w705tty9trlz0vv8	e30:1w1MfL:qpkuEJj9u_XdMrZ5bIhnQIUwYRBruU9ASIUN6rv978Y	2026-03-28 17:56:19.180651+07
557me9t9ug4d27g2qa7sclzp3nlropcb	e30:1w2QBI:KYh_KgKSqnx09M0-iqBnv-AwGBRGQK9HJSFSA45s4ng	2026-03-31 15:53:40.044445+07
ueri286bfrfn8n6p9lcjnjgm6fx9829g	e30:1w1MgN:b_CaW4Y5VnjZrbYbj-lOZTttZz9KtiAxwVUistNzEbk	2026-03-28 17:57:23.663231+07
3ladaxo12mhly5ey19xdeak761cwynoa	e30:1w2t0l:r4dgl9nGCgRS6Phr2CgnG3QZ4UzcGASIQC-b2DHCXp0	2026-04-01 22:40:43.551696+07
65i40vifafb5gf55mzjf1xj30guvw3e6	e30:1w1EtE:UaL4OGTAxmTHuCZAZfh3livgitgFHO9WszOSUpk2MEI	2026-03-28 09:38:08.95746+07
w87izhgu40ejdomu1luwpwt6q9igf58h	e30:1w1Mqi:PheDRd39weCHWfiOmUzioMQHlilBF4wkkA9o7LRTVmU	2026-03-28 18:08:04.763045+07
4f5tx6wiy4bn9pb76ghilamxlh0ick7x	e30:1w1O02:vm4kBLoc2jyt1ndALTvWqiFcu9OGw5MJnALM4yZba60	2026-03-28 19:21:46.220289+07
aryg0hcy37bg8ex3pnxukcuwb7xd74r5	.eJxVjLEOAiEQRP-F2hCE9WAt7f0GAiwrpwaS464y_ruSXKHlzHszL-HDtha_9bz4mcRZaHH47WJIj1wHoHuotyZTq-syRzkUudMur43y87K7fwcl9DLWbBSnwAosHRk0Y7QQDZ0m-00ZHAZknZzOTk9ACsk5RMcMCdCwFe8P9-44Bw:1w1OjJ:LsdV5adObn_lbKp1UlpZ6RwXxRHCt0xE8K_1UDW6Png	2026-03-28 20:08:33.181357+07
o5fglgfxh1bnkasn4ugme5ft8w097nts	e30:1w2vNU:EIaNzmtH8yeTHA5mlz5dVLrrnLQc7OABrjWB9IryJgg	2026-04-02 01:12:20.028834+07
c2ax3t1eo6owtrro7akeg8xf4an6yp4q	e30:1w1TVi:AADrfnbifN9yU4u0gg3wvtV8CoS-0XGovUfN2weTVpw	2026-03-29 01:14:50.58903+07
2q3jikigd0i5g6qs11go43giq1chaooa	.eJxVjEsOAiEQBe_C2hBpQMCle89AGuiWUQPJfFbGuyvJLHRbVe-9RMRtrXFbaI5TEWcB4vDLEuYHtSHKHduty9zbOk9JjkTudpHXXuh52du_g4pLHWvNzqgCCtAEE4C0IzTWn2zmgKyORicgm7X6ItA6eMxMbLyyLqfA4v0BzN83gg:1w1Ezp:NACXLIgFIOjHZ0_MDpWuGdjvjTQSVk7L9yayEcNBQKo	2026-03-28 09:44:57.024154+07
9uh7c6i6qc4h5pounwcwv86r5e3a12e0	e30:1w1TVl:zdePca9-OF5k7JxpqEDMFTThYZJfP5dM_2xiorQA1AY	2026-03-29 01:14:53.749842+07
893t13fh4zgyjkbzbbkhueo91bwqb3yw	e30:1w1FSv:Sf42bh1SQqyFISCIiSKISF88ph8o-8cRS4w1ZgXKCC0	2026-03-28 10:15:01.951952+07
9p6bhi9lbr27stzi11w7sqqp9cs6vyni	e30:1w2vcb:_zwfFdsJubQgvG6aQboPAgPi7V_2FFjE6MDnE3881cw	2026-04-02 01:27:57.436686+07
k8sbfx5mtw2da6crsgjxbvfz2i252rnz	e30:1w1UM5:bYhsyCO7pxcyhKy7oUvwJ2Pe9ndJxxMvUGFxNV3-YEQ	2026-03-29 02:08:57.412704+07
330z3if1bpa9ir4i0a425mu819gxtwp8	e30:1w1UMG:to-m-3edgGfpXi5wE9bHRqjw_hh_n2DEH5Y6Y-Tz0rE	2026-03-29 02:09:08.026459+07
3uf0197vjknvkh5hlhohx71n5j2iai3i	e30:1w2P5T:G4RPbpcKN4Pye0MCfPTEt_D2Ekd0bKI2oid9-tN42CQ	2026-03-31 14:43:35.575628+07
nzw4bwht02lzp52s27ufjse440ha2fwq	e30:1w1UML:G0ELXxGIv8ip_3kuZqCWNccLlfx54xwOutBHu8skMkQ	2026-03-29 02:09:13.436523+07
oydqpasb58vkvj8ijf9q9495f9oo7d85	e30:1w1Ue0:in0tcXYVtPjwiGI_rx0VEMHiA3K4URo3AsvOBhYfSos	2026-03-29 02:27:28.28798+07
j00dz8xglidzn8j6i2cg5z2g9xhptf4f	e30:1w1Ue3:xVFBha8iib2BRsyHcP0d4X-E8KNDKCP1YobSFBLg7dI	2026-03-29 02:27:31.851697+07
ntdb4azgnouyegifkk4oypymzu9t9yxl	e30:1w1HdG:ziAluE-F0EbkphuN2Kc3SQzrVYhI-7E9-WnGeBLIimU	2026-03-28 12:33:50.172535+07
rjy34lrp1lom269vjiad7o1xi54rwkvc	.eJxVjLEOAiEQRP-F2hCE9WAt7f0GAiwrpwaS464y_ruSXKHlzHszL-HDtha_9bz4mcRZaHH47WJIj1wHoHuotyZTq-syRzkUudMur43y87K7fwcl9DLWbBSnwAosHRk0Y7QQDZ0m-00ZHAZknZzOTk9ACsk5RMcMCdCwFe8P9-44Bw:1w1h9K:aXug6R612MCuGpJldey4LEVgDyvLGU2lNYSjmcloM-8	2026-03-29 15:48:38.028444+07
p35iwgbj2p8imbjfo0g204pxos4145s9	e30:1w2S1F:d8--ZAUhERkNKFxA-RxmpCFeCRS7MQKGOBaDieebqRk	2026-03-31 17:51:25.668636+07
3g6dp5szfhc64uewbo352bss0hlrvp9a	e30:1w1ILl:upN4amRkFhIwKQmUyc_XQD6JpylEZer8A3mThxe49EM	2026-03-28 13:19:49.791186+07
gvorb9zoii0lnqwjko6v6grwvf4y1k3t	e30:1w1Jb0:zxdRmCHqqXKKvgN5mRG-s7rUMDP5YBVTvgRsbsAWD4c	2026-03-28 14:39:38.79982+07
c6okxybqffx14ulzrmh7zosfdzvlq1hb	e30:1w1ilg:m2hbqDTAQpCmvQ0DzypRmA10nbleHXZGHeklUESLt2E	2026-03-29 17:32:20.737504+07
w4lc4ocdt0s71z5sb2cmclo9xmgteprp	e30:1w1JbN:tIMs2-_qCSyMu7SUGou1RVVW9pYt8r-izROld5r2H00	2026-03-28 14:40:01.572104+07
bpksn6tnhcpvccqbnfjsjlqn5zy4ec47	e30:1w1JbO:7H4kbXEBWc8rmyCcL8nH1F1yRl4XXKPNPxXApSHhzno	2026-03-28 14:40:02.9348+07
ajwl64ryoqlfl6ypbmyplbgb5130t0r1	e30:1w1JbT:0L2-36lhC-0rompKRjnkrvLToONLzqTCSRgZHT9EMJ8	2026-03-28 14:40:07.768394+07
vnfho4ysj56gjsc6p2el588tkcq8sniz	e30:1w1ioZ:-065ra4-03fGnXCOAch65T0tLi2lnJFEcX0Q7qgoYvI	2026-03-29 17:35:19.705785+07
rr3eagbfinynn73nilb1jx1w7geacs40	e30:1w1JcU:JwL9wEtOSuPAOtKnUVY4y6ANvhWQeAKDIDtMIGRFSi0	2026-03-28 14:41:10.493863+07
dav6mvt8jemyqlb0w4aihiga38f6smlc	e30:1w1Jcb:dWMNawBVVD9WZv4KTxX1AvUR1zUdqWQgqWJFlHDV14k	2026-03-28 14:41:17.85214+07
qxf9k38g8vkwgp26u9sf0y9vi2manlo3	e30:1w1jiq:LXP_FzN4-D3gtH-8fUMf26_OWQkyZL5hXi0xBds6vwk	2026-03-29 18:33:28.908684+07
nuscfn8xthqoeukpryymd6nchmnn4o8t	e30:1w1K8f:7tbnKBe3PeijR3ZRTiWr3-H17559bk0jfvbj5q3TP4A	2026-03-28 15:14:25.992881+07
brzwr4zca5il9vyd8yt90qrwpucffdp1	e30:1w1K9f:qoOqX8fdnqOmuChu6_gsedyei8pfYkgLOUXJmHXPZgk	2026-03-28 15:15:27.745591+07
2bndgl0zl4gi69g19rquuclhppg2ch2m	e30:1w1nT0:2FdyiV5z3JkRTEE5tRaT08-IkxB1hvq5IvP8QfPOzfQ	2026-03-29 22:33:22.145306+07
azqer7hj8weh6kwybkxu1j9sozms8i9l	e30:1w1KCi:r3W32pPfbtvJOJn_sXv1lDmrISvxvCBDQhayqzj6reQ	2026-03-28 15:18:36.133665+07
ky5bb42pnrznvlcckuc44sv3w0qn7c4h	e30:1w1KDG:uAfzIBq4ovRPvSwvlcSQ521xOc3TvhSs06ZZo7xXaYQ	2026-03-28 15:19:10.060612+07
wnlw8f9i07wxci49j59ozyvxjofl2nlm	e30:1w1nT4:GxbONJI0vFbkgp-wigPbUJ7cR2sENk7RqZMeQdTsgCM	2026-03-29 22:33:26.320041+07
rvgkoq30sacpgmaw8pfk3rsolz63nqvg	e30:1w1KDG:uAfzIBq4ovRPvSwvlcSQ521xOc3TvhSs06ZZo7xXaYQ	2026-03-28 15:19:10.587101+07
1vzruh1guk3y2v92tfxlznvka898rjp0	e30:1w1KHh:4_CYeYbD4BcqeH6-FG8nrDFE6oUAnCAMttFI60sDLTM	2026-03-28 15:23:45.438533+07
w18zx3b2bjtijuh49ljx1a6vmw4tw7nl	e30:1w1qEQ:0JnvYzCaokRplnWy0y0iB9wxmIxS6cwKuHseM-JHYEM	2026-03-30 01:30:30.613348+07
8ih5to01skc19snw5hvm9y25rd57aqmg	e30:1w1rGp:i8Tt9WRCe0ML9gBklpl4ht03tfUKK7jLbEU1jW2qgiI	2026-03-30 02:37:03.159054+07
415qgikxyvgq689ebo6exso7vv2s84z9	.eJxVjLEOAiEQRP-F2hCE9WAt7f0GAiwrpwaS464y_ruSXKHlzHszL-HDtha_9bz4mcRZaHH47WJIj1wHoHuotyZTq-syRzkUudMur43y87K7fwcl9DLWbBSnwAosHRk0Y7QQDZ0m-00ZHAZknZzOTk9ACsk5RMcMCdCwFe8P9-44Bw:1w1L4C:_dLq619OCmPft41cu8HVwNZ7Eufc1ofar_s0x1vw6Lc	2026-03-28 16:13:52.306465+07
shxnqur0cccqwyhw1046q9ml24qqyak6	e30:1w1M4t:Wk6Qb7dBo88jJIYY_i0a7ApDHutn-rGQnCKm1QW3BJQ	2026-03-28 17:18:39.663305+07
dx9ahcdfa9h565o5nlifs3y31f9q7uje	e30:1w1rVS:fLj_wf6w3QGROIdgliAoFZakaUSOStGnKbLswMruF1I	2026-03-30 02:52:10.294314+07
7lxn90wettkcwqzv5g7pgqr5v3dwvrau	e30:1w1rVW:tfptAl5DPODANY3pFgVoxaep1Ia5r4rP4hX5S6Seonk	2026-03-30 02:52:14.720138+07
8apzlcc45vwh4ghc7iklq87vw4k1xxrh	e30:1w1MZq:jC809W0oZgSnC9LzwqmU0WEgcUX-bOzoVVsTvJ4mujk	2026-03-28 17:50:38.548019+07
lxi6ilrk0gc1t4yo36xiwcb943ob45ee	e30:1w1sGf:JLjmW7nTK_Fxnu6PybNM97SXc7ls4SZUpHWLgtbi9js	2026-03-30 03:40:57.814538+07
9ll2gozjpwixdyibhj4nudmzx9t3jats	e30:1w1sIw:yA90ocPaaDmlGDGg5Hy61XOik7Q-2rtSX4DuCkFKwwU	2026-03-30 03:43:18.93805+07
r37eb4iepb83psnxxge0hloctmaokwrt	e30:1w1stR:tPSIRrSswAZvVeNuGSVgug3E37jbzKT4hG2ApyDQrv8	2026-03-30 04:21:01.871111+07
jajin28qxoay4ex4sfck9qf2cx888qc8	e30:1w1suv:RBaMvYBBobcX1THtd0F4tv4GMFyeUEx5opqFzHc5w70	2026-03-30 04:22:33.288605+07
774rszmt9tq6iyl42gs7cxj154h1wj4y	e30:1w21He:NgDR0jykP-kskOJrbWkSzx0FOhiFHx7JSOfoJFAvQH8	2026-03-30 13:18:34.609494+07
lkm8mwuypgz7zgusrmjdz42es1638ead	e30:1w21IQ:6lC1l5PyQnLBsyx_aX44AoOgGN0_RHVryPEeJKNs4xg	2026-03-30 13:19:22.99+07
vk96grf4q2f9f48y4dyjzztwfi3g8k5w	e30:1w21Ia:bHKX6NXdB1-HnOVbreyKmkya4TJgVN6UqrTjZkH0O98	2026-03-30 13:19:32.280274+07
hmdct5q0dkehefrhfsifgxtzwdvejud4	e30:1w21Np:gyWR0VUW_z72_22sZL-3ZN1wfOz-H5Z60Ly0Yq4ialg	2026-03-30 13:24:57.2307+07
294l61bbzum5v93dlv1a4hl1zjpcx1fn	e30:1w3IRS:xRWExq86M3n76wFGvJ4e7HfeUMpQwPL1GTJ6NuSrKBI	2026-04-03 01:49:58.31383+07
hb7xk4qv5mghk08gcjbk3f013fjp9mh2	e30:1w23Pv:gsZcur_jnAXGe1l2hG1ih8qYhSgFxjIeX3Hoxk2mwZg	2026-03-30 15:35:15.635291+07
lo16umuu52qvmxdnv0ch8zc51a83mx2s	e30:1w2vJ7:8AP-Vaj1lTdwQC4J1IvJeAXr2wdqTaKemqvz2wxfCdo	2026-04-02 01:07:49.064729+07
2uzqzug3sgt90dsmwy8b2267lf1p51dq	e30:1w26RO:FrraYNiU1za5Ld-mqSZ4xcaMTIs43Vzl5S-BdLccsl8	2026-03-30 18:48:58.076272+07
ff42whq34eo4wk86aol48oj78wrs8jmn	e30:1w5eM2:xQTzNjjwQSqnruWb5v7OO19kUg665i-_D-Veh-CNBjQ	2026-04-09 13:38:06.460718+07
tk4s38otsojpc11efsadz8qtslsokv8q	e30:1w28hL:x6BCexy8TySC0BueDI6ha4rt30MZmvUV8Bt96dW2toY	2026-03-30 21:13:35.303025+07
bg1p3eh68id4di6sregmfzrrbtr7r0ea	e30:1w2CIf:09CnAv6UByr9eExlpDTNI7F-mvyFUEac1TBOWI7ZYbI	2026-03-31 01:04:21.670586+07
f78fwdfadls1mfumr5abr13c70x2p3t8	e30:1w2vP5:lZJU68yvNTL3SOvlEZe-hsAZAh0so006NW_Tj58pDQU	2026-04-02 01:13:59.416819+07
g9qvhpasabdcpq5yoqafama3u6vtlpn3	e30:1w2CJx:J454L4UuQXSmCabwdTa-7HdgjXnoyuZbrblYwNKzC8c	2026-03-31 01:05:41.102884+07
x3lqz2wgz1dm4c6rpux7rpz2umsjpqy5	e30:1w3ITI:B88eIAw06BD_SQaOZZ64Ae9TJV4EvizCGxXLYgDEtv0	2026-04-03 01:51:52.741652+07
2xlilxf3t8nydlq97xhxxswsd9ffiw6z	e30:1w2F0l:6Xm4vCVXAELrY_xuneIomEmgv1CUxWFjjb46D6dOa8Q	2026-03-31 03:58:03.921287+07
td7rggnrr3o12nmb1qyk6tgnlw5v6poj	e30:1w2wty:vDy7_Wfp3i5GmtI8kES5GD5iyd5NTWEB9R9meuo1rPU	2026-04-02 02:49:58.835639+07
107dc6rbstmcdkuxiwzihochlk0mguca	e30:1w2F2i:PMKI__wA62X5bdsHKB5PoNeiH1bFhE0rZZJvX9fv-GQ	2026-03-31 04:00:04.590174+07
sddlti60sl23wucc0do3xc5t1lebevw1	e30:1w2x0K:Xf-ms-WOh89Fn40kxY1Z5hjI5BJM1cUC9vPOIZLFrb8	2026-04-02 02:56:32.206049+07
d4tao3ajuz016l1yfpy6qmg14sjzmto9	e30:1w2FV8:e8VOnXSieq3MA2EZPja2P5XOaxUJvYNtJus-vviUpBA	2026-03-31 04:29:26.284734+07
gq0vwhx2861sxx6rm8qbue33xfr4zl14	e30:1w2x1c:XT5GYmdESmjfARA3A0bGPt4gYfGUJhgvabG6ZhL91-Q	2026-04-02 02:57:52.9056+07
101wnf2dfh9kre7r02z3gyg5sl6fgc33	e30:1w3KNt:YaxmdlBW27BuILy1oWZGF-AJrREi8l-jOh9i95TbEIg	2026-04-03 03:54:25.930955+07
iu2pr3hu2m8pid9wt9s5uhk54x6moozd	e30:1w5h6E:p_E5lEZazi4uzqU3Ml5pDPtxVVDmhjfavM1E5mTLWdk	2026-04-09 16:33:58.399488+07
cb49fikskd7f6p2u9kfc0yj71p7fx2ke	e30:1w2P5l:StrU8IzgXb9Z7i5JmGA32OyLZP2vRrOxS36YAIOTTIE	2026-03-31 14:43:53.233644+07
law2cx7cz5dbcumvwu6e4c5iuga4tdxm	e30:1w2Kn5:QjiMUWM904FcvVTSpKq0wsa0oEdvjtH7JPnkVV4tWwA	2026-03-31 10:08:19.16125+07
bd5p2uvkwsxasigkmwzg8dmq9jlkd8o8	.eJxVjDsOwjAQBe_iGlnxF0xJnzNY6901DiBbipMKcXdkKQW0b2beW0TYtxL3zmtcSFyFFqffLQE-uQ5AD6j3JrHVbV2SHIo8aJdzI37dDvfvoEAvo764KWdrs-Zk8cwE2VvSXivnkLxBGxJYZ3BS3gfEYEhpBspswOnsxecL_Rs4kA:1w2P8k:eSXHmi3hKimbqC3LH4ZiEX533LoTjyXlEN_zUWMcCFs	2026-03-31 14:46:58.928989+07
bdurly2rrzyh5hn41hzf6uf8c3xfv6ue	e30:1w2L7P:7c2V1Wr_9jR0kf6LfBF4aUc5MTjeE-rheSJqSbffl8I	2026-03-31 10:29:19.433456+07
ulsws96fi1npo62jb7ehzg0jnho9np0v	e30:1w2S1F:d8--ZAUhERkNKFxA-RxmpCFeCRS7MQKGOBaDieebqRk	2026-03-31 17:51:25.037299+07
gk6pt40v26i2fl91gpjweq9g880zk41o	e30:1w2NbR:B-bmQzF696jee33YpIQc-2FwxG8MD4hjekbn_xkqUQ0	2026-03-31 13:08:29.094526+07
ycd78m6lg6izr9bd7l1m3h6zynwiojsd	e30:1w5juf:WIsd2WS3gcRTvTzjYM281beKbuP8G3mwwv6RjGtEfAw	2026-04-09 19:34:13.284784+07
2zswfal4a6g1buzs7bv8km8tx6jiyb1u	e30:1w2O9e:a_RnPyjSRqoGdOrDv9_GkLYfDw_R2_bsxbhxwAenHO0	2026-03-31 13:43:50.384578+07
4vbgkxnb3vivwr9zhz3cwau2scw9w6w9	e30:1w2S35:zkBWG2HvOwJ5Ycv84OCpDCdbqTY-F2LPCTncUzdehaY	2026-03-31 17:53:19.624203+07
whdbs50f1revhsfwfi4xectstvijpo6y	e30:1w2O9q:bn8c8sVu9qF1PfSUC5JMRfx2iwnl0qrxhh-0StG9_DQ	2026-03-31 13:44:02.375039+07
rlejbgn2r0huae5zt7rr66gdb53m4k4t	e30:1w2OQM:7f0TW5ODYVTi_wbGDNZBI8S2xuF3p125atTcIDqgbpg	2026-03-31 14:01:06.629588+07
yn36c7grtvstb0pv60otsgianpk9obko	e30:1w3S7z:mw_t77VFgZ9kkNv7JSCoJIZNgYdcgOa4Ni4LfznaDF8	2026-04-03 12:10:31.170317+07
g5u289a0p38ajbxg41gohuijgxo84hd2	.eJxVjEsOwjAMBe-SNYpqx2koS_Y9Q-XaLi2gROpnhbg7VOoCtm9m3st1vK1jty02d5O6i4vu9Lv1LA_LO9A751vxUvI6T73fFX_QxbdF7Xk93L-DkZfxW0tPGqGCKCKIluohIUFI1ADW5yYOlFRAFFmrAGJMwSoZ6ogWGiF07w_WaTeT:1w34pY:uESD_X-8B6wyBwnV4g5Davm8r2DI9yYZGvfgHF41iLo	2026-04-02 11:17:56.620047+07
tatbg2um8ki9fg8iiawscelvmiobc4jr	e30:1w36oC:1kbIslUqoD6cV_1gTFgLOw1aJLqx1hVOlhiH_voqTWA	2026-04-02 13:24:40.013489+07
0hsy0rc604cv1vomfwt5k9o5v8s57kgf	e30:1w2Tug:lUhSFtych6moLe7aQrHz_C_iHpr7QuNw3Mhg4cc-Nhg	2026-03-31 19:52:46.572147+07
s79sfax8v7ccj5lulj4cjtb2lzhkrcar	e30:1w36oH:hwUYbZhotQk5suAMGJKcIXHo036qMkyYeatglxq2FXQ	2026-04-02 13:24:45.011094+07
16oimf3iwk8pc4q8x7rspc78sa37wxf9	e30:1w2Z9h:boRfBqXXsDUZX4dIfMwCUUfbdhM52fT1-_-BQyO8oeU	2026-04-01 01:28:37.219639+07
szowmjwjijzef85xwjjyl2waujwxk4ai	e30:1w2ZrV:obUyf1tTfT6ycOuB5dvK2WtYJe1zugjK2VuLpLvA8Lw	2026-04-01 02:13:53.536079+07
wo87mknev1a443srgiqceqq3exzoxciv	e30:1w2Zsy:XhJ5tko4FmHDzo0ztTCQ40Qk-qKrLq2ZuI3oZMe-GLY	2026-04-01 02:15:24.180511+07
6ort6e1mxj8p6s611rjh373x41jy1rsc	e30:1w2Zt2:lSqs-_6fiPXQGyE0xoj3hC_lQdBVjYBfeyJiPpj0dGs	2026-04-01 02:15:28.665967+07
9er5f65ntwx66ejryi1palxuahv6gjm6	.eJxVjEsOwjAMBe-SNYpqx2koS_Y9Q-XaLi2gROpnhbg7VOoCtm9m3st1vK1jty02d5O6i4vu9Lv1LA_LO9A751vxUvI6T73fFX_QxbdF7Xk93L-DkZfxW0tPGqGCKCKIluohIUFI1ADW5yYOlFRAFFmrAGJMwSoZ6ogWGiF07w_WaTeT:1w2mRO:7SzJQyF4KkojFv3G88-eD97rlh5xE1neR4v80KXivXE	2026-04-01 15:39:46.55058+07
qctkt5yufnyogssyah5977asr5bw3jrf	.eJxVjEsOwjAMBe-SNYpqx2koS_Y9Q-XaLi2gROpnhbg7VOoCtm9m3st1vK1jty02d5O6i4vu9Lv1LA_LO9A751vxUvI6T73fFX_QxbdF7Xk93L-DkZfxW0tPGqGCKCKIluohIUFI1ADW5yYOlFRAFFmrAGJMwSoZ6ogWGiF07w_WaTeT:1w2rRB:ykhkb_FbMbvfxm5CbvhlCUfBo4UQY9h2fv_BXjXOgwY	2026-04-01 20:59:53.445045+07
r1bm4z7z74qpyu7auoekkpcuf1qmxmu8	e30:1w38j7:89vWWkVS8oxHhvZZw7xOJ-ecd6xIYjX7HKxaftgpYV8	2026-04-02 15:27:33.566336+07
cht97vz2djcyq8s7or005ase879v5g0l	e30:1w39LL:yRcLE_Z1kqBCsJ9F4Ev3WSsnQ9fjGl5kNkN68D2kvE4	2026-04-02 16:07:03.820919+07
uyyax3rtu4sjw8dkjd9cushskcwdz4vp	e30:1w39Ld:OxTvt5EbTgdODjHx6tWc_laboNqAgdl8DQYh1LddJyo	2026-04-02 16:07:21.898768+07
2sclirsfyxjn2va3j33nutxopw1oqzmz	e30:1w39MA:y7JWuMCIlO7Mn4bDnyEzkILi_CieE8FmTiKU8RhVdEY	2026-04-02 16:07:54.580214+07
yftzjxg4091l77ey8a4lumfnplvtswvj	e30:1w39NW:Qng7VrUq3TAbh5qU-BWf2DO943pKxBbz1WYNhB5eo_o	2026-04-02 16:09:18.680836+07
g4jgfvu244r94d6bjo4lpu7tctr80nch	e30:1w39Nf:5qU4_foxdjEBJadpUZVWzOs1iLmTl0CYsRWN7hRCg7E	2026-04-02 16:09:27.920885+07
euhje34aut4d0039in0103u94x0ti0cf	e30:1w39li:6APqVEOvABCk8cejRRE-FlO0HFTijhttMlUcpXORlBM	2026-04-02 16:34:18.234252+07
2e8u9iba8hvvad73xliv2l2l5lpdwrqo	e30:1w39mR:pr0eBIlAUrMN6qrxp0F1Vk9nO80XVuPCZdtseQwxJOM	2026-04-02 16:35:03.636849+07
dldgegg7gsp2izieq1f9ixh4ft792hcn	.eJxVjEEOwiAQRe_C2hAKDHVcuu8ZmmGGStVAUtqV8e7apAvd_vfef6mRtjWPW0vLOIu6KFSn3y0SP1LZgdyp3KrmWtZljnpX9EGbHqqk5_Vw_w4ytfytCZ3t0YKESdg6QNMhIhikDhi6MwXrfA8xcfBigjXOC6bJ-H6KITCr9we3Vjb3:1w39zV:B-OLVMCgAuWLfLhV_ED1RPMqfj0H6iqVm3mM2vW0K8M	2026-04-02 16:48:33.740783+07
rb6nn9w1xt8jb9jz62qbxftofu6xsjx1	e30:1w3Byx:p8BvDvEaeXzU_f0U35-rxeTPr2qWxnhG91r74_EASBE	2026-04-02 18:56:07.929036+07
0t0bx7omwlixzg9d7e8i0udhsk591505	e30:1w3IMK:sgjYkTeObZK9l7oSJ2krmqhPtVkyxRxc8JD9RjUgvYs	2026-04-03 01:44:40.515944+07
4aziy3njh8a0ef1fk8lgxw933mv6jm7p	e30:1w3IOj:_T85OQTi2pltpr92kHt9-GWpPCH_dzof2t7HjKh5j2U	2026-04-03 01:47:09.952734+07
1wjalhq206kqg9blnvupnynobj5dpc1k	.eJxVjEEOwiAQRe_C2hAKDHVcuu8ZmmGGStVAUtqV8e7apAvd_vfef6mRtjWPW0vLOIu6KFSn3y0SP1LZgdyp3KrmWtZljnpX9EGbHqqk5_Vw_w4ytfytCZ3t0YKESdg6QNMhIhikDhi6MwXrfA8xcfBigjXOC6bJ-H6KITCr9we3Vjb3:1w3Umn:xmcEhK0upu2z7f5wDljMFe-kpPt246um8cQTAJQ_Oqw	2026-04-03 15:00:49.955304+07
vj94272nzcxsxf90rnuoikbf32i6wsai	e30:1w5fLp:dljVByk4QtyEGmc_UCqkIEFO7FuKOku61CNq_C5PrJ8	2026-04-09 14:41:57.571828+07
0es4tsecpz683hu4w7bofgmqs90895xm	e30:1w5h6J:_KlvI71HXrU2rxU887oG9oW43mL2qu-7w7f4-AYJDI8	2026-04-09 16:34:03.353551+07
00j4wxbzze2sy99hzlqpxx1h3t449khb	e30:1w5pfV:VsywctKm6rlSTY0-riK59dMotgPAap8eHuQvPHFCL90	2026-04-10 01:42:57.665721+07
zs6e8srj8eyd65nuf0fgimq0nidoahw8	e30:1w5q4M:4d1YmLNQtGWsyKI4KpZS0mNUlTwoAqTi-fTHuqD-8DU	2026-04-10 02:08:38.844796+07
387e8j2pwmuvktap0gue1927lto30r63	e30:1w5qZM:2yvb6w1zEsR8teCCBG9Hx1C5u099bdGClqGTrrJBIww	2026-04-10 02:40:40.435961+07
s17c1pfy7karv8hv7ufw6fjihh466712	e30:1w5rQm:z6UsPNU6vYO6msu9_8AO8gAmXkN8gCyMYIiB00oaPjs	2026-04-10 03:35:52.548871+07
gcohgkp96gfowqwmp76afmtz1bqwf3wv	e30:1w5rRq:l9GRY11B3ukl_Y1nZ8cLwP16NEWlqok--fzpm4-ZXTk	2026-04-10 03:36:58.00929+07
futgqvdvsyse5620yke72luvopxuiob7	e30:1w5sG5:KJoPM43ZhJuPIdhh0g_NRUkt3L6UxtxK-uAt1xwd5yQ	2026-04-10 04:28:53.102523+07
ixh23p96ug96fixdf8bxkhx93sq51jnm	e30:1w5sHf:x_NQNR_-dBN0ZnNI9uAHcMbALciXp5tDo7hY4jEKvK4	2026-04-10 04:30:31.729929+07
52njkbkmamnvibqybgcc81e8pt31674m	.eJxVjEEOwiAQRe_C2hAKDHVcuu8ZmmGGStVAUtqV8e7apAvd_vfef6mRtjWPW0vLOIu6KFSn3y0SP1LZgdyp3KrmWtZljnpX9EGbHqqk5_Vw_w4ytfytCZ3t0YKESdg6QNMhIhikDhi6MwXrfA8xcfBigjXOC6bJ-H6KITCr9we3Vjb3:1w5xRq:n0cVRyb3n0NFG4TNs3nbU7zh5RUVoKb5YHKevDDwqZ0	2026-04-10 10:01:22.576869+07
skt496oab92n5ryovyegdxd7rgns57cl	e30:1w5xSx:rMDHbSQ89mt43qbtFqmxyZbwXkXg8BP5fkrRJkIHtVU	2026-04-10 10:02:31.418522+07
y5ubu22gu6a39l7vhuxuk6l8md8i5sa7	e30:1w5xWJ:pSIXxjsNX69ahQ7d1cnrDVmQpyC2G0LXfa81U3l9TBM	2026-04-10 10:05:59.461387+07
m4bg4belokb9dmzcs8etklb5i3iv6z2x	e30:1w5xWi:bU3KWt66596gS8-aEgBV1YXP0FO2qsn0BxHz8iPieUo	2026-04-10 10:06:24.951843+07
2o2m4jzugoim927u08mszcfybvww7sq8	.eJxVjEEOwiAQRe_C2hAKDHVcuu8ZmmGGStVAUtqV8e7apAvd_vfef6mRtjWPW0vLOIu6KFSn3y0SP1LZgdyp3KrmWtZljnpX9EGbHqqk5_Vw_w4ytfytCZ3t0YKESdg6QNMhIhikDhi6MwXrfA8xcfBigjXOC6bJ-H6KITCr9we3Vjb3:1w5xWw:vC0R0KC_COn2G5_F2W-csya3f_ZIVZwehYQ_V77rb3c	2026-04-10 10:06:38.566183+07
8849vgkmf7j450xiiubwygtr9p7uzj7b	.eJxVjEEOwiAQRe_C2hAKDHVcuu8ZmmGGStVAUtqV8e7apAvd_vfef6mRtjWPW0vLOIu6KFSn3y0SP1LZgdyp3KrmWtZljnpX9EGbHqqk5_Vw_w4ytfytCZ3t0YKESdg6QNMhIhikDhi6MwXrfA8xcfBigjXOC6bJ-H6KITCr9we3Vjb3:1w5xdA:KvqA5kkmqmIh5IXzR4yG_5335TenGYHspvt9iXvjITs	2026-04-10 10:13:04.086443+07
uk82o938xeetm82rllrlr7thldg1lei7	.eJxVjEEOwiAQRe_C2hAZoIBL9z0DmWFAqoYmpV0Z765NutDtf-_9l4i4rTVuPS9xYnERSonT70iYHrnthO_YbrNMc1uXieSuyIN2Oc6cn9fD_Tuo2Ou3LlSSMlk7o1ArDbkETMUyD1TOBGQ9AXiDbArC4FzQnIxnMDkEa5UX7w8pZThp:1w5xiA:iEhI7_PyqGqSYszNSBep48oO3isdI8oxlCUbE0AWdDw	2026-04-10 10:18:14.139775+07
56wjztuebn1gtnlpgfxw70so5ibzejpj	e30:1w5xiO:ADHpPimi7NQmIqZ_c4l3V51Hy9f24lZZkMy0WeLH_gg	2026-04-10 10:18:28.686351+07
hfzs9snf0xg60q9mao1t43wb6iletikc	e30:1w5xzB:BL19R85SBaF68aziEZ07qutNhbaRCJdQ1jCZERIP2FQ	2026-04-10 10:35:49.834024+07
y3v2lomtlk2izsolsdlc13w1e4o1j026	e30:1w5yCJ:a5jWZgaqPXuTrCUveR29pC5c5CEpQ0ip2d5FXEuEILs	2026-04-10 10:49:23.208753+07
yooewgvhqutdatuprr8rkgyb383494f3	e30:1w5zFk:CJ1p102GP-UcwKJVa6XLxG7d4oA_xj7Mg-FAVbyMrc0	2026-04-10 11:57:00.06135+07
xeebtzmy77yo2iq92m2s3q5ct3xz8b0m	e30:1w60Er:TdsuSfOnhSz8cLi1Wq-89-5R6e-D_VrIl5fWM9FBBJ8	2026-04-10 13:00:09.67194+07
q9wrpmu28z5xcjz6vs6gn2amt6yzust4	e30:1w61Jj:Tqhsmf0w39iYvXdW9c7Qup4SoqVU4cSv61dFTi6P5fs	2026-04-10 14:09:15.99315+07
9lvd2u63yohqxoi4mg9g8xq2ptd1fx1t	e30:1w633I:XXXtdTR5yGtbHRLfgo1JgWsN9Z3brN2zLKgRjVnReeY	2026-04-10 16:00:24.060498+07
qkcr3bn3dgxh90v96k4kg0dpsd5bcxi1	e30:1w633M:9RVeQTpkmq-8TT64rudqeMkt80kIPrEdJDNaCht6zdI	2026-04-10 16:00:28.846014+07
jm0ezaq6u2b65qhqgi043n6lkpusoybm	e30:1w63nI:dk7QMgmQPR2hrU8DyIQseXRpU5SPhIcCuOCKPhUq58M	2026-04-10 16:47:56.341178+07
ndlhubak3368poly1shl05hu0js8gd5b	e30:1w658r:_A8gGiS-CoBjEkCAF4g6q52C-ZdptJ3PBVDxI-qtB4M	2026-04-10 18:14:17.747497+07
ovwj0lj13h4mamhfo0uthrel77a53agf	.eJxVjEEOwiAQRe_C2hAKDHVcuu8ZmmGGStVAUtqV8e7apAvd_vfef6mRtjWPW0vLOIu6KFSn3y0SP1LZgdyp3KrmWtZljnpX9EGbHqqk5_Vw_w4ytfytCZ3t0YKESdg6QNMhIhikDhi6MwXrfA8xcfBigjXOC6bJ-H6KITCr9we3Vjb3:1w66tQ:DkL2_B4wa3jMlNBSo7sW94Osny-edILAqlshPnkF3no	2026-04-10 20:06:28.675629+07
vx0012vv0kun4tk43zlxix74sies34on	e30:1w67Ky:T9qCg9QKXP6eCzI3U6sWxWu8sDo-zs2ML7FylKLeye4	2026-04-10 20:34:56.659936+07
z5g35qb3fvzemqbk5tzewr5s0vwl71g1	e30:1w6DWK:ImD_Anjo4PLpbAuWad6c6_JnXy_m3Haa0Ki30f_AgWA	2026-04-11 03:11:04.655219+07
yxnbf9y0su9xypdf4brxb5cmkcrmmtwt	e30:1w6DvJ:xElGlgCs6dtda5DjXl5LKRbqTnFGFpzwF3IYjPKvWqQ	2026-04-11 03:36:53.20494+07
e45v7wiud42fnsiokt0vay67td7gohe6	e30:1w6EJ3:5lX_W3NGCW8B-y0dOJ-1NF3gbGjEb8Vt6Nwv7I8Q8oA	2026-04-11 04:01:25.68362+07
ct4tzrxljv3gzpkxlxk0lvrdok434npo	e30:1w6EOl:bu7HCV1WGP9YQubGgaTJHE1g4871TuwVIyrEyW-vo2s	2026-04-11 04:07:19.247276+07
j7x6nvo2a5nwikwnl53vk0cltxvgndzb	e30:1w6EQ2:sPblojUPNamd8FETaJNhVeSuxD_nUHAwXZP2d_uwLxU	2026-04-11 04:08:38.83801+07
3y2qcb8jzvc6cdd6i05khron3nuhh0e0	e30:1w6JKb:Euy5iS1sZtCUR2VFhq6d0b2ZNFoV3TY6-ngU2MT7thg	2026-04-11 09:23:21.664779+07
d64bxg50jpk94l3ds2jk6ihjl1i2a5yt	e30:1w6K1G:wpo5V2_G7DioFmEs0Mh9VK_Ygm5tHxkQ4tOnMfBV3Pg	2026-04-11 10:07:26.110019+07
cc866t83jfu4jxht1o22va905aby5y5x	.eJxVjEEOwiAQRe_C2hAKDHVcuu8ZmmGGStVAUtqV8e7apAvd_vfef6mRtjWPW0vLOIu6KFSn3y0SP1LZgdyp3KrmWtZljnpX9EGbHqqk5_Vw_w4ytfytCZ3t0YKESdg6QNMhIhikDhi6MwXrfA8xcfBigjXOC6bJ-H6KITCr9we3Vjb3:1w6KlD:UUxVbym7SHE5Gu1YVBxHNqZp1lr-9UCf3N7HpwFmaBQ	2026-04-11 10:54:55.243424+07
kmfc6z9rnqypsmh1dhj2s56aqu77deok	.eJxVjEEOwiAQRe_C2hAKDHVcuu8ZmmGGStVAUtqV8e7apAvd_vfef6mRtjWPW0vLOIu6KFSn3y0SP1LZgdyp3KrmWtZljnpX9EGbHqqk5_Vw_w4ytfytCZ3t0YKESdg6QNMhIhikDhi6MwXrfA8xcfBigjXOC6bJ-H6KITCr9we3Vjb3:1w6KlH:Ip076Q0q5sl8pSlOmiuxtR2IlkZzKh_nNc52BvgJIqk	2026-04-11 10:54:59.224097+07
0t2xvmtfsiz1qk5lga854izmf1q7ib0e	.eJxVjEEOwiAQRe_C2hAKDHVcuu8ZmmGGStVAUtqV8e7apAvd_vfef6mRtjWPW0vLOIu6KFSn3y0SP1LZgdyp3KrmWtZljnpX9EGbHqqk5_Vw_w4ytfytCZ3t0YKESdg6QNMhIhikDhi6MwXrfA8xcfBigjXOC6bJ-H6KITCr9we3Vjb3:1w6KsJ:7fgcR5oNErkUkHGnv5aMcNgcpgwBC7IJihuN6OFXF_I	2026-04-11 11:02:15.288517+07
1tsttnsdm1pbw3xbfcr3mdxllw4bi9id	.eJxVjEEOwiAQRe_C2hAKDHVcuu8ZmmGGStVAUtqV8e7apAvd_vfef6mRtjWPW0vLOIu6KFSn3y0SP1LZgdyp3KrmWtZljnpX9EGbHqqk5_Vw_w4ytfytCZ3t0YKESdg6QNMhIhikDhi6MwXrfA8xcfBigjXOC6bJ-H6KITCr9we3Vjb3:1w6Lg8:ZV3NA92RPR0WYKCUquVFR-1QrsPVova5pYOTIIfFuKw	2026-04-11 11:53:44.278537+07
vrdpim9yw4nwsvx5inmlzgsd3umuoooi	e30:1w6PIN:AGo23rxmkYBCruMo5g_zv8zOgFkKFNKSrVomX-OaYh8	2026-04-11 15:45:27.256313+07
x7vuetn26gb4uqj0ln26un6v704k3m6n	e30:1w6QKM:6AgVVom_tbs33fILfdd9NcX88LPaN5upIxXHXI7Zcoc	2026-04-11 16:51:34.363455+07
z4w9a4yqwmz1rf8cs8h42d5gh01looiq	e30:1w6RSH:ghk4de0Ylo0OAsaf18JGaAAyOyXsT_TuVg7xiPtIDj4	2026-04-11 18:03:49.832945+07
v8576msuu3t9uv3wlombxisqjggk8644	e30:1w6Rut:yM8EpENW_a2ifODdGA6Z6jdRL3TUjmSOeOdAtHDGjWA	2026-04-11 18:33:23.346777+07
tu72eizc8hycin6aa1nycvpz0mpmd2g9	e30:1w6UDo:EWQ0lmdKJl0wE0WlvxkO8XarHjDd16DggC8xmDyDJXU	2026-04-11 21:01:04.713017+07
dzipposfpwjvb8ll8rki2tzmy4fw6vuf	e30:1w6W4h:wolc6gyj5y0Da2kWGFzjrlPC8TWw304eW-CXNFlOThk	2026-04-11 22:59:47.225404+07
6cwvaexzw949hvkck42mcjmzmud40wn9	e30:1w6YFX:qQQlE-LjDseF6eKz8fbXi3w6ZDIAdUlJuunoC_Fc4lI	2026-04-12 01:19:07.790767+07
r8rlg5j4zxjblenub5w93ml0bfl27vsp	e30:1w3TmH:FDcKPbth8_yi8qly3T9JkpY8H7Vdv1QPYOROtMoGtsM	2026-04-03 13:56:13.103239+07
er46lq3mebgpw970br0jz3i53ra75lth	e30:1w3TwX:7SnTwGEnReons4P347eb-Y96lEr0h7FyXftdrQQ41Vw	2026-04-03 14:06:49.791228+07
68fimdft3kjxm7vgoftu8kdage4n0dii	e30:1w5fRG:gRwdWohNeqj5-SBoqSr5H155E_2vrs2qfzrj6F8PbIk	2026-04-09 14:47:34.608088+07
2pcvrcjwss6mtv0gut8wm2rouwut5ipq	e30:1w3Ueg:335MUgN6htBRSTB6pZzvf-xQWBPAses_tnpUhOWvios	2026-04-03 14:52:26.16146+07
g9qzup2ons9x5d1yhlsdxcga46lixf4y	e30:1w3Wp5:btmMLOASfPVrVat-xzTWZSBKvDpHd0PdaQytXom_6Yw	2026-04-03 17:11:19.416909+07
rllrs51hr0dfmyv08lfsqotbv3tcmul4	e30:1w5jGx:QSYLRxw_dTn15s1eTm4_cqMyWed0TUPT8rKavR4Sdyc	2026-04-09 18:53:11.832293+07
ce098qs5elcopy85z3o2wb2jtsfazdyk	e30:1w3cpJ:L9U6MYbJX8pYS-Lg2R3-RD-CShAz6_aF3Q30BkUK6eM	2026-04-03 23:35:57.343099+07
1rpayvaxn08zcc8krtxs44yfy6d93x8o	e30:1w3cpN:VbVFqZAMcDXD5lC8OII5ZxNCAB99vBlZZa8xiuP7SC8	2026-04-03 23:36:01.577613+07
4wgg9fn3xlkdx6s9v9zuh9cc5tfnppwn	e30:1w5pgw:iHMum6qNCbdWAz5ioFgni6GHRqe2BGCqFczC6fCghl0	2026-04-10 01:44:26.504006+07
fq7kbr1j26656hlutg00uxesgr4zryx9	e30:1w3dvI:2OC55Cj447Xb2fUDoOYJNfr1L3Anp5rlrXQU2Rqp8js	2026-04-04 00:46:12.806654+07
jndbphoe5n3uf1k1nvl2p66u68qfb4df	e30:1w3edc:swtfskae9ANL1-uJPCFFjbwQ67wffPgxbAXaTUbZpho	2026-04-04 01:32:00.527227+07
r02kod09qya7b0gy53xkgx21y12eq2j1	e30:1w5q6q:dZXXLWWmJjn58vc24fNL8s0mavJVqcYR98jfOBOXgRo	2026-04-10 02:11:12.787163+07
whvgmhv668vonmnjth5xaoqb2sb6k7u7	e30:1w3f7G:et5ufV0FyHljnjwGtCjtseVAOCA5zT9nHjHxoLdf-5g	2026-04-04 02:02:38.350461+07
v773kiglk0b9u47m4dn6i944vdeb5tod	e30:1w3f9W:XtX9lajtuc5VZooXhLNV8NzOtOY5hyfBXIRDfLsquN0	2026-04-04 02:04:58.854265+07
p8quizs4l4u7gybbbk4wqoxk4vyals12	e30:1w5qaQ:KsH_cB3RXdswqQ0CmuQMQCFOXVvAHpdpVtvCF6VjJUA	2026-04-10 02:41:46.610054+07
n986q9rsrm0tla6honoy6athiwqii9uz	e30:1w3g4Q:CZotNARugWL0TJKKQ3LUhwuy0AkLzCuqjV0TwodefBQ	2026-04-04 03:03:46.70044+07
bq4ton7icl6q1fhxvq5n9ezahsetlafc	e30:1w3g6W:rP7d8Pnts3oCYZToXji7PSSMSWowTut1NPSMTsgmzdA	2026-04-04 03:05:56.802109+07
eacwul0wlwcz46ul3k0ptexynbcow8q0	e30:1w3ovE:I1PMnfEWVjOCZ7LxNBBgUulWdO6qep_UDfo-PhaxBY4	2026-04-04 12:30:52.074467+07
lmlmou5vo6ax7rsij8xdfzyh20azkd9p	e30:1w3oxQ:hibKSz1a9FzWCfrlgQQTIiUFqoev4LnyeGpoSR4rhwQ	2026-04-04 12:33:08.305228+07
7eqhyzj5ahcx83lh6pn65ntrm02ktpt4	e30:1w4U9L:RIOX_DxTn8d1pgmou1QIDezyLhlFcgSo42LfI9NQFcs	2026-04-06 08:32:11.38381+07
s5xryumibxn1vxe1p94vxub685qs6ai3	e30:1w4UVQ:s6_kSXP4CGcjTAesMnsZoV95oHMUlzXldAghjnuaG6g	2026-04-06 08:55:00.386454+07
uyx35da3meej1408m0n5ff90vjpolupu	e30:1w4Ubf:1GS4Q0sK_g2ppKxA5xGAnutz9hEH156Z1CovR0YojzY	2026-04-06 09:01:27.774521+07
chtxjyl04z2u52bb1fbbqurikpg84nwg	.eJxVjEEOwiAQRe_C2hAKDHVcuu8ZmmGGStVAUtqV8e7apAvd_vfef6mRtjWPW0vLOIu6KFSn3y0SP1LZgdyp3KrmWtZljnpX9EGbHqqk5_Vw_w4ytfytCZ3t0YKESdg6QNMhIhikDhi6MwXrfA8xcfBigjXOC6bJ-H6KITCr9we3Vjb3:1w4Vqx:YCqaoUOwxqt4FBD2KMVesoCC9XTtJJN0HLqKeWWl5mU	2026-04-06 10:21:19.839187+07
ovmgac2jmsg251z2m0bcxq25z8irlmxx	e30:1w4WPL:0XlIHz-0SASP9cBV28KGm1yw8Mru3wbMuXKri8ftG9Y	2026-04-06 10:56:51.88171+07
wnzmlzdx4lw37e12ncg0oo5i9dcxtpvs	e30:1w4XvO:dbhDwieKJpa846cWrlXHftsnxaS3rjhGH1Y59F8FA3Q	2026-04-06 12:34:02.588827+07
vaue7ujkub0qunekzw57ckn3zi44o5m6	e30:1w4aou:AHJXiCBrg5g3Og1NN4xdHhrin4SiC3vaFgymgJp5jvY	2026-04-06 15:39:32.203904+07
ttiaogg33hn2mo9empz0nc0aye1207kx	e30:1w4iJI:VSZDvqo9mBlqZugwzuxXg4GYXFNgBqTGFOFSry66wD0	2026-04-06 23:39:24.739049+07
ofskpun4hks8dvdnd2bsn8c26zog12dx	e30:1w4jIi:qAF2FxZbDK4zMSTg2NUr3WKY4Yessf3p6YKvKH59mA0	2026-04-07 00:42:52.39947+07
c1yappgl93lzgyi5jv2vh6gxsqjzfo4k	e30:1w4jJn:K8lCCqARyQk2Yalc9npFCysgGdAOXjTb5tWv0nzX9mM	2026-04-07 00:43:59.115026+07
hsb2a8go6oj5cc8vpsbgod23xpbr5qmn	e30:1w4jzk:wBqGS8LnaWHQotwlNdu-qXyCU-sys7ITJ08qdU_ZtGM	2026-04-07 01:27:20.81064+07
lei0w48lmx8hu7ol59nmv86b6pmjojmk	e30:1w4k1q:3y1FjRihuc-ZP---zk2jju3Zr4bQFVcn7uBo0Cmvdpk	2026-04-07 01:29:30.149119+07
kgar0zn3pt3iovlu6hrxmq85u659zhfn	e30:1w4s0l:HAIBuaxFxd9F0xqfdWMuv8gI39qNGRmU_tEV7BDGlnY	2026-04-07 10:00:55.318479+07
cjinb9gaxrzd6enntuhl8dbwrv4zryym	e30:1w4tZt:Whqnr6G6Ud7c-gtH2N4vourzFz9-FuqfcXU7u5KejqA	2026-04-07 11:41:17.544702+07
chb5mip5we6ie3ffgdx5p5h8f37plshi	e30:1w4tyI:GPoKnIOvIZ7gf-iBgNLPWAu7nVjB_3Z6cKyc5_ZHCkk	2026-04-07 12:06:30.807849+07
l8yb9vfi7dz30690dr4a17d992031zu3	e30:1w4tyN:08ECehH3EDb8slCmd2Mev4HHoKFvXYNOIYBVWRPcNRI	2026-04-07 12:06:35.322206+07
lm7d4nnqs3kd7jdchdvmx17srin8n7wq	e30:1w4xOj:zdGCwsirltQOz1_YTEyKJK5z_-pFf3OU90HOmdFFacw	2026-04-07 15:46:01.327729+07
vdbo7s17igu687uvtrhkmpkzi12qx6gq	e30:1w5BsZ:qiRv1tEU1HjZlfns51TXR9eZI7oAmSKa96H7Ks660qM	2026-04-08 07:13:47.802439+07
zsmha9obsxmgzeslgttzwetdzys8qa8y	e30:1w5Bsd:OWoygPnfscTYKB-GXCNa0BGZHOANIczCKTaG1W0IG98	2026-04-08 07:13:51.032957+07
30omqlukww7jl5qjoihorecxwhjc64s5	e30:1w5Fu9:7r1wMO8mzT9dtbhrhtgX0wVydz7GXb1cD3zwqMFSxZM	2026-04-08 11:31:41.063225+07
88g4d29bav0nvoif7gdv3mvln5do958f	e30:1w5FuA:Uya6jAz5TWcuJldYPMC6-_paQBsYamwUamAWeXWtfss	2026-04-08 11:31:42.027576+07
y2j95eb4f14znl31ekxf17dpce62akb8	.eJxVjEEOwiAQRe_C2hAKDHVcuu8ZmmGGStVAUtqV8e7apAvd_vfef6mRtjWPW0vLOIu6KFSn3y0SP1LZgdyp3KrmWtZljnpX9EGbHqqk5_Vw_w4ytfytCZ3t0YKESdg6QNMhIhikDhi6MwXrfA8xcfBigjXOC6bJ-H6KITCr9we3Vjb3:1w5FuZ:rY3mqww_wcYZXehDy2JdvkTW3ml3-YO7kj0p-vgIfJA	2026-04-08 11:32:07.698499+07
lsmqo1656akh4x3kpzyr1pn6aeu1e23u	e30:1w5Fuj:qnuHkFL4k8s4x75nqZJxJ_eThS3cilwdYKNBWFYO-Jk	2026-04-08 11:32:17.025798+07
8o5cr2havtwlw9qfkym4u0z9u9gzn6rq	.eJxVjEEOwiAQRe_C2hAKDHVcuu8ZmmGGStVAUtqV8e7apAvd_vfef6mRtjWPW0vLOIu6KFSn3y0SP1LZgdyp3KrmWtZljnpX9EGbHqqk5_Vw_w4ytfytCZ3t0YKESdg6QNMhIhikDhi6MwXrfA8xcfBigjXOC6bJ-H6KITCr9we3Vjb3:1w5I2i:92nkQMQqPzYsfrzreRQiI3FqESvVuvYr6IipSGqpCCk	2026-04-08 13:48:40.409254+07
pzg5uucddryycw91tddjw07rxb65fgfi	e30:1w5LJk:Lr4uXV-c61ipPex6eBZbOAdGboriFsSe3Nz9mNNm7jQ	2026-04-08 17:18:28.518938+07
rttobhfkwtivmx7zkk471amf5cyzzgdm	e30:1w5Pbn:eVg48Dp42ldUk06yyLtZL_VsT4yPJ5Zt0R0vlLKLKCA	2026-04-08 21:53:23.724601+07
8z37k0avw2hpi95n32ftedmzkgghpkzs	.eJxVjEEOwiAQRe_C2hAKDHVcuu8ZmmGGStVAUtqV8e7apAvd_vfef6mRtjWPW0vLOIu6KFSn3y0SP1LZgdyp3KrmWtZljnpX9EGbHqqk5_Vw_w4ytfytCZ3t0YKESdg6QNMhIhikDhi6MwXrfA8xcfBigjXOC6bJ-H6KITCr9we3Vjb3:1w5R2n:C7LTbumtfGOK_8bf_RJ_9XelYCUaaqPd7pLzxi34FvU	2026-04-08 23:25:21.166097+07
nljrbk6fu4jb0o95npu7lmiaaw63k70a	e30:1w5Srb:vApEL7fdAcL31TNiQFwHc6JFSZkKz02NF0OW7Chf7_M	2026-04-09 01:21:55.327035+07
2r1z10wgo3c5vjbpqclgkyhvt5ao9vz0	e30:1w5W25:lDilBu70iYhagvWPofLF2kYc8N6zczUKmhVy7kH9fCQ	2026-04-09 04:44:57.725313+07
4mdb90hycz9eu4liv1p1jwrrt2i8mzcx	e30:1w5ZWd:NEvFDfovqgW0Y1yP-gici-dlSy3xrIwMjrJSVUTfmTQ	2026-04-09 08:28:43.591461+07
vcdl9kwpy1s38v60ylekp9qicmfanfmq	e30:1w5ZWk:SUtGQqV4LvU2UIsqpZjZSKgMpwMivVyrX1vZGP4D2j0	2026-04-09 08:28:50.140985+07
6td78qs4t1luncpi3odok992slpz09w8	e30:1w5ZhO:LF_KWQtgtsF75JVOBQCuGGqYZO8qN7VuVeN_Az796O8	2026-04-09 08:39:50.62497+07
iv1x310pxodzxttpjd2cos0wpfudoorv	e30:1w5bzB:663PrZhmeDJUA651mJO7-ZJ4bk5D_aO2m8dQ5ubldIM	2026-04-09 11:06:21.753139+07
morg7w0tjcufoh9ww427ow2dyziiwfz1	e30:1w5eJw:n8GAez2ifeSJ6BA63H1cFRMAJqW8tFGM-LSuhlNClvM	2026-04-09 13:35:56.879188+07
kv7di03o46vt9sljhz9sjqfhaod22iqd	e30:1w5eJy:groWuwzuC1vwyNzPFlp0BCgqWGYCqHW7IN73hQ4tdmY	2026-04-09 13:35:58.516478+07
n2aun60yxyi5o773hmo7vhbkyxdsmlfk	e30:1w6YFg:gAKzsXHU133kkytoURhw0dAZ1cYDmw0MTxMch0JbWTw	2026-04-12 01:19:16.914057+07
lhf7wr7ym6rumc8nvo2ns7eqmba11sig	e30:1w6YKX:mV2_umeVBJGRvWg-931yMcNHCRaYbriYteg88oj3BWc	2026-04-12 01:24:17.702229+07
1lh0rahhs3zsgfinciqh8snp5noxg8ss	e30:1w6YKe:WrOtgKLG8JGl7dsV406eJ3c4ifT7udPbpNs_91djK50	2026-04-12 01:24:24.475475+07
dk776xfqnwunfy8algzq6ynnz60t29h6	.eJxVjEEOwiAQRe_C2pAyFBxcuu8ZyMAMUjVtUtqV8e7apAvd_vfef6lI21rj1mSJI6uLAnX63RLlh0w74DtNt1nneVqXMeld0QdtephZntfD_Tuo1Oq3Lmg4IJUMOfhinLGYeidI1vWmCwFAvCcGROqtuDO6DpjYiO3YJWb1_gDWZDep:1w758W:G0yff1YmSf0oQucbJ7HZLO5DFzGduajLpVT28_ycKWE	2026-04-13 12:26:04.710906+07
5kp3t0pfyxb2g7m2qb1kqxaccemsjubb	e30:1w77G5:NGnULVK8FNLq6iJiCvLIAyp2WfMG62Jo6uHiqGhYqpc	2026-04-13 14:42:01.632967+07
avzzjzzbza1u8rgw3d4a0y80pcl46vzy	e30:1w77L0:lUA_bb4C_OM-qZBPpH7YBLTw12-RBpjVmS1xrWzKMW0	2026-04-13 14:47:06.614136+07
vcf9r2e4hdpaz4bphf0kclkziprb1cft	e30:1w77OF:m8noIc6hwdvfvyqjsXEx5N226aaetj7F1iLMyoWfkYI	2026-04-13 14:50:27.694771+07
qdxbqslxl82i0g7t7x3c1beki7dt6lwh	e30:1w78Mk:wWW3ekRQ6PfbsElVF6kCK5qkuyrO2-hbFiBr5-HEL_4	2026-04-13 15:52:58.24349+07
1efkebovew60kzku8n7yuu7pgwzcbge1	e30:1w7CW9:cDqMHVpaAPc8u6ryiCTR3zOGpxEdeFTwr1Ztgk70qyY	2026-04-13 20:18:57.850785+07
y80q14nz4147ni2j1qnr83sa9lvtztou	e30:1w7CWA:QrQVhaLhtRhbMILsAMe-JUHjH1WUVjajNHNhv6uLAOE	2026-04-13 20:18:58.331074+07
ubsdwg7049ef4kfrlvd2cy2goioq6dro	e30:1w7DmT:bA2zGqlIbuZZYpDPxrlSb0QnRKqZsr9uSdyW3NAgxSg	2026-04-13 21:39:53.731096+07
0d4oie57vtjwi6xq7jllmr0k24zv78an	e30:1w7IaI:fBjuObOajqPFDIfnOIP7-8-nQrOhgxFt5c0qJWX3lBk	2026-04-14 02:47:38.029584+07
gdwprjiaa558lg1g7387gdjrutwaob6r	.eJxVjEEOwiAQRe_C2hAKDHVcuu8ZmmGGStVAUtqV8e7apAvd_vfef6mRtjWPW0vLOIu6KFSn3y0SP1LZgdyp3KrmWtZljnpX9EGbHqqk5_Vw_w4ytfytCZ3t0YKESdg6QNMhIhikDhi6MwXrfA8xcfBigjXOC6bJ-H6KITCr9we3Vjb3:1wCB1U:Pe77wUfpD_EwNYhGj70LDDqGnkvYPfvX0RW-dCG_BZ4	2026-04-27 13:43:52.345741+07
\.


--
-- Data for Name: django_site; Type: TABLE DATA; Schema: public; Owner: -
--

COPY public.django_site (id, domain, name) FROM stdin;
1	example.com	example.com
\.


--
-- Data for Name: finance_categories; Type: TABLE DATA; Schema: public; Owner: -
--

COPY public.finance_categories (id, name, type, description, is_active, created_at, deleted_at, is_deleted) FROM stdin;
1	Thu bán hàng	1		t	2026-03-14 12:52:11.845473+07	\N	f
2	Bán hàng	1	Thu từ bán hàng sản phẩm	t	2026-03-14 16:59:35.595773+07	\N	f
3	Thu công nợ	1	Thu tiền công nợ khách hàng	t	2026-03-14 16:59:35.597234+07	\N	f
4	Thu khác	1	Các khoản thu khác	t	2026-03-14 16:59:35.598874+07	\N	f
5	Nhập hàng	2	Chi mua hàng nhập kho	t	2026-03-14 16:59:35.600201+07	\N	f
6	Lương nhân viên	2	Chi trả lương hàng tháng	t	2026-03-14 16:59:35.601364+07	\N	f
7	Chi phí vận chuyển	2	Phí giao hàng, vận chuyển	t	2026-03-14 16:59:35.602694+07	\N	f
8	Chi phí mặt bằng	2	Tiền thuê mặt bằng, điện nước	t	2026-03-14 16:59:35.603989+07	\N	f
9	Chi khác	2	Các khoản chi khác	t	2026-03-14 16:59:35.605418+07	\N	f
\.


--
-- Data for Name: goods_receipt_items; Type: TABLE DATA; Schema: public; Owner: -
--

COPY public.goods_receipt_items (id, quantity, unit_price, total_price, goods_receipt_id, product_id, variant_id) FROM stdin;
20	50.00	26000000	1300000000	7	13	\N
21	30.00	1500000	45000000	7	11	\N
22	100.00	25000	2500000	7	7	\N
23	40.00	1200000	48000000	8	10	\N
24	20.00	12000000	240000000	8	12	\N
25	15.00	25000000	375000000	8	4	\N
26	25.00	38000000	950000000	9	9	\N
27	10.00	40000000	400000000	9	8	\N
28	30.00	45000	1350000	10	6	\N
29	50.00	180000	9000000	10	15	\N
30	20.00	28000000	560000000	12	4	\N
31	15.00	26000000	390000000	12	5	\N
32	50.00	120000	6000000	12	6	\N
33	100.00	80000	8000000	12	7	\N
34	8.00	48000000	384000000	12	8	\N
35	10.00	35000000	350000000	12	9	\N
36	20.00	2200000	44000000	12	10	\N
37	15.00	2000000	30000000	12	11	\N
38	30.00	5500000	165000000	12	14	\N
39	40.00	450000	18000000	12	15	\N
40	10.00	28000000	280000000	13	4	\N
41	8.00	26000000	208000000	13	5	\N
42	5.00	16000000	80000000	13	12	\N
43	10.00	9000000	90000000	13	13	\N
44	15.00	5500000	82500000	13	14	\N
45	20.00	450000	9000000	13	15	\N
46	30.00	120000	3600000	14	6	\N
47	50.00	80000	4000000	14	7	\N
48	10.00	2200000	22000000	14	10	\N
49	10.00	2000000	20000000	14	11	\N
50	30.00	450000	13500000	14	15	\N
51	5.00	28000000	140000000	15	4	\N
52	5.00	26000000	130000000	15	5	\N
53	20.00	80000	1600000	15	7	\N
54	5.00	9000000	45000000	15	13	\N
55	180.00	22000	3960000	16	16	\N
56	180.00	85000	15300000	16	17	\N
57	180.00	120000	21600000	16	18	\N
58	180.00	18000	3240000	16	19	\N
59	180.00	55000	9900000	16	20	\N
60	180.00	85000	15300000	16	21	\N
61	180.00	28000	5040000	16	22	\N
62	180.00	32000	5760000	16	23	\N
63	60.00	85000	5100000	16	24	\N
64	60.00	18000	1080000	16	25	\N
65	60.00	120000	7200000	16	26	\N
66	60.00	45000	2700000	16	27	\N
67	60.00	95000	5700000	16	28	\N
68	60.00	280000	16800000	16	29	\N
69	60.00	28000	1680000	16	30	\N
70	60.00	15000	900000	16	31	\N
71	29.00	45000	1305000	17	50	\N
72	20.00	15000	300000	17	47	\N
73	13.00	120000	1560000	17	45	\N
74	30.00	50000	1500000	17	53	\N
75	26.00	60000	1560000	17	51	\N
76	21.00	15000	315000	18	47	\N
77	15.00	30000	450000	18	52	\N
78	20.00	60000	1200000	18	51	\N
79	27.00	25000	675000	18	48	\N
80	20.00	40000	800000	19	49	\N
81	21.00	30000	630000	19	52	\N
82	24.00	50000	1200000	19	53	\N
83	28.00	45000	1260000	20	50	\N
84	27.00	15000	405000	20	47	\N
85	12.00	25000	300000	20	48	\N
86	20.00	40000	800000	21	49	\N
87	23.00	100000	2300000	21	46	\N
88	16.00	15000	240000	21	47	\N
89	11.00	60000	660000	21	51	\N
92	1.00	8000000	8000000	22	13	9
\.


--
-- Data for Name: goods_receipts; Type: TABLE DATA; Schema: public; Owner: -
--

COPY public.goods_receipts (id, code, status, total_amount, note, receipt_date, created_at, updated_at, created_by_id, purchase_order_id, supplier_id, warehouse_id, deleted_at, is_deleted) FROM stdin;
2	NK0001	0	135600000	Phiếu nhập kho #1	2026-03-08	2026-03-14 16:59:35.54031+07	2026-03-14 16:59:35.544061+07	2	\N	2	2	2026-03-15 01:35:40.988165+07	t
3	NK0002	0	1098000000	Phiếu nhập kho #2	2026-02-13	2026-03-14 16:59:35.545991+07	2026-03-14 16:59:35.550042+07	2	\N	3	3	2026-03-15 01:35:40.988165+07	t
4	NK0003	1	1736000000	Phiếu nhập kho #3	2026-02-17	2026-03-14 16:59:35.551459+07	2026-03-14 16:59:35.555585+07	2	\N	4	4	2026-03-15 01:35:40.988165+07	t
5	NK0004	1	649870000	Phiếu nhập kho #4	2026-03-09	2026-03-14 16:59:35.557203+07	2026-03-14 16:59:35.560658+07	2	\N	5	2	2026-03-15 01:35:40.988165+07	t
1	PN001	1	58450000		2026-03-14	2026-03-14 12:49:14.439643+07	2026-03-14 18:04:35.471789+07	2	\N	1	1	2026-03-15 01:35:40.988165+07	t
6	PN-TEST-001	0	176900000	Phiếu test - Nháp	2026-03-14	2026-03-14 18:04:35.474153+07	2026-03-14 18:04:35.479611+07	2	\N	2	2	2026-03-15 01:35:40.988165+07	t
7	PN-001	1	1347500000	\N	2026-02-18	2026-03-15 02:01:34.669622+07	2026-03-15 02:01:34.669626+07	2	\N	2	2	\N	f
8	PN-002	1	663000000	\N	2026-02-28	2026-03-15 02:01:34.679889+07	2026-03-15 02:01:34.679896+07	2	\N	5	2	\N	f
9	PN-003	1	1350000000	\N	2026-03-10	2026-03-15 02:01:34.690042+07	2026-03-15 02:01:34.690048+07	2	\N	6	3	\N	f
10	PN-004	0	10350000	\N	2026-03-12	2026-03-15 02:01:34.704813+07	2026-03-15 02:01:34.704821+07	2	\N	2	2	\N	f
12	PN-005	1	1955000000	Nhập hàng bổ sung Q1/2026	2026-03-15	2026-03-17 11:27:08.625632+07	2026-03-17 11:27:08.625638+07	2	\N	2	2	\N	f
13	PN-006	1	749500000	Nhập hàng chi nhánh Hà Nội	2026-03-16	2026-03-17 11:27:08.655859+07	2026-03-17 11:27:08.655863+07	2	\N	2	4	\N	f
14	PN-007	1	63100000	Nhập bổ sung kho Gò Vấp	2026-03-16	2026-03-17 11:27:08.672282+07	2026-03-17 11:27:08.672286+07	2	\N	2	3	\N	f
15	PN-008	1	316600000	Nhập hàng trưng bày	2026-03-17	2026-03-17 11:27:08.686214+07	2026-03-17 11:27:08.686218+07	2	\N	2	1	\N	f
16	PN-009	1	121260000	Nhập hàng siêu thị - SP gia dụng & thực phẩm	2026-03-17	2026-03-17 11:45:12.70332+07	2026-03-17 11:45:12.703326+07	2	\N	2	2	\N	f
17	PN-SPA-001	1	6225000	Nhập hàng đợt 1	2026-02-01	2026-03-17 16:18:43.120379+07	2026-03-17 16:18:43.125998+07	5	\N	\N	5	\N	f
18	PN-SPA-002	1	2640000	Nhập hàng đợt 2	2026-02-10	2026-03-17 16:18:43.127203+07	2026-03-17 16:18:43.131486+07	5	\N	\N	6	\N	f
19	PN-SPA-003	1	2630000	Nhập hàng đợt 3	2026-02-20	2026-03-17 16:18:43.132678+07	2026-03-17 16:18:43.136235+07	5	\N	\N	5	\N	f
20	PN-SPA-004	1	1965000	Nhập hàng đợt 4	2026-03-01	2026-03-17 16:18:43.137513+07	2026-03-17 16:18:43.141195+07	5	\N	\N	6	\N	f
21	PN-SPA-005	1	4000000	Nhập hàng đợt 5	2026-03-10	2026-03-17 16:18:43.142611+07	2026-03-17 16:18:43.147578+07	5	\N	\N	5	\N	f
22	1	1	8000000		0001-02-02	2026-03-27 20:17:57.414673+07	2026-03-27 20:20:00.096522+07	9	\N	5	2	\N	f
\.


--
-- Data for Name: module_permissions; Type: TABLE DATA; Schema: public; Owner: -
--

COPY public.module_permissions (id, module, action, is_allowed, role_group_id) FROM stdin;
\.


--
-- Data for Name: order_items; Type: TABLE DATA; Schema: public; Owner: -
--

COPY public.order_items (id, quantity, unit_price, cost_price, discount_percent, total_price, is_below_listed, order_id, product_id, variant_id) FROM stdin;
30	5.00	33490000	8000000	0.00	167450000	f	10	13	\N
31	3.00	2490000	1800000	5.00	7096500	t	10	11	\N
32	2.00	17490000	14000000	0.00	34980000	t	11	12	\N
33	5.00	2190000	1500000	0.00	10950000	t	11	10	\N
37	5.00	1000000	800000	0.00	5000000	f	14	13	\N
38	5.00	800000	800000	0.00	4000000	f	15	13	\N
39	3.00	1200000	900000	0.00	3600000	f	16	11	\N
40	10.00	250000	150000	0.00	2500000	f	17	7	\N
41	10.00	1250000	900000	0.00	12500000	f	18	13	\N
42	7.00	1200000	850000	0.00	8400000	f	19	11	\N
43	15.00	1500000	1000000	0.00	22500000	f	20	13	\N
44	5.00	2500000	1800000	0.00	12500000	f	20	7	\N
45	4.00	800000	600000	0.00	3200000	f	21	11	\N
48	10.00	79000	30000	0.00	790000	t	12	7	\N
49	1.00	39990000	28000000	0.00	39990000	f	12	4	\N
51	2.00	45000000	32000000	5.00	85500000	f	13	9	\N
52	20.00	79000	30000	0.00	1580000	t	22	7	\N
53	10.00	2190000	1500000	0.00	21900000	t	22	10	\N
54	2.00	79000	0	0.00	158000	f	23	7	\N
55	3.00	105000	0	0.00	315000	f	23	17	\N
56	5.00	29000	0	0.00	145000	f	24	25	\N
57	2.00	38000	0	0.00	76000	f	24	30	\N
58	1.00	69000	0	0.00	69000	f	24	20	\N
59	1.00	379000	0	0.00	379000	f	25	29	\N
60	3.00	29000	0	0.00	87000	f	25	25	\N
65	2.00	28000	22000	0.00	56000	f	30	16	\N
66	1.00	600000	120000	0.00	600000	f	31	35	\N
67	2.00	300000	50000	0.00	600000	f	31	37	\N
68	2.00	80000	15000	0.00	160000	f	31	41	\N
69	2.00	500000	150000	0.00	1000000	f	32	33	\N
70	2.00	300000	50000	0.00	600000	f	32	37	\N
71	2.00	600000	120000	0.00	1200000	f	32	35	\N
72	1.00	65000	45000	0.00	65000	f	33	27	\N
73	2.00	500000	150000	0.00	1000000	f	34	33	\N
74	2.00	150000	30000	0.00	300000	f	34	36	\N
75	2.00	80000	15000	0.00	160000	f	34	41	\N
76	1.00	300000	50000	0.00	300000	f	35	37	\N
77	1.00	25000	18000	0.00	25000	f	35	19	\N
78	2.00	350000	100000	0.00	700000	f	36	32	\N
79	1.00	39000	32000	0.00	39000	f	36	23	\N
80	1.00	125000	95000	0.00	125000	f	36	28	\N
81	1.00	300000	50000	0.00	300000	f	36	37	\N
82	2.00	29000	18000	0.00	58000	f	37	25	\N
83	2.00	280000	100000	0.00	560000	f	38	46	\N
84	2.00	200000	40000	0.00	400000	f	38	39	\N
85	2.00	39000	32000	0.00	78000	f	38	23	\N
86	2.00	600000	120000	0.00	1200000	f	38	35	\N
87	1.00	22000	15000	0.00	22000	f	39	31	\N
88	2.00	350000	100000	0.00	700000	f	39	32	\N
89	1.00	500000	150000	0.00	500000	f	39	33	\N
90	1.00	200000	40000	0.00	200000	f	40	39	\N
91	2.00	105000	85000	0.00	210000	f	40	17	\N
92	2.00	22000	15000	0.00	44000	f	40	31	\N
93	2.00	39000	32000	0.00	78000	f	40	23	\N
94	2.00	379000	280000	0.00	758000	f	41	29	\N
95	1.00	150000	30000	0.00	150000	f	41	36	\N
96	1.00	39000	32000	0.00	39000	f	41	23	\N
97	2.00	600000	120000	0.00	1200000	f	42	35	\N
98	2.00	109000	85000	0.00	218000	f	43	24	\N
99	2.00	22000	15000	0.00	44000	f	43	31	\N
100	1.00	29000	18000	0.00	29000	f	43	25	\N
101	2.00	350000	100000	0.00	700000	f	44	32	\N
102	2.00	149000	120000	0.00	298000	f	44	18	\N
103	1.00	350000	120000	0.00	350000	f	45	45	\N
104	2.00	159000	120000	0.00	318000	f	45	26	\N
105	2.00	28000	22000	0.00	56000	f	45	16	\N
106	1.00	500000	150000	0.00	500000	f	45	33	\N
107	2.00	200000	40000	0.00	400000	f	46	39	\N
108	1.00	25000	18000	0.00	25000	f	46	19	\N
109	2.00	250000	60000	0.00	500000	f	47	40	\N
110	1.00	200000	40000	0.00	200000	f	47	39	\N
111	1.00	280000	100000	0.00	280000	f	48	46	\N
112	1.00	180000	80000	0.00	180000	f	49	44	\N
113	2.00	99000	85000	0.00	198000	f	49	21	\N
114	2.00	65000	45000	0.00	130000	f	49	27	\N
115	1.00	159000	120000	0.00	159000	f	49	26	\N
116	2.00	35000	28000	0.00	70000	f	50	22	\N
117	1.00	69000	55000	0.00	69000	f	50	20	\N
118	2.00	28000	22000	0.00	56000	f	50	16	\N
119	2.00	65000	45000	0.00	130000	f	51	27	\N
120	1.00	400000	80000	0.00	400000	f	51	34	\N
121	1.00	150000	30000	0.00	150000	f	51	36	\N
122	1.00	180000	80000	0.00	180000	f	51	44	\N
123	1.00	22000	15000	0.00	22000	f	52	31	\N
124	1.00	700000	170000	0.00	700000	f	52	43	\N
125	1.00	69000	55000	0.00	69000	f	52	20	\N
126	1.00	100000	20000	0.00	100000	f	52	38	\N
127	1.00	35000	28000	0.00	35000	f	53	22	\N
128	1.00	99000	85000	0.00	99000	f	54	21	\N
129	1.00	65000	45000	0.00	65000	f	55	27	\N
130	2.00	200000	50000	0.00	400000	f	55	42	\N
131	1.00	35000	28000	0.00	35000	f	55	22	\N
132	2.00	300000	50000	0.00	600000	f	56	37	\N
133	2.00	400000	80000	0.00	800000	f	56	34	\N
134	1.00	28000	22000	0.00	28000	f	56	16	\N
135	2.00	109000	85000	0.00	218000	f	57	24	\N
136	1.00	100000	20000	0.00	100000	f	57	38	\N
137	2.00	300000	50000	0.00	600000	f	58	37	\N
138	1.00	22000	15000	0.00	22000	f	59	31	\N
139	2.00	200000	50000	0.00	400000	f	59	42	\N
140	1.00	125000	95000	0.00	125000	f	59	28	\N
141	1.00	150000	30000	0.00	150000	f	60	36	\N
142	2.00	250000	60000	0.00	500000	f	60	40	\N
143	2.00	600000	120000	0.00	1200000	f	60	35	\N
144	1.00	159000	120000	0.00	159000	f	61	26	\N
145	2.00	150000	30000	0.00	300000	f	62	36	\N
146	1.00	350000	100000	0.00	350000	f	62	32	\N
147	1.00	25000	18000	0.00	25000	f	62	19	\N
148	2.00	109000	85000	0.00	218000	f	62	24	\N
149	2.00	39000	32000	0.00	78000	f	63	23	\N
150	2.00	35000	28000	0.00	70000	f	63	22	\N
151	1.00	38000	28000	0.00	38000	f	64	30	\N
152	1.00	105000	85000	0.00	105000	f	64	17	\N
153	1.00	159000	120000	0.00	159000	f	64	26	\N
154	2.00	69000	55000	0.00	138000	f	65	20	\N
155	1.00	39000	32000	0.00	39000	f	65	23	\N
156	2.00	180000	80000	0.00	360000	f	66	44	\N
157	1.00	105000	85000	0.00	105000	f	66	17	\N
158	2.00	200000	50000	0.00	400000	f	66	42	\N
159	2.00	150000	30000	0.00	300000	f	67	36	\N
160	1.00	105000	85000	0.00	105000	f	68	17	\N
161	2.00	200000	50000	0.00	400000	f	68	42	\N
162	1.00	125000	95000	0.00	125000	f	68	28	\N
163	1.00	149000	120000	0.00	149000	f	68	18	\N
164	2.00	28000	22000	0.00	56000	f	69	16	\N
165	2.00	39000	32000	0.00	78000	f	69	23	\N
166	1.00	109000	85000	0.00	109000	f	69	24	\N
167	1.00	700000	170000	0.00	700000	f	70	43	\N
168	2.00	600000	120000	0.00	1200000	f	70	35	\N
169	2.00	125000	95000	0.00	250000	f	70	28	\N
170	2.00	400000	80000	0.00	800000	f	70	34	\N
171	1.00	35000	28000	0.00	35000	f	71	22	\N
172	2.00	25000	18000	0.00	50000	f	71	19	\N
173	1.00	250000	60000	0.00	250000	f	71	40	\N
174	2.00	99000	85000	0.00	198000	f	71	21	\N
175	2.00	99000	85000	0.00	198000	f	72	21	\N
176	2.00	180000	80000	0.00	360000	f	72	44	\N
177	1.00	22000	15000	0.00	22000	f	72	31	\N
178	2.00	150000	30000	0.00	300000	f	72	36	\N
179	2.00	22000	15000	0.00	44000	f	73	31	\N
180	2.00	28000	22000	0.00	56000	f	73	16	\N
181	1.00	99000	85000	0.00	99000	f	73	21	\N
182	1.00	400000	80000	0.00	400000	f	73	34	\N
183	2.00	200000	40000	0.00	400000	f	74	39	\N
184	1.00	200000	50000	0.00	200000	f	75	42	\N
185	1.00	38000	28000	0.00	38000	f	75	30	\N
186	1.00	180000	80000	0.00	180000	f	75	44	\N
187	2.00	180000	80000	0.00	360000	f	76	44	\N
188	1.00	65000	45000	0.00	65000	f	77	27	\N
189	1.00	100000	20000	0.00	100000	f	77	38	\N
190	2.00	150000	30000	0.00	300000	f	78	36	\N
191	2.00	600000	120000	0.00	1200000	f	78	35	\N
192	1.00	280000	100000	0.00	280000	f	79	46	\N
193	1.00	25000	18000	0.00	25000	f	79	19	\N
194	2.00	109000	85000	0.00	218000	f	80	24	\N
195	2.00	28000	22000	0.00	56000	f	81	16	\N
196	2.00	700000	170000	0.00	1400000	f	81	43	\N
197	1.00	379000	280000	0.00	379000	f	82	29	\N
198	1.00	69000	55000	0.00	69000	f	82	20	\N
199	2.00	22000	15000	0.00	44000	f	83	31	\N
200	1.00	80000	15000	0.00	80000	f	83	41	\N
201	1.00	159000	120000	0.00	159000	f	83	26	\N
202	1.00	39000	32000	0.00	39000	f	83	23	\N
203	1.00	250000	60000	0.00	250000	f	84	40	\N
204	1.00	69000	55000	0.00	69000	f	84	20	\N
205	1.00	500000	150000	0.00	500000	f	85	33	\N
206	1.00	39000	32000	0.00	39000	f	86	23	\N
207	1.00	100000	20000	0.00	100000	f	86	38	\N
208	2.00	200000	40000	0.00	400000	f	86	39	\N
209	2.00	700000	170000	0.00	1400000	f	87	43	\N
210	1.00	35000	28000	0.00	35000	f	87	22	\N
211	1.00	29000	18000	0.00	29000	f	87	25	\N
212	1.00	500000	150000	0.00	500000	f	87	33	\N
213	2.00	200000	50000	0.00	400000	f	88	42	\N
214	1.00	105000	85000	0.00	105000	f	88	17	\N
215	1.00	500000	150000	0.00	500000	f	88	33	\N
216	1.00	25000	18000	0.00	25000	f	89	19	\N
217	2.00	200000	40000	0.00	400000	f	89	39	\N
218	1.00	28000	22000	0.00	28000	f	89	16	\N
219	1.00	22000	15000	0.00	22000	f	89	31	\N
220	1.00	22000	15000	0.00	22000	f	90	31	\N
221	1.00	350000	120000	0.00	350000	f	91	45	\N
222	2.00	80000	15000	0.00	160000	f	91	41	\N
223	2.00	280000	100000	0.00	560000	f	91	46	\N
224	1.00	25000	18000	0.00	25000	f	91	19	\N
225	2.00	300000	50000	0.00	600000	f	92	37	\N
226	2.00	150000	30000	0.00	300000	f	92	36	\N
227	2.00	125000	95000	0.00	250000	f	93	28	\N
228	1.00	25000	18000	0.00	25000	f	93	19	\N
229	2.00	200000	40000	0.00	400000	f	93	39	\N
230	2.00	25000	18000	0.00	50000	f	94	19	\N
231	2.00	100000	20000	0.00	200000	f	94	38	\N
232	2.00	200000	40000	0.00	400000	f	94	39	\N
233	2.00	150000	30000	0.00	300000	f	94	36	\N
234	1.00	99000	85000	0.00	99000	f	95	21	\N
235	2.00	80000	15000	0.00	160000	f	96	41	\N
236	1.00	65000	45000	0.00	65000	f	96	27	\N
237	2.00	100000	20000	0.00	200000	f	97	38	\N
238	1.00	250000	60000	0.00	250000	f	97	40	\N
239	1.00	350000	120000	0.00	350000	f	97	45	\N
240	1.00	159000	120000	0.00	159000	f	97	26	\N
241	1.00	180000	80000	0.00	180000	f	98	44	\N
242	2.00	109000	85000	0.00	218000	f	98	24	\N
243	2.00	159000	120000	0.00	318000	f	99	26	\N
244	1.00	125000	95000	0.00	125000	f	99	28	\N
245	2.00	350000	120000	0.00	700000	f	99	45	\N
246	2.00	38000	28000	0.00	76000	f	100	30	\N
247	2.00	400000	80000	0.00	800000	f	101	34	\N
248	2.00	38000	28000	0.00	76000	f	101	30	\N
249	2.00	109000	85000	0.00	218000	f	102	24	\N
250	2.00	99000	85000	0.00	198000	f	103	21	\N
251	2.00	28000	22000	0.00	56000	f	103	16	\N
252	1.00	69000	55000	0.00	69000	f	104	20	\N
253	1.00	350000	100000	0.00	350000	f	104	32	\N
254	1.00	38000	28000	0.00	38000	f	105	30	\N
255	1.00	500000	150000	0.00	500000	f	105	33	\N
256	1.00	250000	60000	0.00	250000	f	106	40	\N
257	1.00	105000	85000	0.00	105000	f	106	17	\N
258	1.00	150000	30000	0.00	150000	f	106	36	\N
259	2.00	180000	80000	0.00	360000	f	106	44	\N
260	1.00	109000	85000	0.00	109000	f	107	24	\N
261	1.00	25000	18000	0.00	25000	f	108	19	\N
262	1.00	125000	95000	0.00	125000	f	108	28	\N
263	1.00	109000	85000	0.00	109000	f	108	24	\N
264	2.00	280000	100000	0.00	560000	f	109	46	\N
265	1.00	105000	85000	0.00	105000	f	109	17	\N
266	1.00	400000	80000	0.00	400000	f	109	34	\N
267	1.00	29000	18000	0.00	29000	f	109	25	\N
268	2.00	350000	120000	0.00	700000	f	110	45	\N
269	1.00	100000	20000	0.00	100000	f	110	38	\N
270	1.00	29000	18000	0.00	29000	f	111	25	\N
271	1.00	150000	30000	0.00	150000	f	111	36	\N
272	1.00	25000	18000	0.00	25000	f	112	19	\N
273	1.00	109000	85000	0.00	109000	f	112	24	\N
274	1.00	280000	100000	0.00	280000	f	112	46	\N
275	1.00	700000	170000	0.00	700000	f	113	43	\N
276	2.00	600000	120000	0.00	1200000	f	113	35	\N
277	1.00	28000	22000	0.00	28000	f	113	16	\N
278	1.00	105000	85000	0.00	105000	f	113	17	\N
279	2.00	350000	120000	0.00	700000	f	114	45	\N
280	1.00	39000	32000	0.00	39000	f	114	23	\N
281	1.00	200000	50000	0.00	200000	f	115	42	\N
282	2.00	600000	120000	0.00	1200000	f	115	35	\N
283	1.00	150000	30000	0.00	150000	f	116	36	\N
284	2.00	38000	28000	0.00	76000	f	117	30	\N
285	1.00	80000	15000	0.00	80000	f	117	41	\N
286	2.00	280000	100000	0.00	560000	f	117	46	\N
287	2.00	700000	170000	0.00	1400000	f	118	43	\N
288	1.00	200000	50000	0.00	200000	f	118	42	\N
289	1.00	280000	100000	0.00	280000	f	118	46	\N
290	1.00	39000	32000	0.00	39000	f	118	23	\N
291	2.00	28000	22000	0.00	56000	f	119	16	\N
292	1.00	200000	50000	0.00	200000	f	119	42	\N
293	1.00	125000	95000	0.00	125000	f	119	28	\N
294	1.00	180000	80000	0.00	180000	f	119	44	\N
295	1.00	69000	55000	0.00	69000	f	120	20	\N
296	2.00	350000	100000	0.00	700000	f	120	32	\N
297	1.00	109000	85000	0.00	109000	f	120	24	\N
298	2.00	180000	80000	0.00	360000	f	120	44	\N
299	2.00	159000	120000	0.00	318000	f	121	26	\N
300	2.00	100000	20000	0.00	200000	f	121	38	\N
301	2.00	109000	85000	0.00	218000	f	121	24	\N
302	2.00	200000	50000	0.00	400000	f	121	42	\N
303	1.00	600000	120000	0.00	600000	f	122	35	\N
304	2.00	65000	45000	0.00	130000	f	123	27	\N
305	1.00	39000	32000	0.00	39000	f	123	23	\N
306	1.00	500000	150000	0.00	500000	f	123	33	\N
307	2.00	100000	20000	0.00	200000	f	124	38	\N
308	2.00	250000	60000	0.00	500000	f	124	40	\N
309	1.00	22000	15000	0.00	22000	f	125	31	\N
310	2.00	379000	280000	0.00	758000	f	125	29	\N
311	2.00	125000	95000	0.00	250000	f	125	28	\N
312	2.00	39000	32000	0.00	78000	f	125	23	\N
313	2.00	379000	280000	0.00	758000	f	126	29	\N
314	1.00	29000	18000	0.00	29000	f	127	25	\N
315	2.00	105000	85000	0.00	210000	f	127	17	\N
316	2.00	109000	85000	0.00	218000	f	127	24	\N
317	2.00	100000	20000	0.00	200000	f	128	38	\N
318	1.00	25000	18000	0.00	25000	f	128	19	\N
319	1.00	700000	170000	0.00	700000	f	128	43	\N
320	2.00	280000	100000	0.00	560000	f	129	46	\N
321	2.00	400000	80000	0.00	800000	f	130	34	\N
322	2.00	25000	18000	0.00	50000	f	130	19	\N
323	1.00	69000	55000	0.00	69000	f	130	20	\N
324	1.00	25000	18000	0.00	25000	f	131	19	\N
325	1.00	29000	18000	0.00	29000	f	131	25	\N
326	1.00	65000	45000	0.00	65000	f	132	27	\N
327	1.00	25000	18000	0.00	25000	f	133	19	\N
328	1.00	400000	80000	0.00	400000	f	133	34	\N
329	1.00	200000	40000	0.00	200000	f	133	39	\N
330	2.00	500000	150000	0.00	1000000	f	133	33	\N
331	1.00	280000	100000	0.00	280000	f	134	46	\N
332	1.00	25000	18000	0.00	25000	f	134	19	\N
333	2.00	80000	15000	0.00	160000	f	134	41	\N
334	1.00	149000	120000	0.00	149000	f	135	18	\N
335	1.00	300000	50000	0.00	300000	f	135	37	\N
336	2.00	39000	32000	0.00	78000	f	136	23	\N
337	1.00	300000	50000	0.00	300000	f	136	37	\N
338	1.00	149000	120000	0.00	149000	f	137	18	\N
339	2.00	99000	85000	0.00	198000	f	137	21	\N
340	1.00	379000	280000	0.00	379000	f	137	29	\N
341	1.00	180000	80000	0.00	180000	f	138	44	\N
342	2.00	159000	120000	0.00	318000	f	138	26	\N
343	2.00	99000	85000	0.00	198000	f	138	21	\N
344	1.00	300000	50000	0.00	300000	f	138	37	\N
345	2.00	149000	120000	0.00	298000	f	139	18	\N
346	2.00	109000	85000	0.00	218000	f	139	24	\N
347	1.00	105000	85000	0.00	105000	f	139	17	\N
348	2.00	69000	55000	0.00	138000	f	139	20	\N
349	1.00	180000	80000	0.00	180000	f	140	44	\N
350	2.00	25000	18000	0.00	50000	f	140	19	\N
351	2.00	100000	20000	0.00	200000	f	140	38	\N
352	1.00	105000	85000	0.00	105000	f	141	17	\N
353	2.00	350000	120000	0.00	700000	f	141	45	\N
354	1.00	25000	18000	0.00	25000	f	141	19	\N
355	2.00	35000	28000	0.00	70000	f	142	22	\N
356	2.00	150000	30000	0.00	300000	f	142	36	\N
357	2.00	109000	85000	0.00	218000	f	142	24	\N
358	2.00	22000	15000	0.00	44000	f	142	31	\N
359	2.00	100000	20000	0.00	200000	f	143	38	\N
360	2.00	22000	15000	0.00	44000	f	144	31	\N
361	1.00	400000	80000	0.00	400000	f	144	34	\N
362	2.00	300000	50000	0.00	600000	f	144	37	\N
363	1.00	25000	18000	0.00	25000	f	144	19	\N
364	1.00	38000	28000	0.00	38000	f	145	30	\N
365	1.00	149000	120000	0.00	149000	f	146	18	\N
366	2.00	28000	22000	0.00	56000	f	146	16	\N
367	2.00	125000	95000	0.00	250000	f	146	28	\N
368	1.00	180000	80000	0.00	180000	f	146	44	\N
369	1.00	65000	45000	0.00	65000	f	147	27	\N
370	1.00	159000	120000	0.00	159000	f	147	26	\N
371	1.00	69000	55000	0.00	69000	f	147	20	\N
372	2.00	99000	85000	0.00	198000	f	148	21	\N
373	1.00	65000	45000	0.00	65000	f	148	27	\N
374	2.00	149000	120000	0.00	298000	f	148	18	\N
375	1.00	29000	18000	0.00	29000	f	148	25	\N
376	1.00	35000	28000	0.00	35000	f	149	22	\N
377	2.00	80000	15000	0.00	160000	f	149	41	\N
378	1.00	109000	85000	0.00	109000	f	149	24	\N
379	2.00	22000	15000	0.00	44000	f	150	31	\N
380	2.00	300000	50000	0.00	600000	f	151	37	\N
381	2.00	22000	15000	0.00	44000	f	151	31	\N
382	2.00	400000	80000	0.00	800000	f	151	34	\N
383	2.00	150000	30000	0.00	300000	f	152	36	\N
384	2.00	250000	60000	0.00	500000	f	152	40	\N
385	2.00	200000	50000	0.00	400000	f	152	42	\N
386	1.00	280000	100000	0.00	280000	f	153	46	\N
387	1.00	300000	50000	0.00	300000	f	154	37	\N
388	1.00	500000	150000	0.00	500000	f	154	33	\N
389	2.00	400000	80000	0.00	800000	f	154	34	\N
390	1.00	700000	170000	0.00	700000	f	154	43	\N
391	2.00	100000	20000	0.00	200000	f	155	38	\N
392	2.00	99000	85000	0.00	198000	f	155	21	\N
393	1.00	39000	32000	0.00	39000	f	156	23	\N
394	2.00	38000	28000	0.00	76000	f	157	30	\N
395	2.00	280000	100000	0.00	560000	f	157	46	\N
396	1.00	105000	85000	0.00	105000	f	157	17	\N
397	2.00	700000	170000	0.00	1400000	f	157	43	\N
398	2.00	600000	120000	0.00	1200000	f	158	35	\N
399	1.00	700000	170000	0.00	700000	f	158	43	\N
400	2.00	39000	32000	0.00	78000	f	158	23	\N
401	1.00	180000	80000	0.00	180000	f	158	44	\N
402	2.00	105000	85000	0.00	210000	f	159	17	\N
403	2.00	250000	60000	0.00	500000	f	159	40	\N
404	2.00	22000	15000	0.00	44000	f	160	31	\N
405	1.00	150000	30000	0.00	150000	f	160	36	\N
406	1.00	300000	50000	0.00	300000	f	160	37	\N
407	2.00	99000	85000	0.00	198000	f	160	21	\N
408	1.00	65000	45000	0.00	65000	f	161	27	\N
409	1.00	350000	100000	0.00	350000	f	162	32	\N
410	2.00	200000	40000	0.00	400000	f	162	39	\N
411	1.00	400000	80000	0.00	400000	f	162	34	\N
412	1.00	250000	60000	0.00	250000	f	163	40	\N
413	2.00	39000	32000	0.00	78000	f	163	23	\N
414	2.00	22000	15000	0.00	44000	f	163	31	\N
415	1.00	200000	40000	0.00	200000	f	164	39	\N
416	2.00	39000	32000	0.00	78000	f	164	23	\N
417	1.00	600000	120000	0.00	600000	f	164	35	\N
418	2.00	280000	100000	0.00	560000	f	165	46	\N
419	2.00	149000	120000	0.00	298000	f	165	18	\N
420	1.00	35000	28000	0.00	35000	f	165	22	\N
421	2.00	38000	28000	0.00	76000	f	166	30	\N
422	2.00	150000	30000	0.00	300000	f	167	36	\N
423	2.00	200000	50000	0.00	400000	f	168	42	\N
424	1.00	28000	22000	0.00	28000	f	168	16	\N
425	2.00	22000	15000	0.00	44000	f	168	31	\N
426	2.00	400000	80000	0.00	800000	f	168	34	\N
427	2.00	700000	170000	0.00	1400000	f	169	43	\N
428	1.00	700000	170000	0.00	700000	f	170	43	\N
429	2.00	69000	55000	0.00	138000	f	171	20	\N
430	1.00	99000	85000	0.00	99000	f	172	21	\N
431	1.00	125000	95000	0.00	125000	f	172	28	\N
432	1.00	28000	22000	0.00	28000	f	172	16	\N
433	2.00	200000	50000	0.00	400000	f	172	42	\N
434	1.00	350000	100000	0.00	350000	f	173	32	\N
435	1.00	150000	30000	0.00	150000	f	173	36	\N
436	1.00	159000	120000	0.00	159000	f	173	26	\N
437	2.00	125000	95000	0.00	250000	f	173	28	\N
438	2.00	180000	80000	0.00	360000	f	174	44	\N
439	2.00	700000	170000	0.00	1400000	f	174	43	\N
440	2.00	35000	28000	0.00	70000	f	175	22	\N
441	1.00	149000	120000	0.00	149000	f	175	18	\N
442	2.00	29000	18000	0.00	58000	f	176	25	\N
443	2.00	300000	50000	0.00	600000	f	176	37	\N
444	1.00	700000	170000	0.00	700000	f	177	43	\N
445	1.00	600000	120000	0.00	600000	f	177	35	\N
446	2.00	80000	15000	0.00	160000	f	177	41	\N
447	2.00	400000	80000	0.00	800000	f	178	34	\N
448	1.00	700000	170000	0.00	700000	f	178	43	\N
449	2.00	250000	60000	0.00	500000	f	178	40	\N
450	2.00	28000	22000	0.00	56000	f	178	16	\N
451	2.00	250000	60000	0.00	500000	f	179	40	\N
452	2.00	125000	95000	0.00	250000	f	180	28	\N
453	1.00	39000	32000	0.00	39000	f	180	23	\N
454	2.00	35000	28000	0.00	70000	f	180	22	\N
455	2.00	280000	100000	0.00	560000	f	181	46	\N
456	2.00	99000	85000	0.00	198000	f	181	21	\N
457	2.00	250000	60000	0.00	500000	f	182	40	\N
458	1.00	22000	15000	0.00	22000	f	182	31	\N
459	1.00	29000	18000	0.00	29000	f	182	25	\N
460	1.00	69000	55000	0.00	69000	f	183	20	\N
461	1.00	350000	120000	0.00	350000	f	183	45	\N
462	1.00	125000	95000	0.00	125000	f	184	28	\N
463	1.00	150000	30000	0.00	150000	f	185	36	\N
464	2.00	80000	15000	0.00	160000	f	186	41	\N
465	1.00	29000	18000	0.00	29000	f	186	25	\N
466	1.00	150000	30000	0.00	150000	f	187	36	\N
467	1.00	29000	18000	0.00	29000	f	187	25	\N
468	1.00	379000	280000	0.00	379000	f	188	29	\N
469	1.00	400000	80000	0.00	400000	f	188	34	\N
470	1.00	600000	120000	0.00	600000	f	188	35	\N
471	1.00	250000	60000	0.00	250000	f	188	40	\N
472	1.00	29000	18000	0.00	29000	f	189	25	\N
473	1.00	350000	100000	0.00	350000	f	189	32	\N
474	1.00	29000	18000	0.00	29000	f	190	25	\N
475	2.00	400000	80000	0.00	800000	f	190	34	\N
476	2.00	105000	85000	0.00	210000	f	191	17	\N
477	2.00	300000	50000	0.00	600000	f	191	37	\N
478	1.00	39000	32000	0.00	39000	f	191	23	\N
479	1.00	500000	150000	0.00	500000	f	191	33	\N
480	2.00	150000	30000	0.00	300000	f	192	36	\N
481	1.00	80000	15000	0.00	80000	f	192	41	\N
482	1.00	200000	50000	0.00	200000	f	192	42	\N
483	1.00	700000	170000	0.00	700000	f	192	43	\N
484	2.00	65000	45000	0.00	130000	f	193	27	\N
485	1.00	28000	22000	0.00	28000	f	193	16	\N
486	2.00	80000	15000	0.00	160000	f	193	41	\N
487	1.00	35000	28000	0.00	35000	f	193	22	\N
491	1.00	31000000	26000000	0.00	31000000	t	194	4	1
492	1.00	29000	18000	0.00	29000	t	194	25	\N
493	1.00	2490000	1800000	0.00	2490000	t	194	11	\N
498	61.00	10500000	8000000	0.00	640500000	t	195	13	9
499	1.00	12000000	9000000	0.00	12000000	t	195	13	10
502	5.00	10500000	8000000	0.00	52500000	t	196	13	9
509	11.00	10500000	8000000	0.00	115500000	t	198	13	9
517	1.00	500000	8000000	0.00	500000	t	201	13	9
\.


--
-- Data for Name: order_return_items; Type: TABLE DATA; Schema: public; Owner: -
--

COPY public.order_return_items (id, quantity, unit_price, total_price, reason, order_return_id, product_id) FROM stdin;
4	1	2490000	2490000	Phím bị kẹt	4	11
\.


--
-- Data for Name: order_returns; Type: TABLE DATA; Schema: public; Owner: -
--

COPY public.order_returns (id, code, status, total_refund, reason, return_date, note, created_at, updated_at, created_by_id, customer_id, order_id, warehouse_id, deleted_at, is_deleted) FROM stdin;
1	TH0001	1	6357718	Sai sản phẩm	2026-03-12	\N	2026-03-14 16:59:35.716786+07	2026-03-14 16:59:35.716789+07	2	2	2	2	2026-03-15 01:35:41.003419+07	t
2	TH0002	0	8217278	Khách đổi ý	2026-02-23	\N	2026-03-14 16:59:35.719622+07	2026-03-14 16:59:35.719625+07	2	3	3	2	2026-03-15 01:35:41.003419+07	t
3	TH0003	1	5214290	Hàng lỗi	2026-03-08	\N	2026-03-14 16:59:35.721916+07	2026-03-14 16:59:35.721919+07	2	4	4	2	2026-03-15 01:35:41.003419+07	t
4	TH-001	1	2490000	Sản phẩm lỗi	2026-03-10	\N	2026-03-15 02:01:34.88017+07	2026-03-15 02:01:34.880175+07	2	5	10	\N	\N	f
\.


--
-- Data for Name: orders; Type: TABLE DATA; Schema: public; Owner: -
--

COPY public.orders (id, code, status, payment_status, total_amount, discount_amount, tax_amount, final_amount, paid_amount, shipping_address, note, order_date, delivery_date, below_listed_price_warning, warning_email_sent, created_at, updated_at, created_by_id, customer_id, warehouse_id, quotation_id, deleted_at, is_deleted, store_id, approver_id, bonus_amount, creator_name, salesperson, server_staff, approval_status, approved_at) FROM stdin;
14	DH-005	6	0	5000000	0	0	5000000	0	\N	[HỦY] Lý do: Nhập sai đơn giá cho khách, giá đúng là 800.000 không phải 1.000.000\nĐơn thay thế: DH-006	2026-03-05	\N	f	f	2026-03-15 02:40:01.513659+07	2026-03-15 02:40:01.513664+07	2	5	1	\N	\N	f	3	\N	0	\N	\N	\N	0	\N
15	DH-006	5	2	4000000	0	0	4000000	4000000	\N	Đơn thay thế cho DH-005 (đã hủy do nhập sai giá)	2026-03-05	\N	f	f	2026-03-15 02:40:01.516537+07	2026-03-15 02:45:25.714579+07	2	5	1	\N	\N	f	3	\N	0	\N	\N	\N	0	\N
16	DH-007	6	0	3600000	0	0	3600000	0	\N	[HỦY] Lý do: Khách hàng đổi ý, yêu cầu hủy đơn sau khi xác nhận	2026-03-06	\N	f	f	2026-03-15 02:40:01.522746+07	2026-03-15 02:40:01.52275+07	2	4	1	\N	\N	f	3	\N	0	\N	\N	\N	0	\N
17	DH-008	6	0	2500000	0	0	2500000	0	\N	[HỦY] Lý do: Hết hàng trong kho, không đủ số lượng giao	2026-03-07	\N	f	f	2026-03-15 02:40:01.525125+07	2026-03-15 02:40:01.525128+07	2	5	1	\N	\N	f	3	\N	0	\N	\N	\N	0	\N
18	DH-009	5	0	12500000	0	0	12500000	0	\N	Khách xin ghi nợ, hẹn thanh toán trong 15 ngày	2026-03-04	\N	f	f	2026-03-15 02:45:25.716109+07	2026-03-15 02:45:25.716113+07	2	5	1	\N	\N	f	3	\N	0	\N	\N	\N	0	\N
20	DH-011	5	0	35000000	500000	0	34500000	0	\N	Khách hàng VIP, ghi nợ theo thỏa thuận, thanh toán cuối tháng	2026-03-02	\N	f	f	2026-03-15 02:45:25.721202+07	2026-03-15 02:45:25.721205+07	2	8	1	\N	\N	f	3	\N	0	\N	\N	\N	0	\N
2	DH0001	3	1	571290000	0	0	571290000	571290000	\N	Đơn hàng #1 - Công ty TNHH ABC	2026-02-14	\N	f	f	2026-03-14 16:59:35.648129+07	2026-03-14 16:59:35.65576+07	2	2	2	\N	2026-03-15 01:35:40.998627+07	t	\N	\N	0	\N	\N	\N	0	\N
3	DH0002	5	0	2430000	200000	0	2230000	1115000	\N	Đơn hàng #2 - Nguyễn Văn Tùng	2026-02-03	\N	f	f	2026-03-14 16:59:35.658899+07	2026-03-14 16:59:35.662632+07	2	3	3	\N	2026-03-15 01:35:40.998627+07	t	\N	\N	0	\N	\N	\N	0	\N
4	DH0003	0	2	389950000	0	0	389950000	389950000	\N	Đơn hàng #3 - Trần Minh Đức	2026-03-06	\N	f	f	2026-03-14 16:59:35.664659+07	2026-03-14 16:59:35.672181+07	2	4	4	\N	2026-03-15 01:35:40.998627+07	t	\N	\N	0	\N	\N	\N	0	\N
5	DH0004	5	1	62335000	0	0	62335000	62335000	\N	Đơn hàng #4 - Công ty CP XYZ	2026-01-23	\N	f	f	2026-03-14 16:59:35.67555+07	2026-03-14 16:59:35.680129+07	2	5	2	\N	2026-03-15 01:35:40.998627+07	t	\N	\N	0	\N	\N	\N	0	\N
6	DH0005	2	2	110010000	500000	0	109510000	109510000	\N	Đơn hàng #5 - Lê Thị Hương	2026-01-27	\N	f	f	2026-03-14 16:59:35.683037+07	2026-03-14 16:59:35.688697+07	2	6	3	\N	2026-03-15 01:35:40.998627+07	t	\N	\N	0	\N	\N	\N	0	\N
7	DH0006	5	2	152600000	500000	0	152100000	0	\N	Đơn hàng #6 - Phạm Quốc Bảo	2026-02-25	\N	f	f	2026-03-14 16:59:35.692197+07	2026-03-14 16:59:35.697527+07	2	7	4	\N	2026-03-15 01:35:40.998627+07	t	\N	\N	0	\N	\N	\N	0	\N
8	DH0007	0	1	159390000	500000	0	158890000	79445000	\N	Đơn hàng #7 - Đại lý Thành Công	2026-02-06	\N	f	f	2026-03-14 16:59:35.700744+07	2026-03-14 16:59:35.708807+07	2	8	2	\N	2026-03-15 01:35:40.998627+07	t	\N	\N	0	\N	\N	\N	0	\N
9	DH0008	0	0	204930000	0	0	204930000	102465000	\N	Đơn hàng #8 - Shop Mỹ Phẩm Lan	2026-03-10	\N	f	f	2026-03-14 16:59:35.711608+07	2026-03-14 16:59:35.714853+07	2	9	3	\N	2026-03-15 01:35:40.998627+07	t	\N	\N	0	\N	\N	\N	0	\N
12	DH-003	5	2	40780000	0	0	40780000	40780000	\N		2026-03-08	\N	f	f	2026-03-15 02:01:34.766776+07	2026-03-15 17:36:45.867317+07	2	1	1	\N	\N	f	3	\N	0	\N	\N	\N	0	\N
11	DH-002	5	2	45930000	0	0	45930000	45930000	\N	\N	2026-03-03	\N	f	f	2026-03-15 02:01:34.749556+07	2026-03-15 02:45:25.712461+07	2	2	2	\N	\N	f	3	\N	0	\N	\N	\N	0	\N
10	DH-001	5	2	174546500	0	0	174546500	174546500	\N	\N	2026-02-25	\N	f	f	2026-03-15 02:01:34.733108+07	2026-03-15 02:45:25.71364+07	2	5	2	\N	\N	f	3	\N	0	\N	\N	\N	0	\N
13	DH-004	5	2	85500000	0	0	85500000	85500000	\N		2026-03-12	\N	f	f	2026-03-15 02:01:34.773791+07	2026-03-17 09:24:24.258477+07	2	1	3	\N	\N	f	3	\N	0	\N	\N	\N	0	\N
19	DH-010	5	0	8400000	0	0	8400000	0	\N	Khách TT trước 5tr, còn lại 3.4tr hẹn tuần sau	2026-03-09	\N	f	f	2026-03-15 02:45:25.718968+07	2026-03-15 02:45:25.718971+07	2	2	1	\N	\N	f	3	\N	0	\N	\N	\N	0	\N
23	DH-BL001	5	2	473000	0	0	473000	473000	\N	Đơn bán lẻ - khách vãng lai	2026-03-17	\N	f	f	2026-03-17 14:09:11.904787+07	2026-03-17 14:09:11.904792+07	2	\N	1	\N	\N	f	3	\N	0	\N	\N	\N	0	\N
24	DH-BL002	5	2	290000	0	0	290000	290000	\N	Đơn bán lẻ - khách vãng lai	2026-03-16	\N	f	f	2026-03-17 14:09:11.913642+07	2026-03-17 14:09:11.913645+07	2	\N	1	\N	\N	f	3	\N	0	\N	\N	\N	0	\N
25	DH-BL003	5	2	466000	0	0	466000	466000	\N	Đơn bán lẻ - khách vãng lai	2026-03-15	\N	f	f	2026-03-17 14:09:11.921383+07	2026-03-17 14:09:11.921386+07	2	\N	2	\N	\N	f	3	\N	0	\N	\N	\N	0	\N
39	SPA-0010	5	2	1222000	20000	0	1202000	1202000	\N	\N	2026-02-03	\N	f	f	2026-03-17 15:54:13.168763+07	2026-03-17 15:54:13.1731+07	5	12	6	\N	\N	f	2	\N	0	\N	\N	\N	0	\N
40	SPA-0011	5	2	532000	0	0	532000	532000	\N	\N	2026-02-04	\N	f	f	2026-03-17 15:54:13.177327+07	2026-03-17 15:54:13.183481+07	5	11	6	\N	\N	f	2	\N	0	\N	\N	\N	0	\N
30	SPA-0001	5	2	56000	50000	0	6000	6000	\N	\N	2026-02-01	\N	f	f	2026-03-17 15:54:13.110358+07	2026-03-17 15:54:13.113118+07	5	16	6	\N	\N	f	2	\N	0	\N	\N	\N	0	\N
31	SPA-0002	5	2	1360000	50000	0	1310000	1310000	\N	\N	2026-02-01	\N	f	f	2026-03-17 15:54:13.116135+07	2026-03-17 15:54:13.119679+07	5	13	5	\N	\N	f	1	\N	0	\N	\N	\N	0	\N
32	SPA-0003	5	2	2800000	0	0	2800000	2800000	\N	\N	2026-02-01	\N	f	f	2026-03-17 15:54:13.122326+07	2026-03-17 15:54:13.125816+07	5	10	5	\N	\N	f	1	\N	0	\N	\N	\N	0	\N
33	SPA-0004	5	2	65000	10000	0	55000	55000	\N	\N	2026-02-02	\N	f	f	2026-03-17 15:54:13.128648+07	2026-03-17 15:54:13.130588+07	5	13	6	\N	\N	f	2	\N	0	\N	\N	\N	0	\N
34	SPA-0005	5	2	1460000	50000	0	1410000	1410000	\N	\N	2026-02-02	\N	f	f	2026-03-17 15:54:13.133444+07	2026-03-17 15:54:13.136892+07	5	16	6	\N	\N	f	2	\N	0	\N	\N	\N	0	\N
35	SPA-0006	5	2	325000	0	0	325000	325000	\N	\N	2026-02-02	\N	f	f	2026-03-17 15:54:13.13983+07	2026-03-17 15:54:13.142541+07	5	16	6	\N	\N	f	2	\N	0	\N	\N	\N	0	\N
36	SPA-0007	5	2	1164000	20000	0	1144000	1144000	\N	\N	2026-02-02	\N	f	f	2026-03-17 15:54:13.145651+07	2026-03-17 15:54:13.150228+07	5	16	5	\N	\N	f	1	\N	0	\N	\N	\N	0	\N
37	SPA-0008	5	2	58000	20000	0	38000	38000	\N	\N	2026-02-03	\N	f	f	2026-03-17 15:54:13.15357+07	2026-03-17 15:54:13.155783+07	5	11	5	\N	\N	f	1	\N	0	\N	\N	\N	0	\N
38	SPA-0009	5	2	2238000	20000	0	2218000	2218000	\N	\N	2026-02-03	\N	f	f	2026-03-17 15:54:13.159368+07	2026-03-17 15:54:13.164936+07	5	12	5	\N	\N	f	1	\N	0	\N	\N	\N	0	\N
41	SPA-0012	5	2	947000	0	0	947000	947000	\N	\N	2026-02-04	\N	f	f	2026-03-17 15:54:13.188848+07	2026-03-17 15:54:13.194112+07	5	16	6	\N	\N	f	2	\N	0	\N	\N	\N	0	\N
42	SPA-0013	5	2	1200000	0	0	1200000	1200000	\N	\N	2026-02-05	\N	f	f	2026-03-17 15:54:13.198459+07	2026-03-17 15:54:13.201022+07	5	15	5	\N	\N	f	1	\N	0	\N	\N	\N	0	\N
43	SPA-0014	5	2	291000	0	0	291000	291000	\N	\N	2026-02-05	\N	f	f	2026-03-17 15:54:13.205473+07	2026-03-17 15:54:13.210143+07	5	16	6	\N	\N	f	2	\N	0	\N	\N	\N	0	\N
44	SPA-0015	5	2	998000	20000	0	978000	978000	\N	\N	2026-02-05	\N	f	f	2026-03-17 15:54:13.214537+07	2026-03-17 15:54:13.218282+07	5	11	6	\N	\N	f	2	\N	0	\N	\N	\N	0	\N
45	SPA-0016	5	2	1224000	0	0	1224000	1224000	\N	\N	2026-02-05	\N	f	f	2026-03-17 15:54:13.222894+07	2026-03-17 15:54:13.228986+07	5	15	5	\N	\N	f	1	\N	0	\N	\N	\N	0	\N
46	SPA-0017	5	2	425000	0	0	425000	425000	\N	\N	2026-02-05	\N	f	f	2026-03-17 15:54:13.234046+07	2026-03-17 15:54:13.237899+07	5	11	6	\N	\N	f	2	\N	0	\N	\N	\N	0	\N
47	SPA-0018	5	2	700000	0	0	700000	700000	\N	\N	2026-02-06	\N	f	f	2026-03-17 15:54:13.24269+07	2026-03-17 15:54:13.246414+07	5	12	5	\N	\N	f	1	\N	0	\N	\N	\N	0	\N
48	SPA-0019	5	2	280000	20000	0	260000	260000	\N	\N	2026-02-06	\N	f	f	2026-03-17 15:54:13.251103+07	2026-03-17 15:54:13.253744+07	5	12	6	\N	\N	f	2	\N	0	\N	\N	\N	0	\N
49	SPA-0020	5	2	667000	10000	0	657000	657000	\N	\N	2026-02-06	\N	f	f	2026-03-17 15:54:13.258383+07	2026-03-17 15:54:13.264131+07	5	12	5	\N	\N	f	1	\N	0	\N	\N	\N	0	\N
50	SPA-0021	5	2	195000	10000	0	185000	185000	\N	\N	2026-02-06	\N	f	f	2026-03-17 15:54:13.269029+07	2026-03-17 15:54:13.274229+07	5	13	5	\N	\N	f	1	\N	0	\N	\N	\N	0	\N
51	SPA-0022	5	2	860000	50000	0	810000	810000	\N	\N	2026-02-06	\N	f	f	2026-03-17 15:54:13.279236+07	2026-03-17 15:54:13.285647+07	5	11	5	\N	\N	f	1	\N	0	\N	\N	\N	0	\N
52	SPA-0023	5	2	891000	10000	0	881000	881000	\N	\N	2026-02-07	\N	f	f	2026-03-17 15:54:13.290339+07	2026-03-17 15:54:13.295919+07	5	13	6	\N	\N	f	2	\N	0	\N	\N	\N	0	\N
53	SPA-0024	5	2	35000	0	0	35000	35000	\N	\N	2026-02-07	\N	f	f	2026-03-17 15:54:13.298551+07	2026-03-17 15:54:13.300222+07	5	14	6	\N	\N	f	2	\N	0	\N	\N	\N	0	\N
54	SPA-0025	5	2	99000	0	0	99000	99000	\N	\N	2026-02-07	\N	f	f	2026-03-17 15:54:13.303074+07	2026-03-17 15:54:13.305552+07	5	10	5	\N	\N	f	1	\N	0	\N	\N	\N	0	\N
55	SPA-0026	5	2	500000	0	0	500000	500000	\N	\N	2026-02-08	\N	f	f	2026-03-17 15:54:13.309657+07	2026-03-17 15:54:13.314327+07	5	16	5	\N	\N	f	1	\N	0	\N	\N	\N	0	\N
56	SPA-0027	5	2	1428000	0	0	1428000	1428000	\N	\N	2026-02-08	\N	f	f	2026-03-17 15:54:13.31907+07	2026-03-17 15:54:13.324715+07	5	11	6	\N	\N	f	2	\N	0	\N	\N	\N	0	\N
57	SPA-0028	5	2	318000	10000	0	308000	308000	\N	\N	2026-02-09	\N	f	f	2026-03-17 15:54:13.329728+07	2026-03-17 15:54:13.33497+07	5	15	6	\N	\N	f	2	\N	0	\N	\N	\N	0	\N
58	SPA-0029	5	2	600000	50000	0	550000	550000	\N	\N	2026-02-09	\N	f	f	2026-03-17 15:54:13.341727+07	2026-03-17 15:54:13.345108+07	5	15	5	\N	\N	f	1	\N	0	\N	\N	\N	0	\N
59	SPA-0030	5	2	547000	20000	0	527000	527000	\N	\N	2026-02-09	\N	f	f	2026-03-17 15:54:13.35001+07	2026-03-17 15:54:13.35424+07	5	10	6	\N	\N	f	2	\N	0	\N	\N	\N	0	\N
60	SPA-0031	5	2	1850000	0	0	1850000	1850000	\N	\N	2026-02-09	\N	f	f	2026-03-17 15:54:13.358518+07	2026-03-17 15:54:13.363396+07	5	13	6	\N	\N	f	2	\N	0	\N	\N	\N	0	\N
61	SPA-0032	5	2	159000	20000	0	139000	139000	\N	\N	2026-02-10	\N	f	f	2026-03-17 15:54:13.368259+07	2026-03-17 15:54:13.37118+07	5	13	6	\N	\N	f	2	\N	0	\N	\N	\N	0	\N
62	SPA-0033	5	2	893000	0	0	893000	893000	\N	\N	2026-02-10	\N	f	f	2026-03-17 15:54:13.375922+07	2026-03-17 15:54:13.38207+07	5	14	5	\N	\N	f	1	\N	0	\N	\N	\N	0	\N
63	SPA-0034	5	2	148000	50000	0	98000	98000	\N	\N	2026-02-10	\N	f	f	2026-03-17 15:54:13.387374+07	2026-03-17 15:54:13.391444+07	5	13	5	\N	\N	f	1	\N	0	\N	\N	\N	0	\N
64	SPA-0035	5	2	302000	0	0	302000	302000	\N	\N	2026-02-11	\N	f	f	2026-03-17 15:54:13.39646+07	2026-03-17 15:54:13.401616+07	5	11	5	\N	\N	f	1	\N	0	\N	\N	\N	0	\N
65	SPA-0036	5	2	177000	20000	0	157000	157000	\N	\N	2026-02-11	\N	f	f	2026-03-17 15:54:13.406939+07	2026-03-17 15:54:13.411095+07	5	11	5	\N	\N	f	1	\N	0	\N	\N	\N	0	\N
66	SPA-0037	5	2	865000	0	0	865000	865000	\N	\N	2026-02-12	\N	f	f	2026-03-17 15:54:13.416239+07	2026-03-17 15:54:13.422568+07	5	12	6	\N	\N	f	2	\N	0	\N	\N	\N	0	\N
67	SPA-0038	5	2	300000	50000	0	250000	250000	\N	\N	2026-02-12	\N	f	f	2026-03-17 15:54:13.427671+07	2026-03-17 15:54:13.430444+07	5	12	5	\N	\N	f	1	\N	0	\N	\N	\N	0	\N
22	DH-013	0	0	23480000	0	0	23480000	0	\N	Từ báo giá BG-003	2026-03-17	\N	f	f	2026-03-17 10:08:01.976675+07	2026-03-17 10:08:01.976681+07	2	8	\N	\N	\N	f	3	\N	0	\N	\N	\N	0	\N
68	SPA-0039	5	2	779000	0	0	779000	779000	\N	\N	2026-02-12	\N	f	f	2026-03-17 15:54:13.43511+07	2026-03-17 15:54:13.440612+07	5	14	6	\N	\N	f	2	\N	0	\N	\N	\N	0	\N
69	SPA-0040	5	2	243000	0	0	243000	243000	\N	\N	2026-02-12	\N	f	f	2026-03-17 15:54:13.446836+07	2026-03-17 15:54:13.452789+07	5	16	5	\N	\N	f	1	\N	0	\N	\N	\N	0	\N
70	SPA-0041	5	2	2950000	0	0	2950000	2950000	\N	\N	2026-02-12	\N	f	f	2026-03-17 15:54:13.459319+07	2026-03-17 15:54:13.465106+07	5	10	5	\N	\N	f	1	\N	0	\N	\N	\N	0	\N
71	SPA-0042	5	2	533000	0	0	533000	533000	\N	\N	2026-02-13	\N	f	f	2026-03-17 15:54:13.468481+07	2026-03-17 15:54:13.472831+07	5	12	6	\N	\N	f	2	\N	0	\N	\N	\N	0	\N
72	SPA-0043	5	2	880000	0	0	880000	880000	\N	\N	2026-02-13	\N	f	f	2026-03-17 15:54:13.476678+07	2026-03-17 15:54:13.481942+07	5	11	6	\N	\N	f	2	\N	0	\N	\N	\N	0	\N
73	SPA-0044	5	2	599000	0	0	599000	599000	\N	\N	2026-02-14	\N	f	f	2026-03-17 15:54:13.486167+07	2026-03-17 15:54:13.492855+07	5	15	6	\N	\N	f	2	\N	0	\N	\N	\N	0	\N
74	SPA-0045	5	2	400000	20000	0	380000	380000	\N	\N	2026-02-14	\N	f	f	2026-03-17 15:54:13.498636+07	2026-03-17 15:54:13.502291+07	5	14	5	\N	\N	f	1	\N	0	\N	\N	\N	0	\N
75	SPA-0046	5	2	418000	50000	0	368000	368000	\N	\N	2026-02-14	\N	f	f	2026-03-17 15:54:13.508281+07	2026-03-17 15:54:13.5144+07	5	12	6	\N	\N	f	2	\N	0	\N	\N	\N	0	\N
76	SPA-0047	5	2	360000	0	0	360000	360000	\N	\N	2026-02-14	\N	f	f	2026-03-17 15:54:13.518595+07	2026-03-17 15:54:13.521114+07	5	11	6	\N	\N	f	2	\N	0	\N	\N	\N	0	\N
77	SPA-0048	5	2	165000	20000	0	145000	145000	\N	\N	2026-02-15	\N	f	f	2026-03-17 15:54:13.525295+07	2026-03-17 15:54:13.52888+07	5	16	5	\N	\N	f	1	\N	0	\N	\N	\N	0	\N
78	SPA-0049	5	2	1500000	0	0	1500000	1500000	\N	\N	2026-02-15	\N	f	f	2026-03-17 15:54:13.533413+07	2026-03-17 15:54:13.537131+07	5	13	6	\N	\N	f	2	\N	0	\N	\N	\N	0	\N
79	SPA-0050	5	2	305000	0	0	305000	305000	\N	\N	2026-02-15	\N	f	f	2026-03-17 15:54:13.54172+07	2026-03-17 15:54:13.545485+07	5	13	6	\N	\N	f	2	\N	0	\N	\N	\N	0	\N
80	SPA-0051	5	2	218000	0	0	218000	218000	\N	\N	2026-02-15	\N	f	f	2026-03-17 15:54:13.55011+07	2026-03-17 15:54:13.552999+07	5	13	6	\N	\N	f	2	\N	0	\N	\N	\N	0	\N
81	SPA-0052	5	2	1456000	20000	0	1436000	1436000	\N	\N	2026-02-16	\N	f	f	2026-03-17 15:54:13.557671+07	2026-03-17 15:54:13.561514+07	5	11	6	\N	\N	f	2	\N	0	\N	\N	\N	0	\N
82	SPA-0053	5	2	448000	0	0	448000	448000	\N	\N	2026-02-16	\N	f	f	2026-03-17 15:54:13.566364+07	2026-03-17 15:54:13.570427+07	5	16	5	\N	\N	f	1	\N	0	\N	\N	\N	0	\N
83	SPA-0054	5	2	322000	0	0	322000	322000	\N	\N	2026-02-17	\N	f	f	2026-03-17 15:54:13.576954+07	2026-03-17 15:54:13.582684+07	5	14	6	\N	\N	f	2	\N	0	\N	\N	\N	0	\N
84	SPA-0055	5	2	319000	0	0	319000	319000	\N	\N	2026-02-17	\N	f	f	2026-03-17 15:54:13.587321+07	2026-03-17 15:54:13.59121+07	5	15	6	\N	\N	f	2	\N	0	\N	\N	\N	0	\N
85	SPA-0056	5	2	500000	0	0	500000	500000	\N	\N	2026-02-17	\N	f	f	2026-03-17 15:54:13.595961+07	2026-03-17 15:54:13.598664+07	5	13	5	\N	\N	f	1	\N	0	\N	\N	\N	0	\N
86	SPA-0057	5	2	539000	0	0	539000	539000	\N	\N	2026-02-17	\N	f	f	2026-03-17 15:54:13.603309+07	2026-03-17 15:54:13.60945+07	5	10	6	\N	\N	f	2	\N	0	\N	\N	\N	0	\N
87	SPA-0058	5	2	1964000	0	0	1964000	1964000	\N	\N	2026-02-17	\N	f	f	2026-03-17 15:54:13.614752+07	2026-03-17 15:54:13.621667+07	5	11	5	\N	\N	f	1	\N	0	\N	\N	\N	0	\N
88	SPA-0059	5	2	1005000	20000	0	985000	985000	\N	\N	2026-02-18	\N	f	f	2026-03-17 15:54:13.627318+07	2026-03-17 15:54:13.633067+07	5	13	6	\N	\N	f	2	\N	0	\N	\N	\N	0	\N
89	SPA-0060	5	2	475000	0	0	475000	475000	\N	\N	2026-02-18	\N	f	f	2026-03-17 15:54:13.639387+07	2026-03-17 15:54:13.646166+07	5	12	5	\N	\N	f	1	\N	0	\N	\N	\N	0	\N
90	SPA-0061	5	2	22000	0	0	22000	22000	\N	\N	2026-02-18	\N	f	f	2026-03-17 15:54:13.651945+07	2026-03-17 15:54:13.655228+07	5	16	6	\N	\N	f	2	\N	0	\N	\N	\N	0	\N
91	SPA-0062	5	2	1095000	20000	0	1075000	1075000	\N	\N	2026-02-18	\N	f	f	2026-03-17 15:54:13.660811+07	2026-03-17 15:54:13.667655+07	5	10	6	\N	\N	f	2	\N	0	\N	\N	\N	0	\N
92	SPA-0063	5	2	900000	50000	0	850000	850000	\N	\N	2026-02-18	\N	f	f	2026-03-17 15:54:13.673971+07	2026-03-17 15:54:13.678868+07	5	15	5	\N	\N	f	1	\N	0	\N	\N	\N	0	\N
93	SPA-0064	5	2	675000	50000	0	625000	625000	\N	\N	2026-02-19	\N	f	f	2026-03-17 15:54:13.684664+07	2026-03-17 15:54:13.690242+07	5	11	5	\N	\N	f	1	\N	0	\N	\N	\N	0	\N
94	SPA-0065	5	2	950000	0	0	950000	950000	\N	\N	2026-02-19	\N	f	f	2026-03-17 15:54:13.695884+07	2026-03-17 15:54:13.702693+07	5	11	6	\N	\N	f	2	\N	0	\N	\N	\N	0	\N
95	SPA-0066	5	2	99000	0	0	99000	99000	\N	\N	2026-02-19	\N	f	f	2026-03-17 15:54:13.708241+07	2026-03-17 15:54:13.711251+07	5	15	6	\N	\N	f	2	\N	0	\N	\N	\N	0	\N
96	SPA-0067	5	2	225000	10000	0	215000	215000	\N	\N	2026-02-19	\N	f	f	2026-03-17 15:54:13.71636+07	2026-03-17 15:54:13.71945+07	5	13	6	\N	\N	f	2	\N	0	\N	\N	\N	0	\N
97	SPA-0068	5	2	959000	50000	0	909000	909000	\N	\N	2026-02-19	\N	f	f	2026-03-17 15:54:13.722112+07	2026-03-17 15:54:13.72638+07	5	11	5	\N	\N	f	1	\N	0	\N	\N	\N	0	\N
98	SPA-0069	5	2	398000	50000	0	348000	348000	\N	\N	2026-02-20	\N	f	f	2026-03-17 15:54:13.730333+07	2026-03-17 15:54:13.734159+07	5	10	6	\N	\N	f	2	\N	0	\N	\N	\N	0	\N
99	SPA-0070	5	2	1143000	0	0	1143000	1143000	\N	\N	2026-02-20	\N	f	f	2026-03-17 15:54:13.738808+07	2026-03-17 15:54:13.743746+07	5	15	5	\N	\N	f	1	\N	0	\N	\N	\N	0	\N
100	SPA-0071	5	2	76000	0	0	76000	76000	\N	\N	2026-02-21	\N	f	f	2026-03-17 15:54:13.748585+07	2026-03-17 15:54:13.751335+07	5	10	5	\N	\N	f	1	\N	0	\N	\N	\N	0	\N
101	SPA-0072	5	2	876000	20000	0	856000	856000	\N	\N	2026-02-21	\N	f	f	2026-03-17 15:54:13.756123+07	2026-03-17 15:54:13.75998+07	5	10	6	\N	\N	f	2	\N	0	\N	\N	\N	0	\N
102	SPA-0073	5	2	218000	0	0	218000	218000	\N	\N	2026-02-21	\N	f	f	2026-03-17 15:54:13.764824+07	2026-03-17 15:54:13.76754+07	5	15	6	\N	\N	f	2	\N	0	\N	\N	\N	0	\N
103	SPA-0074	5	2	254000	0	0	254000	254000	\N	\N	2026-02-22	\N	f	f	2026-03-17 15:54:13.772344+07	2026-03-17 15:54:13.776194+07	5	14	5	\N	\N	f	1	\N	0	\N	\N	\N	0	\N
104	SPA-0075	5	2	419000	0	0	419000	419000	\N	\N	2026-02-22	\N	f	f	2026-03-17 15:54:13.781042+07	2026-03-17 15:54:13.784931+07	5	14	6	\N	\N	f	2	\N	0	\N	\N	\N	0	\N
105	SPA-0076	5	2	538000	20000	0	518000	518000	\N	\N	2026-02-22	\N	f	f	2026-03-17 15:54:13.789849+07	2026-03-17 15:54:13.793647+07	5	13	6	\N	\N	f	2	\N	0	\N	\N	\N	0	\N
106	SPA-0077	5	2	865000	50000	0	815000	815000	\N	\N	2026-02-23	\N	f	f	2026-03-17 15:54:13.798642+07	2026-03-17 15:54:13.804892+07	5	10	6	\N	\N	f	2	\N	0	\N	\N	\N	0	\N
107	SPA-0078	5	2	109000	50000	0	59000	59000	\N	\N	2026-02-23	\N	f	f	2026-03-17 15:54:13.810053+07	2026-03-17 15:54:13.812877+07	5	11	5	\N	\N	f	1	\N	0	\N	\N	\N	0	\N
108	SPA-0079	5	2	259000	0	0	259000	259000	\N	\N	2026-02-23	\N	f	f	2026-03-17 15:54:13.817823+07	2026-03-17 15:54:13.823281+07	5	12	5	\N	\N	f	1	\N	0	\N	\N	\N	0	\N
109	SPA-0080	5	2	1094000	10000	0	1084000	1084000	\N	\N	2026-02-24	\N	f	f	2026-03-17 15:54:13.828846+07	2026-03-17 15:54:13.836684+07	5	10	6	\N	\N	f	2	\N	0	\N	\N	\N	0	\N
110	SPA-0081	5	2	800000	0	0	800000	800000	\N	\N	2026-02-24	\N	f	f	2026-03-17 15:54:13.841368+07	2026-03-17 15:54:13.844928+07	5	10	5	\N	\N	f	1	\N	0	\N	\N	\N	0	\N
111	SPA-0082	5	2	179000	0	0	179000	179000	\N	\N	2026-02-24	\N	f	f	2026-03-17 15:54:13.849096+07	2026-03-17 15:54:13.852731+07	5	12	6	\N	\N	f	2	\N	0	\N	\N	\N	0	\N
112	SPA-0083	5	2	414000	50000	0	364000	364000	\N	\N	2026-02-25	\N	f	f	2026-03-17 15:54:13.857243+07	2026-03-17 15:54:13.86198+07	5	10	5	\N	\N	f	1	\N	0	\N	\N	\N	0	\N
113	SPA-0084	5	2	2033000	50000	0	1983000	1983000	\N	\N	2026-02-25	\N	f	f	2026-03-17 15:54:13.866404+07	2026-03-17 15:54:13.8729+07	5	12	5	\N	\N	f	1	\N	0	\N	\N	\N	0	\N
114	SPA-0085	5	2	739000	20000	0	719000	719000	\N	\N	2026-02-25	\N	f	f	2026-03-17 15:54:13.878029+07	2026-03-17 15:54:13.88237+07	5	11	5	\N	\N	f	1	\N	0	\N	\N	\N	0	\N
115	SPA-0086	5	2	1400000	10000	0	1390000	1390000	\N	\N	2026-02-25	\N	f	f	2026-03-17 15:54:13.889012+07	2026-03-17 15:54:13.894541+07	5	10	6	\N	\N	f	2	\N	0	\N	\N	\N	0	\N
116	SPA-0087	5	2	150000	0	0	150000	150000	\N	\N	2026-02-25	\N	f	f	2026-03-17 15:54:13.902169+07	2026-03-17 15:54:13.905544+07	5	15	5	\N	\N	f	1	\N	0	\N	\N	\N	0	\N
117	SPA-0088	5	2	716000	50000	0	666000	666000	\N	\N	2026-02-26	\N	f	f	2026-03-17 15:54:13.912515+07	2026-03-17 15:54:13.91848+07	5	11	6	\N	\N	f	2	\N	0	\N	\N	\N	0	\N
118	SPA-0089	5	2	1919000	50000	0	1869000	1869000	\N	\N	2026-02-26	\N	f	f	2026-03-17 15:54:13.925927+07	2026-03-17 15:54:13.933252+07	5	15	6	\N	\N	f	2	\N	0	\N	\N	\N	0	\N
119	SPA-0090	5	2	561000	0	0	561000	561000	\N	\N	2026-02-26	\N	f	f	2026-03-17 15:54:13.93953+07	2026-03-17 15:54:13.946611+07	5	12	6	\N	\N	f	2	\N	0	\N	\N	\N	0	\N
120	SPA-0091	5	2	1238000	0	0	1238000	1238000	\N	\N	2026-02-26	\N	f	f	2026-03-17 15:54:13.952369+07	2026-03-17 15:54:13.9592+07	5	11	5	\N	\N	f	1	\N	0	\N	\N	\N	0	\N
121	SPA-0092	5	2	1136000	10000	0	1126000	1126000	\N	\N	2026-02-27	\N	f	f	2026-03-17 15:54:13.964721+07	2026-03-17 15:54:13.971971+07	5	11	5	\N	\N	f	1	\N	0	\N	\N	\N	0	\N
122	SPA-0093	5	2	600000	50000	0	550000	550000	\N	\N	2026-02-27	\N	f	f	2026-03-17 15:54:13.977467+07	2026-03-17 15:54:13.980306+07	5	15	5	\N	\N	f	1	\N	0	\N	\N	\N	0	\N
123	SPA-0094	5	2	669000	0	0	669000	669000	\N	\N	2026-02-27	\N	f	f	2026-03-17 15:54:13.985223+07	2026-03-17 15:54:13.98981+07	5	14	6	\N	\N	f	2	\N	0	\N	\N	\N	0	\N
124	SPA-0095	5	2	700000	0	0	700000	700000	\N	\N	2026-02-27	\N	f	f	2026-03-17 15:54:13.994595+07	2026-03-17 15:54:13.998313+07	5	16	6	\N	\N	f	2	\N	0	\N	\N	\N	0	\N
125	SPA-0096	5	2	1108000	20000	0	1088000	1088000	\N	\N	2026-02-27	\N	f	f	2026-03-17 15:54:14.001696+07	2026-03-17 15:54:14.006852+07	5	10	5	\N	\N	f	1	\N	0	\N	\N	\N	0	\N
126	SPA-0097	5	2	758000	0	0	758000	758000	\N	\N	2026-02-28	\N	f	f	2026-03-17 15:54:14.011367+07	2026-03-17 15:54:14.014051+07	5	16	5	\N	\N	f	1	\N	0	\N	\N	\N	0	\N
127	SPA-0098	5	2	457000	50000	0	407000	407000	\N	\N	2026-02-28	\N	f	f	2026-03-17 15:54:14.018512+07	2026-03-17 15:54:14.023453+07	5	10	6	\N	\N	f	2	\N	0	\N	\N	\N	0	\N
128	SPA-0099	5	2	925000	10000	0	915000	915000	\N	\N	2026-02-28	\N	f	f	2026-03-17 15:54:14.02806+07	2026-03-17 15:54:14.032894+07	5	13	6	\N	\N	f	2	\N	0	\N	\N	\N	0	\N
129	SPA-0100	5	2	560000	0	0	560000	560000	\N	\N	2026-02-28	\N	f	f	2026-03-17 15:54:14.037666+07	2026-03-17 15:54:14.040347+07	5	14	5	\N	\N	f	1	\N	0	\N	\N	\N	0	\N
130	SPA-0101	5	2	919000	10000	0	909000	909000	\N	\N	2026-02-28	\N	f	f	2026-03-17 15:54:14.044935+07	2026-03-17 15:54:14.049843+07	5	16	6	\N	\N	f	2	\N	0	\N	\N	\N	0	\N
131	SPA-0102	5	2	54000	50000	0	4000	4000	\N	\N	2026-03-01	\N	f	f	2026-03-17 15:54:14.053563+07	2026-03-17 15:54:14.056251+07	5	11	5	\N	\N	f	1	\N	0	\N	\N	\N	0	\N
132	SPA-0103	5	2	65000	0	0	65000	65000	\N	\N	2026-03-01	\N	f	f	2026-03-17 15:54:14.059325+07	2026-03-17 15:54:14.06172+07	5	16	6	\N	\N	f	2	\N	0	\N	\N	\N	0	\N
133	SPA-0104	5	2	1625000	0	0	1625000	1625000	\N	\N	2026-03-01	\N	f	f	2026-03-17 15:54:14.066168+07	2026-03-17 15:54:14.072313+07	5	11	6	\N	\N	f	2	\N	0	\N	\N	\N	0	\N
134	SPA-0105	5	2	465000	0	0	465000	465000	\N	\N	2026-03-01	\N	f	f	2026-03-17 15:54:14.077161+07	2026-03-17 15:54:14.082189+07	5	16	6	\N	\N	f	2	\N	0	\N	\N	\N	0	\N
135	SPA-0106	5	2	449000	0	0	449000	449000	\N	\N	2026-03-01	\N	f	f	2026-03-17 15:54:14.087551+07	2026-03-17 15:54:14.091629+07	5	12	6	\N	\N	f	2	\N	0	\N	\N	\N	0	\N
136	SPA-0107	5	2	378000	20000	0	358000	358000	\N	\N	2026-03-02	\N	f	f	2026-03-17 15:54:14.096557+07	2026-03-17 15:54:14.100602+07	5	11	5	\N	\N	f	1	\N	0	\N	\N	\N	0	\N
137	SPA-0108	5	2	726000	20000	0	706000	706000	\N	\N	2026-03-02	\N	f	f	2026-03-17 15:54:14.105566+07	2026-03-17 15:54:14.110703+07	5	10	5	\N	\N	f	1	\N	0	\N	\N	\N	0	\N
138	SPA-0109	5	2	996000	10000	0	986000	986000	\N	\N	2026-03-02	\N	f	f	2026-03-17 15:54:14.115586+07	2026-03-17 15:54:14.121654+07	5	16	6	\N	\N	f	2	\N	0	\N	\N	\N	0	\N
139	SPA-0110	5	2	759000	0	0	759000	759000	\N	\N	2026-03-02	\N	f	f	2026-03-17 15:54:14.126649+07	2026-03-17 15:54:14.132856+07	5	14	6	\N	\N	f	2	\N	0	\N	\N	\N	0	\N
140	SPA-0111	5	2	430000	0	0	430000	430000	\N	\N	2026-03-02	\N	f	f	2026-03-17 15:54:14.140459+07	2026-03-17 15:54:14.14616+07	5	11	6	\N	\N	f	2	\N	0	\N	\N	\N	0	\N
141	SPA-0112	5	2	830000	50000	0	780000	780000	\N	\N	2026-03-03	\N	f	f	2026-03-17 15:54:14.151997+07	2026-03-17 15:54:14.15789+07	5	12	5	\N	\N	f	1	\N	0	\N	\N	\N	0	\N
142	SPA-0113	5	2	632000	0	0	632000	632000	\N	\N	2026-03-03	\N	f	f	2026-03-17 15:54:14.165062+07	2026-03-17 15:54:14.172534+07	5	14	5	\N	\N	f	1	\N	0	\N	\N	\N	0	\N
143	SPA-0114	5	2	200000	0	0	200000	200000	\N	\N	2026-03-03	\N	f	f	2026-03-17 15:54:14.178753+07	2026-03-17 15:54:14.181784+07	5	15	6	\N	\N	f	2	\N	0	\N	\N	\N	0	\N
144	SPA-0115	5	2	1069000	10000	0	1059000	1059000	\N	\N	2026-03-03	\N	f	f	2026-03-17 15:54:14.187331+07	2026-03-17 15:54:14.193813+07	5	15	6	\N	\N	f	2	\N	0	\N	\N	\N	0	\N
145	SPA-0116	5	2	38000	0	0	38000	38000	\N	\N	2026-03-04	\N	f	f	2026-03-17 15:54:14.199475+07	2026-03-17 15:54:14.202415+07	5	11	6	\N	\N	f	2	\N	0	\N	\N	\N	0	\N
146	SPA-0117	5	2	635000	0	0	635000	635000	\N	\N	2026-03-04	\N	f	f	2026-03-17 15:54:14.207769+07	2026-03-17 15:54:14.214041+07	5	11	5	\N	\N	f	1	\N	0	\N	\N	\N	0	\N
147	SPA-0118	5	2	293000	0	0	293000	293000	\N	\N	2026-03-05	\N	f	f	2026-03-17 15:54:14.219927+07	2026-03-17 15:54:14.225457+07	5	11	5	\N	\N	f	1	\N	0	\N	\N	\N	0	\N
148	SPA-0119	5	2	590000	0	0	590000	590000	\N	\N	2026-03-05	\N	f	f	2026-03-17 15:54:14.22972+07	2026-03-17 15:54:14.235345+07	5	12	5	\N	\N	f	1	\N	0	\N	\N	\N	0	\N
149	SPA-0120	5	2	304000	0	0	304000	304000	\N	\N	2026-03-05	\N	f	f	2026-03-17 15:54:14.238905+07	2026-03-17 15:54:14.243414+07	5	13	5	\N	\N	f	1	\N	0	\N	\N	\N	0	\N
150	SPA-0121	5	2	44000	50000	0	-6000	-6000	\N	\N	2026-03-05	\N	f	f	2026-03-17 15:54:14.246654+07	2026-03-17 15:54:14.248712+07	5	10	6	\N	\N	f	2	\N	0	\N	\N	\N	0	\N
151	SPA-0122	5	2	1444000	0	0	1444000	1444000	\N	\N	2026-03-05	\N	f	f	2026-03-17 15:54:14.251896+07	2026-03-17 15:54:14.255948+07	5	13	6	\N	\N	f	2	\N	0	\N	\N	\N	0	\N
152	SPA-0123	5	2	1200000	10000	0	1190000	1190000	\N	\N	2026-03-06	\N	f	f	2026-03-17 15:54:14.259044+07	2026-03-17 15:54:14.263371+07	5	14	5	\N	\N	f	1	\N	0	\N	\N	\N	0	\N
153	SPA-0124	5	2	280000	0	0	280000	280000	\N	\N	2026-03-06	\N	f	f	2026-03-17 15:54:14.266481+07	2026-03-17 15:54:14.268334+07	5	16	6	\N	\N	f	2	\N	0	\N	\N	\N	0	\N
154	SPA-0125	5	2	2300000	0	0	2300000	2300000	\N	\N	2026-03-06	\N	f	f	2026-03-17 15:54:14.271162+07	2026-03-17 15:54:14.27607+07	5	14	5	\N	\N	f	1	\N	0	\N	\N	\N	0	\N
155	SPA-0126	5	2	398000	0	0	398000	398000	\N	\N	2026-03-06	\N	f	f	2026-03-17 15:54:14.27904+07	2026-03-17 15:54:14.281917+07	5	12	5	\N	\N	f	1	\N	0	\N	\N	\N	0	\N
156	SPA-0127	5	2	39000	0	0	39000	39000	\N	\N	2026-03-07	\N	f	f	2026-03-17 15:54:14.284844+07	2026-03-17 15:54:14.286732+07	5	12	6	\N	\N	f	2	\N	0	\N	\N	\N	0	\N
157	SPA-0128	5	2	2141000	0	0	2141000	2141000	\N	\N	2026-03-07	\N	f	f	2026-03-17 15:54:14.289639+07	2026-03-17 15:54:14.294342+07	5	11	6	\N	\N	f	2	\N	0	\N	\N	\N	0	\N
158	SPA-0129	5	2	2158000	0	0	2158000	2158000	\N	\N	2026-03-08	\N	f	f	2026-03-17 15:54:14.297159+07	2026-03-17 15:54:14.301917+07	5	14	6	\N	\N	f	2	\N	0	\N	\N	\N	0	\N
159	SPA-0130	5	2	710000	0	0	710000	710000	\N	\N	2026-03-08	\N	f	f	2026-03-17 15:54:14.304837+07	2026-03-17 15:54:14.307539+07	5	12	5	\N	\N	f	1	\N	0	\N	\N	\N	0	\N
160	SPA-0131	5	2	692000	0	0	692000	692000	\N	\N	2026-03-09	\N	f	f	2026-03-17 15:54:14.310329+07	2026-03-17 15:54:14.315383+07	5	14	5	\N	\N	f	1	\N	0	\N	\N	\N	0	\N
161	SPA-0132	5	2	65000	50000	0	15000	15000	\N	\N	2026-03-09	\N	f	f	2026-03-17 15:54:14.318204+07	2026-03-17 15:54:14.32011+07	5	11	6	\N	\N	f	2	\N	0	\N	\N	\N	0	\N
162	SPA-0133	5	2	1150000	0	0	1150000	1150000	\N	\N	2026-03-09	\N	f	f	2026-03-17 15:54:14.322941+07	2026-03-17 15:54:14.326809+07	5	12	6	\N	\N	f	2	\N	0	\N	\N	\N	0	\N
163	SPA-0134	5	2	372000	20000	0	352000	352000	\N	\N	2026-03-09	\N	f	f	2026-03-17 15:54:14.329746+07	2026-03-17 15:54:14.333416+07	5	10	6	\N	\N	f	2	\N	0	\N	\N	\N	0	\N
164	SPA-0135	5	2	878000	20000	0	858000	858000	\N	\N	2026-03-10	\N	f	f	2026-03-17 15:54:14.336239+07	2026-03-17 15:54:14.340081+07	5	14	5	\N	\N	f	1	\N	0	\N	\N	\N	0	\N
165	SPA-0136	5	2	893000	0	0	893000	893000	\N	\N	2026-03-10	\N	f	f	2026-03-17 15:54:14.343417+07	2026-03-17 15:54:14.347355+07	5	10	5	\N	\N	f	1	\N	0	\N	\N	\N	0	\N
166	SPA-0137	5	2	76000	10000	0	66000	66000	\N	\N	2026-03-11	\N	f	f	2026-03-17 15:54:14.350363+07	2026-03-17 15:54:14.352239+07	5	11	5	\N	\N	f	1	\N	0	\N	\N	\N	0	\N
167	SPA-0138	5	2	300000	50000	0	250000	250000	\N	\N	2026-03-11	\N	f	f	2026-03-17 15:54:14.3552+07	2026-03-17 15:54:14.357337+07	5	14	6	\N	\N	f	2	\N	0	\N	\N	\N	0	\N
168	SPA-0139	5	2	1272000	20000	0	1252000	1252000	\N	\N	2026-03-11	\N	f	f	2026-03-17 15:54:14.360193+07	2026-03-17 15:54:14.364927+07	5	14	5	\N	\N	f	1	\N	0	\N	\N	\N	0	\N
169	SPA-0140	5	2	1400000	50000	0	1350000	1350000	\N	\N	2026-03-11	\N	f	f	2026-03-17 15:54:14.368341+07	2026-03-17 15:54:14.370438+07	5	14	6	\N	\N	f	2	\N	0	\N	\N	\N	0	\N
170	SPA-0141	5	2	700000	0	0	700000	700000	\N	\N	2026-03-11	\N	f	f	2026-03-17 15:54:14.373379+07	2026-03-17 15:54:14.375273+07	5	10	6	\N	\N	f	2	\N	0	\N	\N	\N	0	\N
171	SPA-0142	5	2	138000	20000	0	118000	118000	\N	\N	2026-03-12	\N	f	f	2026-03-17 15:54:14.378195+07	2026-03-17 15:54:14.380151+07	5	13	5	\N	\N	f	1	\N	0	\N	\N	\N	0	\N
172	SPA-0143	5	2	652000	20000	0	632000	632000	\N	\N	2026-03-12	\N	f	f	2026-03-17 15:54:14.383099+07	2026-03-17 15:54:14.387893+07	5	11	5	\N	\N	f	1	\N	0	\N	\N	\N	0	\N
173	SPA-0144	5	2	909000	10000	0	899000	899000	\N	\N	2026-03-12	\N	f	f	2026-03-17 15:54:14.390929+07	2026-03-17 15:54:14.395811+07	5	15	5	\N	\N	f	1	\N	0	\N	\N	\N	0	\N
174	SPA-0145	5	2	1760000	0	0	1760000	1760000	\N	\N	2026-03-13	\N	f	f	2026-03-17 15:54:14.398653+07	2026-03-17 15:54:14.401641+07	5	15	6	\N	\N	f	2	\N	0	\N	\N	\N	0	\N
175	SPA-0146	5	2	219000	50000	0	169000	169000	\N	\N	2026-03-13	\N	f	f	2026-03-17 15:54:14.404571+07	2026-03-17 15:54:14.407339+07	5	14	5	\N	\N	f	1	\N	0	\N	\N	\N	0	\N
176	SPA-0147	5	2	658000	0	0	658000	658000	\N	\N	2026-03-13	\N	f	f	2026-03-17 15:54:14.410127+07	2026-03-17 15:54:14.4134+07	5	10	5	\N	\N	f	1	\N	0	\N	\N	\N	0	\N
177	SPA-0148	5	2	1460000	20000	0	1440000	1440000	\N	\N	2026-03-13	\N	f	f	2026-03-17 15:54:14.416217+07	2026-03-17 15:54:14.420145+07	5	10	6	\N	\N	f	2	\N	0	\N	\N	\N	0	\N
178	SPA-0149	5	2	2056000	0	0	2056000	2056000	\N	\N	2026-03-14	\N	f	f	2026-03-17 15:54:14.423029+07	2026-03-17 15:54:14.428036+07	5	15	6	\N	\N	f	2	\N	0	\N	\N	\N	0	\N
179	SPA-0150	5	2	500000	0	0	500000	500000	\N	\N	2026-03-14	\N	f	f	2026-03-17 15:54:14.431027+07	2026-03-17 15:54:14.433044+07	5	16	6	\N	\N	f	2	\N	0	\N	\N	\N	0	\N
180	SPA-0151	5	2	359000	50000	0	309000	309000	\N	\N	2026-03-15	\N	f	f	2026-03-17 15:54:14.436019+07	2026-03-17 15:54:14.439891+07	5	13	6	\N	\N	f	2	\N	0	\N	\N	\N	0	\N
181	SPA-0152	5	2	758000	0	0	758000	758000	\N	\N	2026-03-15	\N	f	f	2026-03-17 15:54:14.442898+07	2026-03-17 15:54:14.445741+07	5	11	5	\N	\N	f	1	\N	0	\N	\N	\N	0	\N
182	SPA-0153	5	2	551000	10000	0	541000	541000	\N	\N	2026-03-15	\N	f	f	2026-03-17 15:54:14.448548+07	2026-03-17 15:54:14.452256+07	5	13	6	\N	\N	f	2	\N	0	\N	\N	\N	0	\N
183	SPA-0154	5	2	419000	50000	0	369000	369000	\N	\N	2026-03-15	\N	f	f	2026-03-17 15:54:14.455551+07	2026-03-17 15:54:14.458631+07	5	12	5	\N	\N	f	1	\N	0	\N	\N	\N	0	\N
184	SPA-0155	5	2	125000	0	0	125000	125000	\N	\N	2026-03-15	\N	f	f	2026-03-17 15:54:14.461607+07	2026-03-17 15:54:14.463832+07	5	12	5	\N	\N	f	1	\N	0	\N	\N	\N	0	\N
185	SPA-0156	5	2	150000	50000	0	100000	100000	\N	\N	2026-03-16	\N	f	f	2026-03-17 15:54:14.46679+07	2026-03-17 15:54:14.46887+07	5	15	5	\N	\N	f	1	\N	0	\N	\N	\N	0	\N
186	SPA-0157	5	2	189000	0	0	189000	189000	\N	\N	2026-03-16	\N	f	f	2026-03-17 15:54:14.472044+07	2026-03-17 15:54:14.475155+07	5	15	5	\N	\N	f	1	\N	0	\N	\N	\N	0	\N
187	SPA-0158	5	2	179000	10000	0	169000	169000	\N	\N	2026-03-16	\N	f	f	2026-03-17 15:54:14.478204+07	2026-03-17 15:54:14.481114+07	5	13	6	\N	\N	f	2	\N	0	\N	\N	\N	0	\N
188	SPA-0159	5	2	1629000	20000	0	1609000	1609000	\N	\N	2026-03-16	\N	f	f	2026-03-17 15:54:14.484098+07	2026-03-17 15:54:14.488994+07	5	10	6	\N	\N	f	2	\N	0	\N	\N	\N	0	\N
189	SPA-0160	5	2	379000	0	0	379000	379000	\N	\N	2026-03-16	\N	f	f	2026-03-17 15:54:14.491965+07	2026-03-17 15:54:14.495035+07	5	16	5	\N	\N	f	1	\N	0	\N	\N	\N	0	\N
190	SPA-0161	5	2	829000	10000	0	819000	819000	\N	\N	2026-03-17	\N	f	f	2026-03-17 15:54:14.49815+07	2026-03-17 15:54:14.501241+07	5	14	5	\N	\N	f	1	\N	0	\N	\N	\N	0	\N
191	SPA-0162	5	2	1349000	10000	0	1339000	1339000	\N	\N	2026-03-17	\N	f	f	2026-03-17 15:54:14.504167+07	2026-03-17 15:54:14.508758+07	5	13	5	\N	\N	f	1	\N	0	\N	\N	\N	0	\N
192	SPA-0163	5	2	1280000	0	0	1280000	1280000	\N	\N	2026-03-17	\N	f	f	2026-03-17 15:54:14.511641+07	2026-03-17 15:54:14.516207+07	5	12	6	\N	\N	f	2	\N	0	\N	\N	\N	0	\N
193	SPA-0164	5	2	353000	0	0	353000	353000	\N	\N	2026-03-17	\N	f	f	2026-03-17 15:54:14.519086+07	2026-03-17 15:54:14.523973+07	5	13	6	\N	\N	f	2	\N	0	\N	\N	\N	0	\N
194	DH-014	5	2	33519000	0	0	33519000	33519000	\N	Từ báo giá BG-008	2026-03-27	\N	f	f	2026-03-27 10:15:46.168075+07	2026-03-27 10:16:30.440554+07	9	3	\N	\N	\N	f	3	\N	0	Admin DigiMart	\N	\N	0	\N
21	DH-012	5	2	3200000	0	0	3200000	23480000	\N	Đặt cọc 2tr, còn lại 1.2tr khi nhận hàng	2026-03-10	\N	f	f	2026-03-15 02:45:25.724295+07	2026-03-15 02:45:25.724298+07	2	5	1	\N	\N	f	3	\N	0	\N	\N	\N	0	\N
195	DH-015	0	2	652500000	0	0	652500000	652500000	\N		2026-03-27	\N	f	f	2026-03-27 10:32:05.630518+07	2026-03-27 11:15:58.561179+07	9	\N	\N	\N	\N	f	3	\N	0	Admin DigiMart	\N	\N	0	\N
198	DH-017	3	2	115500000	0	0	115500000	115500000	\N		2026-03-27	\N	f	f	2026-03-27 20:35:05.889418+07	2026-03-27 20:36:24.905146+07	9	2	2	\N	\N	f	3	\N	0	Admin DigiMart	\N	\N	0	\N
196	DH-016	0	2	52500000	0	0	52500000	63000000	\N		2026-03-27	\N	f	f	2026-03-27 20:24:41.333372+07	2026-03-27 20:28:29.066847+07	9	2	1	\N	2026-03-27 20:33:07.869514+07	t	3	\N	0	Admin DigiMart	\N	\N	0	\N
201	DH-018	1	2	500000	0	0	500000	500000	\N		2026-03-28	\N	f	f	2026-03-28 14:53:38.085962+07	2026-03-28 14:56:55.466108+07	9	\N	\N	\N	\N	f	3	\N	0	Admin DigiMart	\N	\N	0	\N
\.


--
-- Data for Name: packagings; Type: TABLE DATA; Schema: public; Owner: -
--

COPY public.packagings (id, code, status, weight, note, packed_at, created_at, updated_at, order_id, packed_by_id, deleted_at, is_deleted) FROM stdin;
1	DG0001	1	0.67	Đóng gói đơn hàng DH0001	2026-03-13 20:59:35.723687+07	2026-03-14 16:59:35.724441+07	2026-03-14 16:59:35.724444+07	2	3	2026-03-15 01:35:41.004576+07	t
2	DG0002	2	3.77	Đóng gói đơn hàng DH0002	2026-03-13 16:59:35.725474+07	2026-03-14 16:59:35.725957+07	2026-03-14 16:59:35.72596+07	3	3	2026-03-15 01:35:41.004576+07	t
3	DG0003	1	13.42	Đóng gói đơn hàng DH0003	2026-03-13 13:59:35.726816+07	2026-03-14 16:59:35.727262+07	2026-03-14 16:59:35.727264+07	4	3	2026-03-15 01:35:41.004576+07	t
4	DG0004	1	6.05	Đóng gói đơn hàng DH0004	2026-03-13 08:59:35.727844+07	2026-03-14 16:59:35.728325+07	2026-03-14 16:59:35.728328+07	5	3	2026-03-15 01:35:41.004576+07	t
5	DG-DH-002	2	0.74	Đóng gói cho DH-002	2026-03-06 02:01:34.84792+07	2026-03-15 02:01:34.848532+07	2026-03-15 02:01:34.848537+07	11	2	\N	f
6	DG-DH-001	2	2.67	Đóng gói cho DH-001	2026-03-11 02:01:34.850046+07	2026-03-15 02:01:34.850458+07	2026-03-15 02:01:34.850463+07	10	2	\N	f
\.


--
-- Data for Name: payments; Type: TABLE DATA; Schema: public; Owner: -
--

COPY public.payments (id, code, amount, description, payment_date, reference, status, note, created_at, updated_at, cash_book_id, category_id, created_by_id, customer_id, supplier_id, deleted_at, is_deleted, goods_receipt_id, payment_method, store_id) FROM stdin;
1	PC0001	85000000	Thanh toán nhập hàng NCC Phát Đạt	2026-03-03	\N	1	\N	2026-03-14 16:59:35.755417+07	2026-03-14 16:59:35.75542+07	3	5	2	\N	\N	2026-03-15 01:49:15.013691+07	t	\N	1	\N
2	PC0002	45000000	Thanh toán nhập hàng NCC Hòa Bình	2026-02-01	\N	1	\N	2026-03-14 16:59:35.757797+07	2026-03-14 16:59:35.757801+07	4	5	2	\N	\N	2026-03-15 01:49:15.013691+07	t	\N	1	\N
3	PC0003	120000000	Lương tháng 02/2026	2026-01-28	\N	1	\N	2026-03-14 16:59:35.759457+07	2026-03-14 16:59:35.75946+07	5	6	2	\N	\N	2026-03-15 01:49:15.013691+07	t	\N	1	\N
4	PC0004	115000000	Lương tháng 01/2026	2026-03-07	\N	1	\N	2026-03-14 16:59:35.760874+07	2026-03-14 16:59:35.760877+07	3	6	2	\N	\N	2026-03-15 01:49:15.013691+07	t	\N	1	\N
5	PC0005	8500000	Phí giao hàng GHTK tháng 02	2026-02-05	\N	1	\N	2026-03-14 16:59:35.762355+07	2026-03-14 16:59:35.762359+07	4	7	2	\N	\N	2026-03-15 01:49:15.013691+07	t	\N	1	\N
6	PC0006	45000000	Tiền thuê mặt bằng Q1 2026	2026-02-01	\N	1	\N	2026-03-14 16:59:35.763684+07	2026-03-14 16:59:35.763687+07	5	8	2	\N	\N	2026-03-15 01:49:15.013691+07	t	\N	1	\N
7	PC0007	12000000	Tiền điện nước tháng 02	2026-03-09	\N	1	\N	2026-03-14 16:59:35.765028+07	2026-03-14 16:59:35.765032+07	3	8	2	\N	\N	2026-03-15 01:49:15.013691+07	t	\N	1	\N
8	PC0008	15000000	Chi phí marketing Facebook Ads	2026-02-23	\N	1	\N	2026-03-14 16:59:35.766532+07	2026-03-14 16:59:35.766536+07	4	9	2	\N	\N	2026-03-15 01:49:15.013691+07	t	\N	1	\N
9	PC-PN-003	1350000000	Thanh toán phiếu nhập PN-003	2026-03-13	\N	1	\N	2026-03-15 02:01:34.867561+07	2026-03-15 02:01:34.867567+07	1	5	2	\N	6	\N	f	9	2	3
10	PC-PN-002	663000000	Thanh toán phiếu nhập PN-002	2026-03-03	\N	1	\N	2026-03-15 02:01:34.871279+07	2026-03-15 02:01:34.871285+07	1	5	2	\N	5	\N	f	8	2	3
11	PC-PN-001	1347500000	Thanh toán phiếu nhập PN-001	2026-02-21	\N	1	\N	2026-03-15 02:01:34.87447+07	2026-03-15 02:01:34.874476+07	1	5	2	\N	2	\N	f	7	2	3
12	PC-SPA-0001	4944000	Dầu massage	2026-03-16	\N	1	\N	2026-03-17 15:55:22.611363+07	2026-03-17 15:55:22.611367+07	\N	9	5	\N	\N	\N	f	\N	1	2
13	PC-SPA-0002	3541000	Khăn mới	2026-02-10	\N	1	\N	2026-03-17 15:55:22.613528+07	2026-03-17 15:55:22.613531+07	\N	9	5	\N	\N	\N	f	\N	1	2
14	PC-SPA-0003	11501000	Điện T2	2026-03-04	\N	1	\N	2026-03-17 15:55:22.614586+07	2026-03-17 15:55:22.614589+07	\N	8	5	\N	\N	\N	f	\N	1	2
15	PC-SPA-0004	11924000	Nước T2	2026-02-22	\N	1	\N	2026-03-17 15:55:22.615565+07	2026-03-17 15:55:22.615568+07	\N	8	5	\N	\N	\N	f	\N	1	1
16	PC-SPA-0005	8886000	Sửa ML	2026-03-06	\N	1	\N	2026-03-17 15:55:22.61655+07	2026-03-17 15:55:22.616553+07	\N	9	5	\N	\N	\N	f	\N	1	2
17	PC-SPA-0006	549000	Tinh dầu	2026-02-25	\N	1	\N	2026-03-17 15:55:22.617504+07	2026-03-17 15:55:22.617507+07	\N	9	5	\N	\N	\N	f	\N	1	2
18	PC-SPA-0007	6644000	Lương NV T2	2026-02-23	\N	1	\N	2026-03-17 15:55:22.618445+07	2026-03-17 15:55:22.618447+07	\N	6	5	\N	\N	\N	f	\N	1	1
19	PC-SPA-0008	9937000	FB Ads	2026-03-13	\N	1	\N	2026-03-17 15:55:22.619408+07	2026-03-17 15:55:22.619411+07	\N	9	5	\N	\N	\N	f	\N	1	2
20	PC-SPA-0009	7006000	Nguyên liệu	2026-02-16	\N	1	\N	2026-03-17 15:55:22.620405+07	2026-03-17 15:55:22.620408+07	\N	9	5	\N	\N	\N	f	\N	1	1
21	PC-SPA-0010	8111000	Thuê MB	2026-03-16	\N	1	\N	2026-03-17 15:55:22.621388+07	2026-03-17 15:55:22.62139+07	\N	8	5	\N	\N	\N	f	\N	1	2
\.


--
-- Data for Name: point_transactions; Type: TABLE DATA; Schema: public; Owner: -
--

COPY public.point_transactions (id, transaction_type, points, balance_after, description, created_at, created_by_id, customer_id, order_id) FROM stdin;
\.


--
-- Data for Name: printer_settings; Type: TABLE DATA; Schema: public; Owner: -
--

COPY public.printer_settings (id, name, printer_type, ip_address, port, paper_size, description, is_default, is_active, created_at, updated_at) FROM stdin;
1	HP LaserJet Pro M404 (Văn phòng)	lan	192.168.1.100	9100	A4	Tầng 1, phòng kế toán	t	t	2026-03-15 02:24:58.665117+07	2026-03-15 02:24:58.665151+07
2	Canon LBP6030 (Kho chính)	lan	192.168.1.101	9100	A4	Kho chính HCM, dùng in phiếu nhập/xuất	f	t	2026-03-15 02:24:58.667207+07	2026-03-15 02:24:58.667212+07
4	Epson TM-T82 (Quầy bán hàng)	lan	192.168.1.102	9100	80mm	Máy in nhiệt quầy thu ngân	f	t	2026-03-15 02:25:32.768922+07	2026-03-15 02:25:32.768926+07
5	Brother HL-L2350DW (Phòng GĐ)	lan	192.168.1.103	9100	A4	Tầng 2, phòng giám đốc	f	t	2026-03-15 02:25:32.770081+07	2026-03-15 02:25:32.770087+07
6	Xprinter XP-58IIH (Kho phụ)	usb	\N	9100	58mm	Máy in nhiệt USB, kho Gò Vấp	f	t	2026-03-15 02:25:32.77093+07	2026-03-15 02:25:32.770933+07
\.


--
-- Data for Name: product_categories; Type: TABLE DATA; Schema: public; Owner: -
--

COPY public.product_categories (id, name, description, is_active, created_at, parent_id, deleted_at, is_deleted) FROM stdin;
1	ấm chén	ấm chén	t	2026-03-14 11:43:20.001682+07	\N	\N	f
2	bình hoa	bình hoa	t	2026-03-14 11:43:34.24087+07	\N	\N	f
3	dụng cụ pha caphe		t	2026-03-14 12:52:27.024755+07	\N	\N	f
4	Điện thoại	Điện thoại di động các loại	t	2026-03-14 16:59:35.391391+07	\N	\N	f
5	Phụ kiện điện thoại	Ốp lưng, cáp sạc, tai nghe...	t	2026-03-14 16:59:35.392721+07	\N	\N	f
6	Laptop	Máy tính xách tay	t	2026-03-14 16:59:35.393951+07	\N	\N	f
7	Phụ kiện máy tính	Chuột, bàn phím, loa...	t	2026-03-14 16:59:35.395053+07	\N	\N	f
8	Tablet	Máy tính bảng	t	2026-03-14 16:59:35.395836+07	\N	\N	f
9	Đồng hồ thông minh	Smartwatch các loại	t	2026-03-14 16:59:35.397074+07	\N	\N	f
10	Thực phẩm	Thực phẩm, hoa quả	t	2026-03-17 11:45:12.642726+07	\N	\N	f
11	Gia dụng	Đồ gia dụng, vệ sinh	t	2026-03-17 11:45:12.644737+07	\N	\N	f
12	Nguyên liệu	\N	t	2026-03-19 13:42:28.406243+07	\N	\N	f
13	Cà phê	\N	t	2026-03-19 13:42:28.40774+07	\N	\N	f
14	Trà	\N	t	2026-03-19 13:42:28.409015+07	\N	\N	f
15	Sinh tố & Nước ép	\N	t	2026-03-19 13:42:28.410343+07	\N	\N	f
16	Đá xay	\N	t	2026-03-19 13:42:28.41157+07	\N	\N	f
17	Phụ kiện/Bao bì	\N	t	2026-03-19 13:42:28.412678+07	\N	\N	f
18	Bánh & Snack	\N	t	2026-03-19 13:42:28.413777+07	\N	\N	f
\.


--
-- Data for Name: product_stocks; Type: TABLE DATA; Schema: public; Owner: -
--

COPY public.product_stocks (id, quantity, updated_at, product_id, warehouse_id) FROM stdin;
14	10.00	2026-03-15 02:01:34.70297+07	8	3
25	18.00	2026-03-15 02:01:34.755884+07	12	2
24	3.00	2026-03-15 02:01:34.833624+07	11	4
12	10.00	2026-03-15 02:01:34.83953+07	7	4
17	23.00	2026-03-17 09:24:24.263747+07	9	3
1	35.00	2026-03-17 11:27:08.631359+07	4	2
4	15.00	2026-03-17 11:27:08.633832+07	5	2
7	50.00	2026-03-17 11:27:08.636136+07	6	2
10	190.00	2026-03-17 11:27:08.638382+07	7	2
13	8.00	2026-03-17 11:27:08.640715+07	8	2
16	10.00	2026-03-17 11:27:08.643564+07	9	2
19	55.00	2026-03-17 11:27:08.646733+07	10	2
22	39.00	2026-03-17 11:27:08.649574+07	11	2
31	30.00	2026-03-17 11:27:08.652334+07	14	2
34	40.00	2026-03-17 11:27:08.654831+07	15	2
3	10.00	2026-03-17 11:27:08.658533+07	4	4
6	8.00	2026-03-17 11:27:08.661015+07	5	4
27	5.00	2026-03-17 11:27:08.663689+07	12	4
30	15.00	2026-03-17 11:27:08.666207+07	13	4
33	15.00	2026-03-17 11:27:08.668758+07	14	4
36	20.00	2026-03-17 11:27:08.671296+07	15	4
8	30.00	2026-03-17 11:27:08.674949+07	6	3
35	30.00	2026-03-17 11:27:08.685231+07	15	3
2	0.00	2026-03-14 16:59:35.434141+07	4	3
5	0.00	2026-03-14 16:59:35.44286+07	5	3
9	0.00	2026-03-14 16:59:35.450042+07	6	4
15	0.00	2026-03-14 16:59:35.460185+07	8	4
18	0.00	2026-03-14 16:59:35.464537+07	9	4
21	0.00	2026-03-14 16:59:35.469165+07	10	4
32	0.00	2026-03-14 16:59:35.494978+07	14	3
29	0.00	2026-03-15 01:38:54.128524+07	13	3
26	0.00	2026-03-15 01:38:54.133164+07	12	3
11	50.00	2026-03-17 11:27:08.677616+07	7	3
20	10.00	2026-03-17 11:27:08.680096+07	10	3
23	10.00	2026-03-17 11:27:08.682689+07	11	3
39	5.00	2026-03-17 11:27:08.688842+07	4	1
40	5.00	2026-03-17 11:27:08.693568+07	5	1
37	5.00	2026-03-17 11:27:08.69928+07	13	1
41	150.00	2026-03-17 11:45:12.648353+07	16	2
42	30.00	2026-03-17 11:45:12.649396+07	16	1
43	150.00	2026-03-17 11:45:12.651908+07	17	2
45	150.00	2026-03-17 11:45:12.65508+07	18	2
46	30.00	2026-03-17 11:45:12.655975+07	18	1
47	150.00	2026-03-17 11:45:12.658257+07	19	2
48	30.00	2026-03-17 11:45:12.659132+07	19	1
49	150.00	2026-03-17 11:45:12.661386+07	20	2
51	150.00	2026-03-17 11:45:12.664421+07	21	2
52	30.00	2026-03-17 11:45:12.665218+07	21	1
53	150.00	2026-03-17 11:45:12.667524+07	22	2
54	30.00	2026-03-17 11:45:12.668332+07	22	1
55	150.00	2026-03-17 11:45:12.670792+07	23	2
56	30.00	2026-03-17 11:45:12.671598+07	23	1
57	50.00	2026-03-17 11:45:12.674043+07	24	2
58	10.00	2026-03-17 11:45:12.674952+07	24	1
61	50.00	2026-03-17 11:45:12.681383+07	26	2
62	10.00	2026-03-17 11:45:12.682311+07	26	1
63	50.00	2026-03-17 11:45:12.685153+07	27	2
64	10.00	2026-03-17 11:45:12.686097+07	27	1
65	50.00	2026-03-17 11:45:12.688995+07	28	2
66	10.00	2026-03-17 11:45:12.689933+07	28	1
68	10.00	2026-03-17 11:45:12.693721+07	29	1
69	50.00	2026-03-17 11:45:12.696647+07	30	2
71	50.00	2026-03-17 11:45:12.700965+07	31	2
72	10.00	2026-03-17 11:45:12.701914+07	31	1
38	18.00	2026-03-17 14:09:11.909069+07	7	1
44	27.00	2026-03-17 14:09:11.9114+07	17	1
60	5.00	2026-03-17 14:09:11.915842+07	25	1
70	8.00	2026-03-17 14:09:11.917625+07	30	1
50	29.00	2026-03-17 14:09:11.919637+07	20	1
67	49.00	2026-03-17 14:09:11.923588+07	29	2
59	47.00	2026-03-17 14:09:11.925265+07	25	2
97	36.00	2026-03-17 16:18:43.094796+07	44	5
98	20.00	2026-03-17 16:18:43.096373+07	44	6
103	52.00	2026-03-17 16:18:43.097803+07	52	5
104	37.00	2026-03-17 16:18:43.099268+07	52	6
99	54.00	2026-03-17 16:18:43.100501+07	45	5
100	16.00	2026-03-17 16:18:43.101663+07	45	6
105	59.00	2026-03-17 16:18:43.102879+07	47	5
106	10.00	2026-03-17 16:18:43.10415+07	47	6
107	76.00	2026-03-17 16:18:43.105499+07	48	5
108	10.00	2026-03-17 16:18:43.106743+07	48	6
109	52.00	2026-03-17 16:18:43.107991+07	51	5
110	17.00	2026-03-17 16:18:43.109324+07	51	6
111	29.00	2026-03-17 16:18:43.11062+07	53	5
112	25.00	2026-03-17 16:18:43.111833+07	53	6
101	26.00	2026-03-17 16:18:43.113072+07	46	5
102	14.00	2026-03-17 16:18:43.114234+07	46	6
113	30.00	2026-03-17 16:18:43.11549+07	50	5
114	36.00	2026-03-17 16:18:43.116724+07	50	6
115	27.00	2026-03-17 16:18:43.117955+07	49	5
116	17.00	2026-03-17 16:18:43.119271+07	49	6
117	10000.00	2026-03-19 13:42:28.417629+07	59	7
118	5000.00	2026-03-19 13:42:28.42237+07	60	7
119	500.00	2026-03-19 13:42:28.427428+07	61	7
120	20000.00	2026-03-19 13:42:28.432741+07	62	7
121	30000.00	2026-03-19 13:42:28.436613+07	63	7
122	10000.00	2026-03-19 13:42:28.440136+07	64	7
123	3000.00	2026-03-19 13:42:28.444464+07	65	7
124	500.00	2026-03-19 13:42:28.44808+07	66	7
125	2000.00	2026-03-19 13:42:28.451665+07	67	7
126	400.00	2026-03-19 13:42:28.454905+07	68	7
127	15000.00	2026-03-19 13:42:28.45818+07	69	7
128	5000.00	2026-03-19 13:42:28.46166+07	70	7
129	8000.00	2026-03-19 13:42:28.465412+07	71	7
130	200.00	2026-03-19 13:42:28.469503+07	72	7
131	5000.00	2026-03-19 13:42:28.473622+07	73	7
132	20000.00	2026-03-19 13:42:28.476965+07	74	7
133	5000.00	2026-03-19 13:42:28.481601+07	75	7
134	5000.00	2026-03-19 13:42:28.485996+07	76	7
135	100000.00	2026-03-19 13:42:28.48979+07	77	7
136	5000.00	2026-03-19 13:42:28.493217+07	78	7
137	3000.00	2026-03-19 13:42:28.496771+07	79	7
138	3000.00	2026-03-19 13:42:28.500056+07	80	7
139	10000.00	2026-03-19 13:42:28.503449+07	81	7
140	2000.00	2026-03-19 13:42:28.506728+07	82	7
141	1000.00	2026-03-19 13:42:28.509892+07	83	7
142	3000.00	2026-03-19 13:42:28.513001+07	84	7
143	50.00	2026-03-19 13:42:28.516619+07	85	7
144	30.00	2026-03-19 13:42:28.519803+07	86	7
145	40.00	2026-03-19 13:42:28.522978+07	87	7
28	41.00	2026-03-27 20:20:00.107361+07	13	2
\.


--
-- Data for Name: product_variants; Type: TABLE DATA; Schema: public; Owner: -
--

COPY public.product_variants (id, size_name, sku, barcode, cost_price, listed_price, selling_price, is_active, created_at, product_id) FROM stdin;
1	128GB	SP001-128	\N	26000000	32000000	31000000	t	2026-03-15 01:31:38.244368+07	4
2	256GB	SP001-256	\N	28000000	35000000	33490000	t	2026-03-15 01:31:38.246459+07	4
3	512GB	SP001-512	\N	32000000	40000000	38000000	t	2026-03-15 01:31:38.247361+07	4
4	1TB	SP001-1TB	\N	38000000	47000000	45000000	t	2026-03-15 01:31:38.248242+07	4
5	128GB WiFi	SP009-128W	\N	14000000	17000000	16500000	t	2026-03-15 01:31:38.250307+07	12
6	256GB WiFi	SP009-256W	\N	16000000	20000000	19000000	t	2026-03-15 01:31:38.251374+07	12
7	128GB WiFi+Cell	SP009-128C	\N	17000000	21000000	20000000	t	2026-03-15 01:31:38.252843+07	12
8	256GB WiFi+Cell	SP009-256C	\N	19000000	24000000	23000000	t	2026-03-15 01:31:38.253868+07	12
9	41mm	SP010-41	\N	8000000	11000000	10500000	t	2026-03-15 01:31:38.256169+07	13
10	45mm	SP010-45	\N	9000000	12500000	12000000	t	2026-03-15 01:31:38.257334+07	13
\.


--
-- Data for Name: products; Type: TABLE DATA; Schema: public; Owner: -
--

COPY public.products (id, code, barcode, name, unit, description, image, cost_price, listed_price, selling_price, min_stock, max_stock, sapo_id, is_active, created_at, updated_at, created_by_id, category_id, supplier_id, deleted_at, is_deleted, is_weight_based, store_id, is_service, is_combo) FROM stdin;
38	SP-STEAM	\N	Xông hơi thảo dược	Lần	\N	products/sp_steam.png	20000	120000	100000	0	0	\N	t	2026-03-17 15:49:11.875454+07	2026-03-17 15:49:11.875458+07	5	\N	\N	\N	f	f	1	t	f
39	SP-BODY	\N	Tẩy tế bào chết body	Lần	\N	products/sp_body.png	40000	250000	200000	0	0	\N	t	2026-03-17 15:49:11.879188+07	2026-03-17 15:49:11.879192+07	5	\N	\N	\N	f	f	1	t	f
40	SP-EYE	\N	Trị thâm mắt Collagen	Lần	\N	products/sp_eye.png	60000	300000	250000	0	0	\N	t	2026-03-17 15:49:11.882922+07	2026-03-17 15:49:11.882925+07	5	\N	\N	\N	f	f	1	t	f
44	SP-DM01	\N	Dầu massage Lavender 250ml	Chai	\N	products/sp_dm01.png	80000	200000	180000	0	0	\N	t	2026-03-17 15:49:11.898448+07	2026-03-17 15:49:11.898451+07	5	\N	\N	\N	f	f	1	f	f
4	SP001	8901234567890	iPhone 15 Pro Max 256GB	Cái	iPhone 15 Pro Max 256GB chính hãng VN/A	products/sp001_iphone15.png	28000000	34990000	33490000	5	50	\N	t	2026-03-14 16:59:35.406252+07	2026-03-14 16:59:35.406256+07	2	4	2	\N	f	f	3	f	f
5	SP002	8901234567891	Samsung Galaxy S24 Ultra	Cái	Samsung Galaxy S24 Ultra 256GB	products/sp002_samsung_s24.png	25000000	33990000	31990000	5	50	\N	t	2026-03-14 16:59:35.408527+07	2026-03-14 16:59:35.40853+07	2	4	2	\N	f	f	3	f	f
6	SP003	\N	Ốp lưng iPhone 15 Pro Max	Cái	Ốp lưng silicon trong suốt	products/sp003_case.png	50000	150000	120000	20	200	\N	t	2026-03-14 16:59:35.410774+07	2026-03-14 16:59:35.410778+07	2	5	3	\N	f	f	3	f	f
7	SP004	\N	Cáp sạc Type-C 1m	Cái	Cáp sạc nhanh 65W USB-C	products/sp004_cable.png	30000	99000	79000	30	500	\N	t	2026-03-14 16:59:35.41237+07	2026-03-14 16:59:35.412373+07	2	5	3	\N	f	f	3	f	f
8	SP005	8901234567892	MacBook Pro M3 14"	Cái	MacBook Pro 14 inch chip M3 16GB/512GB	products/sp005_macbook.png	42000000	52990000	49990000	3	20	\N	t	2026-03-14 16:59:35.413901+07	2026-03-14 16:59:35.413905+07	2	6	4	\N	f	f	3	f	f
9	SP006	\N	Laptop Dell XPS 15	Cái	Dell XPS 15 i7-13700H 16GB/512GB	products/sp006_dell.png	32000000	42990000	39990000	3	20	\N	t	2026-03-14 16:59:35.41553+07	2026-03-14 16:59:35.415534+07	2	6	4	\N	f	f	3	f	f
45	SP-KEM01	\N	Kem dưỡng da mặt 50ml	Hộp	\N	products/sp_kem01.png	120000	400000	350000	0	0	\N	t	2026-03-17 15:49:11.902095+07	2026-03-17 15:49:11.902098+07	5	\N	\N	\N	f	f	1	f	f
46	SP-SR01	\N	Serum Vitamin C 30ml	Chai	\N	products/sp_sr01.png	100000	320000	280000	0	0	\N	t	2026-03-17 15:49:11.905812+07	2026-03-17 15:49:11.905815+07	5	\N	\N	\N	f	f	1	f	f
51	SP-MASK01	\N	Mặt nạ Collagen (hộp 10)	Hộp	\N	products/sp_mask01.png	60000	200000	180000	0	0	\N	t	2026-03-17 16:18:43.088859+07	2026-03-17 16:18:43.088862+07	5	\N	\N	\N	f	f	1	f	f
49	SP-TD01	\N	Tinh dầu tràm trà 50ml	Chai	\N	products/sp_td01.png	40000	150000	120000	0	0	\N	t	2026-03-17 16:18:43.086089+07	2026-03-17 16:18:43.086092+07	5	\N	\N	\N	f	f	1	f	f
43	SP-COMBO1	\N	Combo VIP: Massage+Facial	Lần	\N	products/sp_combo1.png	170000	800000	700000	0	0	\N	t	2026-03-17 15:49:11.894577+07	2026-03-17 15:49:11.89458+07	5	\N	\N	\N	f	f	1	f	f
61	NL-CF03	\N	Espresso (shot)	shot	\N	products/nl_cf03.png	5000	0	0	0	0	\N	t	2026-03-19 13:42:28.425025+07	2026-03-19 13:42:28.42503+07	11	12	\N	\N	f	t	5	f	f
68	NL-TRA04	\N	Trà Oolong (túi lọc)	túi	\N	products/nl_tra04.png	2500	0	0	0	0	\N	t	2026-03-19 13:42:28.453308+07	2026-03-19 13:42:28.453313+07	11	12	\N	\N	f	t	5	f	f
76	NL-PG03	\N	Syrup Vanilla	ml	\N	products/nl_pg03.png	80	0	0	0	0	\N	t	2026-03-19 13:42:28.483887+07	2026-03-19 13:42:28.483893+07	11	12	\N	\N	f	t	5	f	f
54	COMBO-VIP01	\N	Gói VIP Thư Giãn	Gói	Massage Body 90p + Facial 60p + Xông hơi thảo dược	products/combo_vip01.png	250000	1130000	900000	0	0	\N	t	2026-03-19 11:12:21.356883+07	2026-03-19 11:12:21.356887+07	5	\N	\N	\N	f	f	1	t	t
55	COMBO-BEAUTY	\N	Gói Làm Đẹp Toàn Diện	Gói	Massage 90p + Facial Nâng cơ 90p + Tẩy tế bào chết + Xông hơi + Kem dưỡng da	products/combo_beauty.png	450000	1980000	1500000	0	0	\N	t	2026-03-19 11:12:21.365601+07	2026-03-19 11:12:21.365605+07	5	\N	\N	\N	f	f	1	t	t
56	COMBO-10MS	\N	Thẻ 10 Buổi Massage Body 60p	Thẻ	Mua 10 buổi Massage Body 60 phút, tiết kiệm 700k	products/combo_10ms.png	1000000	3500000	2800000	0	0	\N	t	2026-03-19 11:12:21.371671+07	2026-03-19 11:12:21.371674+07	5	\N	\N	\N	f	f	1	t	t
57	COMBO-SKIN	\N	Gói Chăm Sóc Da Premium	Gói	Facial Nâng cơ 90p + Serum Vitamin C + Kem dưỡng da + Mặt nạ Collagen	products/combo_skin.png	400000	1460000	1100000	0	0	\N	t	2026-03-19 11:12:21.374381+07	2026-03-19 11:12:21.374385+07	5	\N	\N	\N	f	f	1	t	t
58	COMBO-RELAX	\N	Gói Thư Giãn Chân + Gội	Gói	Foot Massage 45p + Gội đầu dưỡng sinh	products/combo_relax.png	65000	280000	230000	0	0	\N	t	2026-03-19 11:12:21.380586+07	2026-03-19 11:12:21.380608+07	5	\N	\N	\N	f	f	1	t	t
32	SP-MS60	\N	Massage Body 60p	Lần	\N	products/sp_ms60.png	100000	400000	350000	0	0	\N	t	2026-03-17 15:49:11.85105+07	2026-03-17 15:49:11.851054+07	5	\N	\N	\N	f	f	1	t	f
33	SP-MS90	\N	Massage Body 90p	Lần	\N	products/sp_ms90.png	150000	550000	500000	0	0	\N	t	2026-03-17 15:49:11.855683+07	2026-03-17 15:49:11.855686+07	5	\N	\N	\N	f	f	1	t	f
34	SP-FC60	\N	Facial Chăm sóc da 60p	Lần	\N	products/sp_fc60.png	80000	450000	400000	0	0	\N	t	2026-03-17 15:49:11.859614+07	2026-03-17 15:49:11.859617+07	5	\N	\N	\N	f	f	1	t	f
35	SP-FC90	\N	Facial Nâng cơ 90p	Lần	\N	products/sp_fc90.png	120000	650000	600000	0	0	\N	t	2026-03-17 15:49:11.863487+07	2026-03-17 15:49:11.863491+07	5	\N	\N	\N	f	f	1	t	f
42	SP-FOOT	\N	Foot Massage 45p	Lần	\N	products/sp_foot.png	50000	250000	200000	0	0	\N	t	2026-03-17 15:49:11.890787+07	2026-03-17 15:49:11.89079+07	5	\N	\N	\N	f	f	1	t	f
41	SP-HAIR	\N	Gội đầu dưỡng sinh	Lần	\N	products/sp_hair.png	15000	100000	80000	0	0	\N	t	2026-03-17 15:49:11.88672+07	2026-03-17 15:49:11.886723+07	5	\N	\N	\N	f	f	1	t	f
36	SP-NAIL	\N	Nail - Sơn gel	Lần	\N	products/sp_nail.png	30000	180000	150000	0	0	\N	t	2026-03-17 15:49:11.867586+07	2026-03-17 15:49:11.86759+07	5	\N	\N	\N	f	f	1	t	f
37	SP-WAX	\N	Wax lông toàn thân	Lần	\N	products/sp_wax.png	50000	350000	300000	0	0	\N	t	2026-03-17 15:49:11.871417+07	2026-03-17 15:49:11.87142+07	5	\N	\N	\N	f	f	1	t	f
10	SP007	\N	Chuột Logitech MX Master 3S	Cái	Chuột không dây cao cấp	products/sp007_mouse.png	1500000	2490000	2190000	10	100	\N	t	2026-03-14 16:59:35.417306+07	2026-03-14 16:59:35.417311+07	2	7	5	\N	f	f	3	f	f
11	SP008	\N	Bàn phím cơ Keychron K8	Cái	Bàn phím cơ wireless Gateron Brown	products/sp008_keyboard.png	1800000	2790000	2490000	10	100	\N	t	2026-03-14 16:59:35.419276+07	2026-03-14 16:59:35.419282+07	2	7	5	\N	f	f	3	f	f
12	SP009	\N	iPad Air M2 11"	Cái	iPad Air M2 256GB WiFi	products/sp009_ipad.png	14000000	18990000	17490000	5	30	\N	t	2026-03-14 16:59:35.421438+07	2026-03-14 16:59:35.421448+07	2	8	2	\N	f	f	3	f	f
13	SP010	\N	Apple Watch Series 9	Cái	Apple Watch Series 9 45mm GPS	products/sp010_watch.png	8000000	11990000	10990000	5	30	\N	t	2026-03-14 16:59:35.423822+07	2026-03-14 16:59:35.42383+07	2	9	2	\N	f	f	3	f	f
14	SP011	\N	Tai nghe AirPods Pro 2	Cái	AirPods Pro 2 USB-C chống ồn	products/sp011_airpods.png	4500000	6790000	5990000	10	100	\N	t	2026-03-14 16:59:35.426361+07	2026-03-14 16:59:35.426367+07	2	5	2	\N	f	f	3	f	f
15	SP012	\N	Sạc nhanh 65W GaN	Cái	Củ sạc nhanh 65W GaN 3 cổng	products/sp012_charger.png	200000	450000	390000	20	300	\N	t	2026-03-14 16:59:35.428629+07	2026-03-14 16:59:35.428634+07	2	5	6	\N	f	f	3	f	f
29	SP-CA01	\N	Cá hồi Na Uy fillet	Kg	\N	products/sp_ca_hoi.png	280000	420000	379000	0	0	\N	t	2026-03-17 11:45:12.691637+07	2026-03-17 11:45:12.691642+07	2	10	2	\N	f	t	3	f	f
25	SP-CAM01	\N	Cam sành Vĩnh Long	Kg	\N	products/sp_cam_sanh.png	18000	35000	29000	0	0	\N	t	2026-03-17 11:45:12.676422+07	2026-03-17 11:45:12.676426+07	2	10	2	\N	f	t	3	f	f
17	SP-DG01	\N	Dầu gội Clear Men 650ml	Chai	\N	products/sp_dau_goi.png	85000	120000	105000	0	0	\N	t	2026-03-17 11:45:12.650841+07	2026-03-17 11:45:12.650844+07	2	11	2	\N	f	f	3	f	f
30	SP-GAO01	\N	Gạo ST25 Sóc Trăng	Kg	\N	products/sp_gao.png	28000	42000	38000	0	0	\N	t	2026-03-17 11:45:12.695452+07	2026-03-17 11:45:12.695457+07	2	10	2	\N	f	t	3	f	f
20	SP-GV01	\N	Giấy vệ sinh Pulppy 12 cuộn	Bịch	\N	products/sp_giay_vs.png	55000	79000	69000	0	0	\N	t	2026-03-17 11:45:12.660448+07	2026-03-17 11:45:12.660451+07	2	11	2	\N	f	f	3	f	f
16	SP-KDR01	\N	Kem đánh răng P/S 180g	Tuýp	\N	products/sp_kem_danh_rang.png	22000	32000	28000	0	0	\N	t	2026-03-17 11:45:12.646416+07	2026-03-17 11:45:12.646419+07	2	11	2	\N	f	f	3	f	f
21	SP-MI01	\N	Mì Hảo Hảo tôm chua cay	Thùng	\N	products/sp_mi_goi.png	85000	110000	99000	0	0	\N	t	2026-03-17 11:45:12.663476+07	2026-03-17 11:45:12.663479+07	2	10	2	\N	f	f	3	f	f
23	SP-NC01	\N	Nước cam Tropicana 1L	Chai	\N	products/sp_nuoc_cam.png	32000	45000	39000	0	0	\N	t	2026-03-17 11:45:12.669755+07	2026-03-17 11:45:12.669759+07	2	10	2	\N	f	f	3	f	f
26	SP-NHO01	\N	Nho đen Mỹ không hạt	Kg	\N	products/sp_nho.png	120000	189000	159000	0	0	\N	t	2026-03-17 11:45:12.679973+07	2026-03-17 11:45:12.679977+07	2	10	2	\N	f	t	3	f	f
19	SP-NR01	\N	Nước rửa chén Sunlight 750ml	Chai	\N	products/sp_nuoc_rua_chen.png	18000	28000	25000	0	0	\N	t	2026-03-17 11:45:12.657219+07	2026-03-17 11:45:12.657222+07	2	11	2	\N	f	f	3	f	f
31	SP-RAU01	\N	Rau muống hữu cơ	Kg	\N	products/sp_rau_muong.png	15000	28000	22000	0	0	\N	t	2026-03-17 11:45:12.699542+07	2026-03-17 11:45:12.699548+07	2	10	2	\N	f	t	3	f	f
52	SP-GEL01	\N	Gel tắm thảo dược 500ml	Chai	\N	products/sp_gel01.png	30000	110000	90000	0	0	\N	t	2026-03-17 16:18:43.090239+07	2026-03-17 16:18:43.090242+07	5	\N	\N	\N	f	f	1	f	f
53	SP-PARAFFIN	\N	Sáp Paraffin 1kg	Kg	\N	products/sp_paraffin.png	50000	180000	150000	0	0	\N	t	2026-03-17 16:18:43.091639+07	2026-03-17 16:18:43.091642+07	5	\N	\N	\N	f	f	1	f	f
50	SP-TD02	\N	Tinh dầu oải hương 50ml	Chai	\N	products/sp_td02.png	45000	160000	130000	0	0	\N	t	2026-03-17 16:18:43.087484+07	2026-03-17 16:18:43.087488+07	5	\N	\N	\N	f	f	1	f	f
47	SP-KHAN01	\N	Khăn mặt spa (bộ 10)	Bộ	\N	products/sp_khan01.png	15000	60000	50000	0	0	\N	t	2026-03-17 16:18:43.082456+07	2026-03-17 16:18:43.082461+07	5	\N	\N	\N	f	f	1	f	f
48	SP-KHAN02	\N	Khăn tắm spa size lớn	Cái	\N	products/sp_khan02.png	25000	100000	80000	0	0	\N	t	2026-03-17 16:18:43.084635+07	2026-03-17 16:18:43.084639+07	5	\N	\N	\N	f	f	1	f	f
59	NL-CF01	\N	Cà phê bột Robusta	gram	\N	products/nl_cf01.png	250	0	0	0	0	\N	t	2026-03-19 13:42:28.415611+07	2026-03-19 13:42:28.415615+07	11	12	\N	\N	f	t	5	f	f
60	NL-CF02	\N	Cà phê bột Arabica	gram	\N	products/nl_cf02.png	450	0	0	0	0	\N	t	2026-03-19 13:42:28.42014+07	2026-03-19 13:42:28.420145+07	11	12	\N	\N	f	t	5	f	f
62	NL-SUA01	\N	Sữa đặc Ông Thọ	ml	\N	products/nl_sua01.png	40	0	0	0	0	\N	t	2026-03-19 13:42:28.430216+07	2026-03-19 13:42:28.430222+07	11	12	\N	\N	f	t	5	f	f
63	NL-SUA02	\N	Sữa tươi không đường	ml	\N	products/nl_sua02.png	35	0	0	0	0	\N	t	2026-03-19 13:42:28.434769+07	2026-03-19 13:42:28.434774+07	11	12	\N	\N	f	t	5	f	f
64	NL-SUA03	\N	Sữa dừa tươi	ml	\N	products/nl_sua03.png	60	0	0	0	0	\N	t	2026-03-19 13:42:28.438423+07	2026-03-19 13:42:28.438428+07	11	12	\N	\N	f	t	5	f	f
65	NL-TRA01	\N	Trà hạt sen khô	gram	\N	products/nl_tra01.png	300	0	0	0	0	\N	t	2026-03-19 13:42:28.442164+07	2026-03-19 13:42:28.44217+07	11	12	\N	\N	f	t	5	f	f
66	NL-TRA02	\N	Trà đào (túi lọc)	túi	\N	products/nl_tra02.png	3000	0	0	0	0	\N	t	2026-03-19 13:42:28.446402+07	2026-03-19 13:42:28.446407+07	11	12	\N	\N	f	t	5	f	f
67	NL-TRA03	\N	Bột trà xanh Matcha	gram	\N	products/nl_tra03.png	800	0	0	0	0	\N	t	2026-03-19 13:42:28.449865+07	2026-03-19 13:42:28.44987+07	11	12	\N	\N	f	t	5	f	f
69	NL-TC01	\N	Xoài cát tươi	gram	\N	products/nl_tc01.png	50	0	0	0	0	\N	t	2026-03-19 13:42:28.456554+07	2026-03-19 13:42:28.456559+07	11	12	\N	\N	f	t	5	f	f
70	NL-TC02	\N	Dâu tây tươi	gram	\N	products/nl_tc02.png	120	0	0	0	0	\N	t	2026-03-19 13:42:28.459897+07	2026-03-19 13:42:28.459902+07	11	12	\N	\N	f	t	5	f	f
71	NL-TC03	\N	Bơ sáp tươi	gram	\N	products/nl_tc03.png	70	0	0	0	0	\N	t	2026-03-19 13:42:28.46345+07	2026-03-19 13:42:28.463455+07	11	12	\N	\N	f	t	5	f	f
72	NL-TC04	\N	Chanh dây (quả)	quả	\N	products/nl_tc04.png	3000	0	0	0	0	\N	t	2026-03-19 13:42:28.467511+07	2026-03-19 13:42:28.467515+07	11	12	\N	\N	f	t	5	f	f
73	NL-TC05	\N	Đào miếng (lon)	gram	\N	products/nl_tc05.png	60	0	0	0	0	\N	t	2026-03-19 13:42:28.471484+07	2026-03-19 13:42:28.471489+07	11	12	\N	\N	f	t	5	f	f
74	NL-PG01	\N	Đường trắng	gram	\N	products/nl_pg01.png	20	0	0	0	0	\N	t	2026-03-19 13:42:28.475357+07	2026-03-19 13:42:28.475362+07	11	12	\N	\N	f	t	5	f	f
75	NL-PG02	\N	Syrup Caramel	ml	\N	products/nl_pg02.png	80	0	0	0	0	\N	t	2026-03-19 13:42:28.478662+07	2026-03-19 13:42:28.478668+07	11	12	\N	\N	f	t	5	f	f
77	NL-PG04	\N	Đá viên	gram	\N	products/nl_pg04.png	5	0	0	0	0	\N	t	2026-03-19 13:42:28.487815+07	2026-03-19 13:42:28.48782+07	11	12	\N	\N	f	t	5	f	f
78	NL-PG05	\N	Kem tươi Whipping	ml	\N	products/nl_pg05.png	90	0	0	0	0	\N	t	2026-03-19 13:42:28.491623+07	2026-03-19 13:42:28.491627+07	11	12	\N	\N	f	t	5	f	f
79	NL-PG06	\N	Bột cacao nguyên chất	gram	\N	products/nl_pg06.png	200	0	0	0	0	\N	t	2026-03-19 13:42:28.494877+07	2026-03-19 13:42:28.494881+07	11	12	\N	\N	f	t	5	f	f
80	NL-PG07	\N	Sốt Socola	ml	\N	products/nl_pg07.png	100	0	0	0	0	\N	t	2026-03-19 13:42:28.498471+07	2026-03-19 13:42:28.498476+07	11	12	\N	\N	f	t	5	f	f
18	SP-SRM01	\N	Sữa rửa mặt Cetaphil 125ml	Tuýp	\N	products/sp_sua_rua_mat.png	120000	165000	149000	0	0	\N	t	2026-03-17 11:45:12.654096+07	2026-03-17 11:45:12.654099+07	2	11	2	\N	f	f	3	f	f
22	SP-SUA01	\N	Sữa Vinamilk không đường 1L	Hộp	\N	products/sp_sua.png	28000	38000	35000	0	0	\N	t	2026-03-17 11:45:12.666591+07	2026-03-17 11:45:12.666594+07	2	10	2	\N	f	f	3	f	f
24	SP-TAO01	\N	Táo Fuji Nhật	Kg	\N	products/sp_tao.png	85000	129000	109000	0	0	\N	t	2026-03-17 11:45:12.672993+07	2026-03-17 11:45:12.672997+07	2	10	2	\N	f	t	3	f	f
28	SP-THIT01	\N	Thịt ba chỉ heo	Kg	\N	products/sp_thit.png	95000	145000	125000	0	0	\N	t	2026-03-17 11:45:12.687812+07	2026-03-17 11:45:12.687818+07	2	10	2	\N	f	t	3	f	f
27	SP-XOAI01	\N	Xoài cát Hòa Lộc	Kg	\N	products/sp_xoai.png	45000	79000	65000	0	0	\N	t	2026-03-17 11:45:12.683989+07	2026-03-17 11:45:12.683994+07	2	10	2	\N	f	t	3	f	f
89	MENU-CF02	\N	Cà phê sữa đá	Ly	Cà phê bột Robusta + sữa đặc + đá	products/menu_cf02.png	10700	29000	29000	0	0	\N	t	2026-03-19 13:42:28.533913+07	2026-03-19 13:42:28.533918+07	11	13	\N	\N	f	f	5	f	t
95	MENU-CF08	\N	Cà phê đen nóng	Ly	Cà phê bột pha phin nóng	products/menu_cf08.png	9450	22000	22000	0	0	\N	t	2026-03-19 13:42:28.612771+07	2026-03-19 13:42:28.612777+07	11	13	\N	\N	f	f	5	f	t
96	MENU-TRA01	\N	Trà đào cam sả	Ly	Trà đào + đào miếng + đá	products/menu_tra01.png	9800	35000	35000	0	0	\N	t	2026-03-19 13:42:28.62057+07	2026-03-19 13:42:28.62058+07	11	14	\N	\N	f	f	5	f	t
97	MENU-TRA02	\N	Trà hạt sen	Ly	Trà hạt sen + đá	products/menu_tra02.png	8200	30000	30000	0	0	\N	t	2026-03-19 13:42:28.629918+07	2026-03-19 13:42:28.629924+07	11	14	\N	\N	f	f	5	f	t
98	MENU-TRA03	\N	Matcha Latte đá	Ly	Bột matcha + sữa tươi + đá	products/menu_tra03.png	15650	45000	45000	0	0	\N	t	2026-03-19 13:42:28.63917+07	2026-03-19 13:42:28.63918+07	11	14	\N	\N	f	f	5	f	t
99	MENU-TRA04	\N	Trà Oolong sữa	Ly	Trà oolong + sữa tươi + đá	products/menu_tra04.png	9000	35000	35000	0	0	\N	t	2026-03-19 13:42:28.652831+07	2026-03-19 13:42:28.652842+07	11	14	\N	\N	f	f	5	f	t
100	MENU-TRA05	\N	Trà sữa trân châu	Ly	Trà đen + sữa tươi + trân châu + đá	products/menu_tra05.png	10350	39000	39000	0	0	\N	t	2026-03-19 13:42:28.666291+07	2026-03-19 13:42:28.666302+07	11	14	\N	\N	f	f	5	f	t
101	MENU-ST01	\N	Sinh tố xoài	Ly	Xoài tươi + sữa tươi + đá xay	products/menu_st01.png	16350	39000	39000	0	0	\N	t	2026-03-19 13:42:28.681036+07	2026-03-19 13:42:28.681046+07	11	15	\N	\N	f	f	5	f	t
102	MENU-ST02	\N	Sinh tố bơ	Ly	Bơ sáp + sữa đặc + đá xay	products/menu_st02.png	19050	42000	42000	0	0	\N	t	2026-03-19 13:42:28.694282+07	2026-03-19 13:42:28.694294+07	11	15	\N	\N	f	f	5	f	t
103	MENU-ST03	\N	Sinh tố dâu	Ly	Dâu tây tươi + sữa tươi + đá xay	products/menu_st03.png	24350	45000	45000	0	0	\N	t	2026-03-19 13:42:28.708306+07	2026-03-19 13:42:28.708318+07	11	15	\N	\N	f	f	5	f	t
104	MENU-ST04	\N	Nước chanh dây	Ly	Chanh dây + đường + đá	products/menu_st04.png	12900	29000	29000	0	0	\N	t	2026-03-19 13:42:28.722559+07	2026-03-19 13:42:28.722572+07	11	15	\N	\N	f	f	5	f	t
105	MENU-DX01	\N	Cà phê đá xay	Ly	Espresso + sữa tươi + đá xay + kem tươi	products/menu_dx01.png	19000	45000	45000	0	0	\N	t	2026-03-19 13:42:28.735259+07	2026-03-19 13:42:28.735272+07	11	16	\N	\N	f	f	5	f	t
106	MENU-DX02	\N	Socola đá xay	Ly	Bột cacao + sữa tươi + đá xay + kem tươi	products/menu_dx02.png	16900	45000	45000	0	0	\N	t	2026-03-19 13:42:28.749323+07	2026-03-19 13:42:28.749338+07	11	16	\N	\N	f	f	5	f	t
81	NL-PG08	\N	Trân châu đen	gram	\N	products/nl_pg08.png	30	0	0	0	0	\N	t	2026-03-19 13:42:28.501745+07	2026-03-19 13:42:28.50175+07	11	12	\N	\N	f	t	5	f	f
82	NL-BB01	\N	Ly nhựa 500ml + nắp	cái	\N	products/nl_bb01.png	2000	0	0	0	0	\N	t	2026-03-19 13:42:28.505102+07	2026-03-19 13:42:28.505107+07	11	17	\N	\N	f	f	5	f	f
83	NL-BB02	\N	Ly giấy nóng 360ml	cái	\N	products/nl_bb02.png	3000	0	0	0	0	\N	t	2026-03-19 13:42:28.508346+07	2026-03-19 13:42:28.508351+07	11	17	\N	\N	f	f	5	f	f
84	NL-BB03	\N	Ống hút giấy	cái	\N	products/nl_bb03.png	500	0	0	0	0	\N	t	2026-03-19 13:42:28.511438+07	2026-03-19 13:42:28.511443+07	11	17	\N	\N	f	f	5	f	f
85	CF-BANH01	\N	Bánh mì que pate	cái	\N	products/cf_banh01.png	8000	0	0	0	0	\N	t	2026-03-19 13:42:28.515062+07	2026-03-19 13:42:28.515067+07	11	18	\N	\N	f	f	5	f	f
86	CF-BANH02	\N	Bánh flan caramel	cái	\N	products/cf_banh02.png	10000	0	0	0	0	\N	t	2026-03-19 13:42:28.518202+07	2026-03-19 13:42:28.518206+07	11	18	\N	\N	f	f	5	f	f
88	MENU-CF01	\N	Cà phê đen đá	Ly	Cà phê bột Robusta + đá	products/menu_cf01.png	9700	25000	25000	0	0	\N	t	2026-03-19 13:42:28.525454+07	2026-03-19 13:42:28.525459+07	11	13	\N	\N	f	f	5	f	t
90	MENU-CF03	\N	Bạc xỉu	Ly	Cà phê + nhiều sữa tươi + đá	products/menu_cf03.png	11300	32000	32000	0	0	\N	t	2026-03-19 13:42:28.542282+07	2026-03-19 13:42:28.542288+07	11	13	\N	\N	f	f	5	f	t
91	MENU-CF04	\N	Cà phê sữa dừa	Ly	Cà phê bột + sữa dừa tươi + đá	products/menu_cf04.png	14900	39000	39000	0	0	\N	t	2026-03-19 13:42:28.553453+07	2026-03-19 13:42:28.553465+07	11	13	\N	\N	f	f	5	f	t
92	MENU-CF05	\N	Cappuccino đá	Ly	Espresso + sữa tươi + bọt sữa + đá	products/menu_cf05.png	17200	45000	45000	0	0	\N	t	2026-03-19 13:42:28.569851+07	2026-03-19 13:42:28.569865+07	11	13	\N	\N	f	f	5	f	t
93	MENU-CF06	\N	Caramel Macchiato	Ly	Espresso + sữa tươi + syrup caramel + kem tươi	products/menu_cf06.png	20800	49000	49000	0	0	\N	t	2026-03-19 13:42:28.584171+07	2026-03-19 13:42:28.584199+07	11	13	\N	\N	f	f	5	f	t
94	MENU-CF07	\N	Mocha đá	Ly	Espresso + sữa tươi + socola + kem tươi	products/menu_cf07.png	21500	49000	49000	0	0	\N	t	2026-03-19 13:42:28.598816+07	2026-03-19 13:42:28.598826+07	11	13	\N	\N	f	f	5	f	t
87	CF-BANH03	\N	Cookie socola	cái	\N	products/cf_banh03.png	7000	0	0	0	0	\N	t	2026-03-19 13:42:28.521453+07	2026-03-19 13:42:28.521458+07	11	18	\N	\N	f	f	5	f	f
\.


--
-- Data for Name: purchase_order_items; Type: TABLE DATA; Schema: public; Owner: -
--

COPY public.purchase_order_items (id, quantity, received_quantity, unit_price, total_price, product_id, purchase_order_id, variant_id) FROM stdin;
16	50.00	0.00	26000000	1300000000	13	6	\N
17	30.00	0.00	1500000	45000000	11	6	\N
18	100.00	0.00	25000	2500000	7	6	\N
19	40.00	0.00	1200000	48000000	10	7	\N
20	20.00	0.00	12000000	240000000	12	7	\N
21	15.00	0.00	25000000	375000000	4	7	\N
22	25.00	0.00	38000000	950000000	9	8	\N
23	10.00	0.00	40000000	400000000	8	8	\N
\.


--
-- Data for Name: purchase_orders; Type: TABLE DATA; Schema: public; Owner: -
--

COPY public.purchase_orders (id, code, status, total_amount, note, order_date, expected_date, created_at, updated_at, created_by_id, supplier_id, warehouse_id, deleted_at, is_deleted) FROM stdin;
1	PO0001	0	973500000	Đơn đặt hàng nhập #1	2026-03-03	2026-03-10	2026-03-14 16:59:35.509951+07	2026-03-14 16:59:35.517533+07	2	2	2	2026-03-15 01:35:40.995323+07	t
2	PO0002	0	235170000	Đơn đặt hàng nhập #2	2026-02-19	2026-02-26	2026-03-14 16:59:35.520219+07	2026-03-14 16:59:35.524383+07	2	3	3	2026-03-15 01:35:40.995323+07	t
3	PO0003	3	686500000	Đơn đặt hàng nhập #3	2026-02-25	2026-03-04	2026-03-14 16:59:35.525832+07	2026-03-14 16:59:35.528781+07	2	4	4	2026-03-15 01:35:40.995323+07	t
4	PO0004	0	550400000	Đơn đặt hàng nhập #4	2026-02-09	2026-02-16	2026-03-14 16:59:35.530364+07	2026-03-14 16:59:35.533515+07	2	5	2	2026-03-15 01:35:40.995323+07	t
5	PO0005	1	1489800000	Đơn đặt hàng nhập #5	2026-02-21	2026-02-28	2026-03-14 16:59:35.534961+07	2026-03-14 16:59:35.538444+07	2	6	3	2026-03-15 01:35:40.995323+07	t
6	PO-001	3	1347500000	\N	2026-02-13	2026-02-20	2026-03-15 02:01:34.657009+07	2026-03-15 02:01:34.657014+07	2	2	2	\N	f
7	PO-002	2	663000000	\N	2026-02-23	2026-03-02	2026-03-15 02:01:34.663539+07	2026-03-15 02:01:34.663543+07	2	5	2	\N	f
8	PO-003	1	1350000000	\N	2026-03-05	2026-03-12	2026-03-15 02:01:34.666671+07	2026-03-15 02:01:34.666675+07	2	6	3	\N	f
\.


--
-- Data for Name: quotation_items; Type: TABLE DATA; Schema: public; Owner: -
--

COPY public.quotation_items (id, quantity, unit_price, discount_percent, total_price, note, product_id, quotation_id, variant_id) FROM stdin;
19	5.00	33490000	0.00	167450000	\N	13	7	\N
20	3.00	2490000	5.00	7096500	\N	11	7	\N
21	2.00	17490000	0.00	34980000	\N	12	8	\N
22	1.00	39990000	10.00	35991000	\N	4	8	\N
23	10.00	2190000	0.00	21900000	\N	10	9	\N
24	20.00	79000	0.00	1580000	\N	7	9	\N
25	1.00	10500000	0.00	10500000		13	10	9
26	1.00	12000000	0.00	12000000		13	10	10
27	1.00	2490000	0.00	2490000		11	10	\N
28	1.00	400000	0.00	400000		34	11	\N
29	1.00	180000	0.00	180000		44	11	\N
30	1.00	700000	0.00	700000		43	12	\N
31	1.00	12000000	0.00	12000000		13	13	10
32	1.00	31000000	0.00	31000000		4	15	1
33	1.00	2490000	0.00	2490000		11	15	\N
34	1.00	29000	0.00	29000		25	15	\N
\.


--
-- Data for Name: quotations; Type: TABLE DATA; Schema: public; Owner: -
--

COPY public.quotations (id, code, status, total_amount, discount_amount, final_amount, note, valid_until, quotation_date, created_at, updated_at, created_by_id, customer_id, deleted_at, is_deleted, salesperson, store_id) FROM stdin;
2	BG0001	0	214050000	500000	213550000	Báo giá cho Công ty TNHH ABC	2026-03-12	2026-02-10	2026-03-14 16:59:35.612999+07	2026-03-14 16:59:35.617488+07	2	2	2026-03-15 01:35:41.001203+07	t	\N	\N
3	BG0002	0	286430000	1000000	285430000	Báo giá cho Nguyễn Văn Tùng	2026-03-31	2026-03-01	2026-03-14 16:59:35.61903+07	2026-03-14 16:59:35.623598+07	2	3	2026-03-15 01:35:41.001203+07	t	\N	\N
4	BG0003	0	395130000	1000000	394130000	Báo giá cho Trần Minh Đức	2026-03-08	2026-02-06	2026-03-14 16:59:35.626172+07	2026-03-14 16:59:35.630373+07	2	4	2026-03-15 01:35:41.001203+07	t	\N	\N
5	BG0004	1	220650000	500000	220150000	Báo giá cho Công ty CP XYZ	2026-03-14	2026-02-12	2026-03-14 16:59:35.632801+07	2026-03-14 16:59:35.636258+07	2	5	2026-03-15 01:35:41.001203+07	t	\N	\N
6	BG0005	0	15499000	500000	14999000	Báo giá cho Lê Thị Hương	2026-03-02	2026-01-31	2026-03-14 16:59:35.638724+07	2026-03-14 16:59:35.644174+07	2	6	2026-03-15 01:35:41.001203+07	t	\N	\N
7	BG-001	2	174546500	0	174546500	\N	2026-03-25	2026-02-23	2026-03-15 02:01:34.714341+07	2026-03-15 02:01:34.714352+07	2	5	\N	f	\N	\N
8	BG-002	3	70971000	0	70971000	\N	2026-03-30	2026-02-28	2026-03-15 02:01:34.721181+07	2026-03-15 02:01:34.721191+07	2	2	\N	f	\N	\N
9	BG-003	0	23480000	0	23480000	\N	2026-04-09	2026-03-10	2026-03-15 02:01:34.725843+07	2026-03-15 02:01:34.725854+07	2	8	\N	f	\N	\N
10	BG-004	0	24990000	0	24990000		\N	2026-03-17	2026-03-17 14:34:41.90857+07	2026-03-17 14:34:41.908581+07	2	1	\N	f	\N	\N
11	BG-005	0	580000	0	580000		\N	2026-03-18	2026-03-18 16:11:26.882229+07	2026-03-18 16:11:26.882249+07	5	\N	\N	f	Minh Lê Văn	\N
12	BG-006	0	700000	0	700000		\N	2026-03-18	2026-03-18 16:19:43.873701+07	2026-03-18 16:19:43.873712+07	5	5	\N	f	Minh Lê Văn	1
13	BG-007	0	12000000	0	12000000		\N	2026-03-27	2026-03-27 10:12:20.108452+07	2026-03-27 10:12:20.108467+07	9	\N	2026-03-27 10:12:55.993616+07	t	Admin DigiMart	3
15	BG-008	3	33519000	0	33519000		\N	2026-03-27	2026-03-27 10:14:51.835169+07	2026-03-27 10:14:51.835178+07	9	3	\N	f	Admin DigiMart	3
\.


--
-- Data for Name: receipt_items; Type: TABLE DATA; Schema: public; Owner: -
--

COPY public.receipt_items (id, quantity, unit_price, total_price, product_id, receipt_id) FROM stdin;
\.


--
-- Data for Name: receipts; Type: TABLE DATA; Schema: public; Owner: -
--

COPY public.receipts (id, code, amount, description, receipt_date, reference, status, note, created_at, updated_at, cash_book_id, category_id, created_by_id, customer_id, deleted_at, is_deleted, order_id, payment_method, store_id) FROM stdin;
1	PT0001	237830000	Thu tiền bán hàng - Công ty TNHH ABC	2026-03-12	\N	1	\N	2026-03-14 16:59:35.730052+07	2026-03-14 16:59:35.734207+07	3	2	2	2	2026-03-15 01:49:15.011516+07	t	\N	1	\N
2	PT0002	7740000	Thu tiền bán hàng - Nguyễn Văn Tùng	2026-03-01	\N	1	\N	2026-03-14 16:59:35.736608+07	2026-03-14 16:59:35.739278+07	4	2	2	3	2026-03-15 01:49:15.011516+07	t	\N	1	\N
3	PT0003	189920000	Thu tiền bán hàng - Trần Minh Đức	2026-02-20	\N	1	\N	2026-03-14 16:59:35.740733+07	2026-03-14 16:59:35.744069+07	5	2	2	4	2026-03-15 01:49:15.011516+07	t	\N	1	\N
4	PT0004	108740000	Thu tiền bán hàng - Công ty CP XYZ	2026-03-01	\N	1	\N	2026-03-14 16:59:35.745535+07	2026-03-14 16:59:35.748582+07	3	2	2	5	2026-03-15 01:49:15.011516+07	t	\N	1	\N
5	PT0005	14255892	Thu công nợ tháng 3 - Lê Thị Hương	2026-03-03	\N	1	\N	2026-03-14 16:59:35.750343+07	2026-03-14 16:59:35.750346+07	3	3	2	6	2026-03-15 01:49:15.011516+07	t	\N	1	\N
6	PT0006	5603023	Thu công nợ tháng 2 - Phạm Quốc Bảo	2026-02-25	\N	1	\N	2026-03-14 16:59:35.751893+07	2026-03-14 16:59:35.751896+07	4	3	2	7	2026-03-15 01:49:15.011516+07	t	\N	1	\N
7	PT0007	24460736	Thu công nợ tháng 2 - Đại lý Thành Công	2026-02-18	\N	1	\N	2026-03-14 16:59:35.753387+07	2026-03-14 16:59:35.75339+07	5	3	2	8	2026-03-15 01:49:15.011516+07	t	\N	1	\N
14	PT-DH-013	23480000	Thu tiền đơn hàng DH-013 (tự động)	2026-03-17	\N	1		2026-03-17 10:08:01.981191+07	2026-03-28 11:55:51.915564+07	1	1	2	5	\N	f	21	2	3
8	PT-DH-002	45930000	Thu tiền đơn hàng DH-002	2026-03-05	\N	1	\N	2026-03-15 02:01:34.856011+07	2026-03-15 02:01:34.856019+07	1	1	2	2	\N	f	11	2	3
9	PT-DH-001	174546500	Thu tiền đơn hàng DH-001	2026-02-27	\N	1	\N	2026-03-15 02:01:34.860596+07	2026-03-15 02:01:34.860602+07	1	1	2	5	\N	f	10	2	3
11	PT-DH-004	85500000	Thu tiền đơn hàng DH-004 (tự động fix dữ liệu)	2026-03-12	\N	1	\N	2026-03-17 09:33:11.445447+07	2026-03-17 09:33:11.445452+07	2	2	2	1	\N	f	13	2	3
12	PT-DH-003	40780000	Thu tiền đơn hàng DH-003 (tự động fix dữ liệu)	2026-03-08	\N	1	\N	2026-03-17 09:33:11.448646+07	2026-03-17 09:33:11.44865+07	2	2	2	1	\N	f	12	2	3
13	PT-DH-006	4000000	Thu tiền đơn hàng DH-006 (tự động fix dữ liệu)	2026-03-05	\N	1	\N	2026-03-17 09:33:11.451027+07	2026-03-17 09:33:11.451031+07	2	2	2	5	\N	f	15	2	3
15	PT-BH-001	850000000	Thu bán hàng tháng 01/2026	2026-01-15	\N	1	\N	2026-03-17 11:22:17.961885+07	2026-03-17 11:22:17.961891+07	1	2	2	5	\N	f	\N	1	3
16	PT-BH-002	920000000	Thu bán hàng tháng 02/2026	2026-02-15	\N	1	\N	2026-03-17 11:22:17.964549+07	2026-03-17 11:22:17.964552+07	1	2	2	2	\N	f	\N	1	3
17	PT-BH-003	780000000	Thu bán hàng tháng 03/2026	2026-03-10	\N	1	\N	2026-03-17 11:22:17.966473+07	2026-03-17 11:22:17.966476+07	1	2	2	8	\N	f	\N	1	3
18	PT-VT-001	500000000	Thu vốn góp thêm	2026-01-05	\N	1	\N	2026-03-17 11:22:17.96835+07	2026-03-17 11:22:17.968353+07	1	4	2	\N	\N	f	\N	1	3
19	PT-VT-002	350000000	Thu hoàn thuế GTGT Q4/2025	2026-02-20	\N	1	\N	2026-03-17 11:22:17.970285+07	2026-03-17 11:22:17.970288+07	1	4	2	\N	\N	f	\N	1	3
20	PT-CK-001	1200000000	Thu chuyển khoản đại lý miền Bắc	2026-01-20	\N	1	\N	2026-03-17 11:22:17.972004+07	2026-03-17 11:22:17.972006+07	2	2	2	1	\N	f	\N	2	3
21	PT-CK-002	680000000	Thu chuyển khoản đại lý miền Nam	2026-02-25	\N	1	\N	2026-03-17 11:22:17.973846+07	2026-03-17 11:22:17.973849+07	2	2	2	6	\N	f	\N	2	3
22	PT-CK-003	450000000	Thu công nợ quý trước	2026-03-05	\N	1	\N	2026-03-17 11:22:17.975558+07	2026-03-17 11:22:17.975561+07	2	3	2	5	\N	f	\N	2	3
23	PT-SPA-0002	6000	Thu SPA-0001	2026-02-01	\N	1	\N	2026-03-17 15:54:13.11433+07	2026-03-17 15:54:13.114333+07	\N	1	5	16	\N	f	30	2	2
24	PT-SPA-0003	1310000	Thu SPA-0002	2026-02-01	\N	1	\N	2026-03-17 15:54:13.120781+07	2026-03-17 15:54:13.120784+07	\N	1	5	13	\N	f	31	2	1
25	PT-SPA-0004	2800000	Thu SPA-0003	2026-02-01	\N	1	\N	2026-03-17 15:54:13.126872+07	2026-03-17 15:54:13.126875+07	\N	1	5	10	\N	f	32	3	1
26	PT-SPA-0005	55000	Thu SPA-0004	2026-02-02	\N	1	\N	2026-03-17 15:54:13.131869+07	2026-03-17 15:54:13.131872+07	\N	1	5	13	\N	f	33	3	2
27	PT-SPA-0006	1410000	Thu SPA-0005	2026-02-02	\N	1	\N	2026-03-17 15:54:13.138101+07	2026-03-17 15:54:13.138105+07	\N	1	5	16	\N	f	34	1	2
28	PT-SPA-0007	325000	Thu SPA-0006	2026-02-02	\N	1	\N	2026-03-17 15:54:13.143793+07	2026-03-17 15:54:13.143797+07	\N	1	5	16	\N	f	35	3	2
29	PT-SPA-0008	1144000	Thu SPA-0007	2026-02-02	\N	1	\N	2026-03-17 15:54:13.151623+07	2026-03-17 15:54:13.151628+07	\N	1	5	16	\N	f	36	2	1
30	PT-SPA-0009	38000	Thu SPA-0008	2026-02-03	\N	1	\N	2026-03-17 15:54:13.157208+07	2026-03-17 15:54:13.157213+07	\N	1	5	11	\N	f	37	2	1
31	PT-SPA-0010	2218000	Thu SPA-0009	2026-02-03	\N	1	\N	2026-03-17 15:54:13.166508+07	2026-03-17 15:54:13.166513+07	\N	1	5	12	\N	f	38	3	1
32	PT-SPA-0011	1202000	Thu SPA-0010	2026-02-03	\N	1	\N	2026-03-17 15:54:13.174723+07	2026-03-17 15:54:13.174729+07	\N	1	5	12	\N	f	39	2	2
33	PT-SPA-0012	532000	Thu SPA-0011	2026-02-04	\N	1	\N	2026-03-17 15:54:13.18543+07	2026-03-17 15:54:13.185439+07	\N	1	5	11	\N	f	40	3	2
34	PT-SPA-0013	947000	Thu SPA-0012	2026-02-04	\N	1	\N	2026-03-17 15:54:13.196021+07	2026-03-17 15:54:13.196026+07	\N	1	5	16	\N	f	41	3	2
35	PT-SPA-0014	1200000	Thu SPA-0013	2026-02-05	\N	1	\N	2026-03-17 15:54:13.202963+07	2026-03-17 15:54:13.202969+07	\N	1	5	15	\N	f	42	3	1
36	PT-SPA-0015	291000	Thu SPA-0014	2026-02-05	\N	1	\N	2026-03-17 15:54:13.211859+07	2026-03-17 15:54:13.211866+07	\N	1	5	16	\N	f	43	3	2
37	PT-SPA-0016	978000	Thu SPA-0015	2026-02-05	\N	1	\N	2026-03-17 15:54:13.220114+07	2026-03-17 15:54:13.220122+07	\N	1	5	11	\N	f	44	3	2
38	PT-SPA-0017	1224000	Thu SPA-0016	2026-02-05	\N	1	\N	2026-03-17 15:54:13.231042+07	2026-03-17 15:54:13.23105+07	\N	1	5	15	\N	f	45	3	1
39	PT-SPA-0018	425000	Thu SPA-0017	2026-02-05	\N	1	\N	2026-03-17 15:54:13.239764+07	2026-03-17 15:54:13.239772+07	\N	1	5	11	\N	f	46	1	2
40	PT-SPA-0019	700000	Thu SPA-0018	2026-02-06	\N	1	\N	2026-03-17 15:54:13.248309+07	2026-03-17 15:54:13.248316+07	\N	1	5	12	\N	f	47	2	1
41	PT-SPA-0020	260000	Thu SPA-0019	2026-02-06	\N	1	\N	2026-03-17 15:54:13.255592+07	2026-03-17 15:54:13.255599+07	\N	1	5	12	\N	f	48	1	2
42	PT-SPA-0021	657000	Thu SPA-0020	2026-02-06	\N	1	\N	2026-03-17 15:54:13.26608+07	2026-03-17 15:54:13.266088+07	\N	1	5	12	\N	f	49	3	1
43	PT-SPA-0022	185000	Thu SPA-0021	2026-02-06	\N	1	\N	2026-03-17 15:54:13.276208+07	2026-03-17 15:54:13.276216+07	\N	1	5	13	\N	f	50	2	1
44	PT-SPA-0023	810000	Thu SPA-0022	2026-02-06	\N	1	\N	2026-03-17 15:54:13.28756+07	2026-03-17 15:54:13.287567+07	\N	1	5	11	\N	f	51	2	1
45	PT-SPA-0024	881000	Thu SPA-0023	2026-02-07	\N	1	\N	2026-03-17 15:54:13.297081+07	2026-03-17 15:54:13.297084+07	\N	1	5	13	\N	f	52	3	2
46	PT-SPA-0025	35000	Thu SPA-0024	2026-02-07	\N	1	\N	2026-03-17 15:54:13.301292+07	2026-03-17 15:54:13.301295+07	\N	1	5	14	\N	f	53	2	2
47	PT-SPA-0026	99000	Thu SPA-0025	2026-02-07	\N	1	\N	2026-03-17 15:54:13.307165+07	2026-03-17 15:54:13.307172+07	\N	1	5	10	\N	f	54	2	1
48	PT-SPA-0027	500000	Thu SPA-0026	2026-02-08	\N	1	\N	2026-03-17 15:54:13.316088+07	2026-03-17 15:54:13.316096+07	\N	1	5	16	\N	f	55	3	1
49	PT-SPA-0028	1428000	Thu SPA-0027	2026-02-08	\N	1	\N	2026-03-17 15:54:13.326654+07	2026-03-17 15:54:13.326661+07	\N	1	5	11	\N	f	56	1	2
50	PT-SPA-0029	308000	Thu SPA-0028	2026-02-09	\N	1	\N	2026-03-17 15:54:13.337058+07	2026-03-17 15:54:13.337075+07	\N	1	5	15	\N	f	57	3	2
51	PT-SPA-0030	550000	Thu SPA-0029	2026-02-09	\N	1	\N	2026-03-17 15:54:13.34776+07	2026-03-17 15:54:13.347765+07	\N	1	5	15	\N	f	58	2	1
52	PT-SPA-0031	527000	Thu SPA-0030	2026-02-09	\N	1	\N	2026-03-17 15:54:13.356038+07	2026-03-17 15:54:13.356044+07	\N	1	5	10	\N	f	59	1	2
53	PT-SPA-0032	1850000	Thu SPA-0031	2026-02-09	\N	1	\N	2026-03-17 15:54:13.365306+07	2026-03-17 15:54:13.365314+07	\N	1	5	13	\N	f	60	2	2
54	PT-SPA-0033	139000	Thu SPA-0032	2026-02-10	\N	1	\N	2026-03-17 15:54:13.373039+07	2026-03-17 15:54:13.373047+07	\N	1	5	13	\N	f	61	1	2
55	PT-SPA-0034	893000	Thu SPA-0033	2026-02-10	\N	1	\N	2026-03-17 15:54:13.384149+07	2026-03-17 15:54:13.384157+07	\N	1	5	14	\N	f	62	3	1
56	PT-SPA-0035	98000	Thu SPA-0034	2026-02-10	\N	1	\N	2026-03-17 15:54:13.393434+07	2026-03-17 15:54:13.393442+07	\N	1	5	13	\N	f	63	2	1
57	PT-SPA-0036	302000	Thu SPA-0035	2026-02-11	\N	1	\N	2026-03-17 15:54:13.403748+07	2026-03-17 15:54:13.403757+07	\N	1	5	11	\N	f	64	2	1
58	PT-SPA-0037	157000	Thu SPA-0036	2026-02-11	\N	1	\N	2026-03-17 15:54:13.413142+07	2026-03-17 15:54:13.413152+07	\N	1	5	11	\N	f	65	2	1
59	PT-SPA-0038	865000	Thu SPA-0037	2026-02-12	\N	1	\N	2026-03-17 15:54:13.424633+07	2026-03-17 15:54:13.424641+07	\N	1	5	12	\N	f	66	2	2
60	PT-SPA-0039	250000	Thu SPA-0038	2026-02-12	\N	1	\N	2026-03-17 15:54:13.432272+07	2026-03-17 15:54:13.432283+07	\N	1	5	12	\N	f	67	3	1
61	PT-SPA-0040	779000	Thu SPA-0039	2026-02-12	\N	1	\N	2026-03-17 15:54:13.442475+07	2026-03-17 15:54:13.442482+07	\N	1	5	14	\N	f	68	1	2
62	PT-SPA-0041	243000	Thu SPA-0040	2026-02-12	\N	1	\N	2026-03-17 15:54:13.455445+07	2026-03-17 15:54:13.45545+07	\N	1	5	16	\N	f	69	1	1
63	PT-SPA-0042	2950000	Thu SPA-0041	2026-02-12	\N	1	\N	2026-03-17 15:54:13.466595+07	2026-03-17 15:54:13.4666+07	\N	1	5	10	\N	f	70	1	1
64	PT-SPA-0043	533000	Thu SPA-0042	2026-02-13	\N	1	\N	2026-03-17 15:54:13.473992+07	2026-03-17 15:54:13.473996+07	\N	1	5	12	\N	f	71	3	2
65	PT-SPA-0044	880000	Thu SPA-0043	2026-02-13	\N	1	\N	2026-03-17 15:54:13.483562+07	2026-03-17 15:54:13.483567+07	\N	1	5	11	\N	f	72	2	2
66	PT-SPA-0045	599000	Thu SPA-0044	2026-02-14	\N	1	\N	2026-03-17 15:54:13.494936+07	2026-03-17 15:54:13.494945+07	\N	1	5	15	\N	f	73	1	2
67	PT-SPA-0046	380000	Thu SPA-0045	2026-02-14	\N	1	\N	2026-03-17 15:54:13.504964+07	2026-03-17 15:54:13.504972+07	\N	1	5	14	\N	f	74	2	1
68	PT-SPA-0047	368000	Thu SPA-0046	2026-02-14	\N	1	\N	2026-03-17 15:54:13.51604+07	2026-03-17 15:54:13.516046+07	\N	1	5	12	\N	f	75	2	2
69	PT-SPA-0048	360000	Thu SPA-0047	2026-02-14	\N	1	\N	2026-03-17 15:54:13.522751+07	2026-03-17 15:54:13.522757+07	\N	1	5	11	\N	f	76	3	2
70	PT-SPA-0049	145000	Thu SPA-0048	2026-02-15	\N	1	\N	2026-03-17 15:54:13.530719+07	2026-03-17 15:54:13.530726+07	\N	1	5	16	\N	f	77	3	1
71	PT-SPA-0050	1500000	Thu SPA-0049	2026-02-15	\N	1	\N	2026-03-17 15:54:13.538906+07	2026-03-17 15:54:13.538912+07	\N	1	5	13	\N	f	78	2	2
72	PT-SPA-0051	305000	Thu SPA-0050	2026-02-15	\N	1	\N	2026-03-17 15:54:13.547345+07	2026-03-17 15:54:13.547352+07	\N	1	5	13	\N	f	79	3	2
73	PT-SPA-0052	218000	Thu SPA-0051	2026-02-15	\N	1	\N	2026-03-17 15:54:13.554873+07	2026-03-17 15:54:13.55488+07	\N	1	5	13	\N	f	80	3	2
74	PT-SPA-0053	1436000	Thu SPA-0052	2026-02-16	\N	1	\N	2026-03-17 15:54:13.563417+07	2026-03-17 15:54:13.563425+07	\N	1	5	11	\N	f	81	1	2
75	PT-SPA-0054	448000	Thu SPA-0053	2026-02-16	\N	1	\N	2026-03-17 15:54:13.573899+07	2026-03-17 15:54:13.573909+07	\N	1	5	16	\N	f	82	3	1
76	PT-SPA-0055	322000	Thu SPA-0054	2026-02-17	\N	1	\N	2026-03-17 15:54:13.584572+07	2026-03-17 15:54:13.584581+07	\N	1	5	14	\N	f	83	3	2
77	PT-SPA-0056	319000	Thu SPA-0055	2026-02-17	\N	1	\N	2026-03-17 15:54:13.593101+07	2026-03-17 15:54:13.593109+07	\N	1	5	15	\N	f	84	3	2
78	PT-SPA-0057	500000	Thu SPA-0056	2026-02-17	\N	1	\N	2026-03-17 15:54:13.600499+07	2026-03-17 15:54:13.600507+07	\N	1	5	13	\N	f	85	2	1
79	PT-SPA-0058	539000	Thu SPA-0057	2026-02-17	\N	1	\N	2026-03-17 15:54:13.611595+07	2026-03-17 15:54:13.611604+07	\N	1	5	10	\N	f	86	1	2
80	PT-SPA-0059	1964000	Thu SPA-0058	2026-02-17	\N	1	\N	2026-03-17 15:54:13.623936+07	2026-03-17 15:54:13.623945+07	\N	1	5	11	\N	f	87	2	1
81	PT-SPA-0060	985000	Thu SPA-0059	2026-02-18	\N	1	\N	2026-03-17 15:54:13.635529+07	2026-03-17 15:54:13.635538+07	\N	1	5	13	\N	f	88	2	2
82	PT-SPA-0061	475000	Thu SPA-0060	2026-02-18	\N	1	\N	2026-03-17 15:54:13.648423+07	2026-03-17 15:54:13.648433+07	\N	1	5	12	\N	f	89	1	1
83	PT-SPA-0062	22000	Thu SPA-0061	2026-02-18	\N	1	\N	2026-03-17 15:54:13.657401+07	2026-03-17 15:54:13.65741+07	\N	1	5	16	\N	f	90	2	2
84	PT-SPA-0063	1075000	Thu SPA-0062	2026-02-18	\N	1	\N	2026-03-17 15:54:13.670093+07	2026-03-17 15:54:13.670102+07	\N	1	5	10	\N	f	91	1	2
85	PT-SPA-0064	850000	Thu SPA-0063	2026-02-18	\N	1	\N	2026-03-17 15:54:13.68117+07	2026-03-17 15:54:13.681189+07	\N	1	5	15	\N	f	92	1	1
86	PT-SPA-0065	625000	Thu SPA-0064	2026-02-19	\N	1	\N	2026-03-17 15:54:13.692498+07	2026-03-17 15:54:13.692506+07	\N	1	5	11	\N	f	93	1	1
87	PT-SPA-0066	950000	Thu SPA-0065	2026-02-19	\N	1	\N	2026-03-17 15:54:13.704925+07	2026-03-17 15:54:13.704937+07	\N	1	5	11	\N	f	94	2	2
88	PT-SPA-0067	99000	Thu SPA-0066	2026-02-19	\N	1	\N	2026-03-17 15:54:13.713266+07	2026-03-17 15:54:13.713275+07	\N	1	5	15	\N	f	95	2	2
89	PT-SPA-0068	215000	Thu SPA-0067	2026-02-19	\N	1	\N	2026-03-17 15:54:13.720511+07	2026-03-17 15:54:13.720514+07	\N	1	5	13	\N	f	96	3	2
90	PT-SPA-0069	909000	Thu SPA-0068	2026-02-19	\N	1	\N	2026-03-17 15:54:13.727791+07	2026-03-17 15:54:13.727796+07	\N	1	5	11	\N	f	97	3	1
91	PT-SPA-0070	348000	Thu SPA-0069	2026-02-20	\N	1	\N	2026-03-17 15:54:13.736047+07	2026-03-17 15:54:13.736054+07	\N	1	5	10	\N	f	98	2	2
92	PT-SPA-0071	1143000	Thu SPA-0070	2026-02-20	\N	1	\N	2026-03-17 15:54:13.745639+07	2026-03-17 15:54:13.745647+07	\N	1	5	15	\N	f	99	2	1
93	PT-SPA-0072	76000	Thu SPA-0071	2026-02-21	\N	1	\N	2026-03-17 15:54:13.753223+07	2026-03-17 15:54:13.753231+07	\N	1	5	10	\N	f	100	3	1
94	PT-SPA-0073	856000	Thu SPA-0072	2026-02-21	\N	1	\N	2026-03-17 15:54:13.761838+07	2026-03-17 15:54:13.761845+07	\N	1	5	10	\N	f	101	3	2
95	PT-SPA-0074	218000	Thu SPA-0073	2026-02-21	\N	1	\N	2026-03-17 15:54:13.769455+07	2026-03-17 15:54:13.769462+07	\N	1	5	15	\N	f	102	1	2
96	PT-SPA-0075	254000	Thu SPA-0074	2026-02-22	\N	1	\N	2026-03-17 15:54:13.77811+07	2026-03-17 15:54:13.778118+07	\N	1	5	14	\N	f	103	2	1
97	PT-SPA-0076	419000	Thu SPA-0075	2026-02-22	\N	1	\N	2026-03-17 15:54:13.786872+07	2026-03-17 15:54:13.786881+07	\N	1	5	14	\N	f	104	1	2
98	PT-SPA-0077	518000	Thu SPA-0076	2026-02-22	\N	1	\N	2026-03-17 15:54:13.795587+07	2026-03-17 15:54:13.795596+07	\N	1	5	13	\N	f	105	2	2
99	PT-SPA-0078	815000	Thu SPA-0077	2026-02-23	\N	1	\N	2026-03-17 15:54:13.806906+07	2026-03-17 15:54:13.806913+07	\N	1	5	10	\N	f	106	2	2
100	PT-SPA-0079	59000	Thu SPA-0078	2026-02-23	\N	1	\N	2026-03-17 15:54:13.814779+07	2026-03-17 15:54:13.814786+07	\N	1	5	11	\N	f	107	2	1
101	PT-SPA-0080	259000	Thu SPA-0079	2026-02-23	\N	1	\N	2026-03-17 15:54:13.825349+07	2026-03-17 15:54:13.82536+07	\N	1	5	12	\N	f	108	1	1
102	PT-SPA-0081	1084000	Thu SPA-0080	2026-02-24	\N	1	\N	2026-03-17 15:54:13.83854+07	2026-03-17 15:54:13.838547+07	\N	1	5	10	\N	f	109	2	2
103	PT-SPA-0082	800000	Thu SPA-0081	2026-02-24	\N	1	\N	2026-03-17 15:54:13.846572+07	2026-03-17 15:54:13.846579+07	\N	1	5	10	\N	f	110	1	1
104	PT-SPA-0083	179000	Thu SPA-0082	2026-02-24	\N	1	\N	2026-03-17 15:54:13.854512+07	2026-03-17 15:54:13.854519+07	\N	1	5	12	\N	f	111	2	2
105	PT-SPA-0084	364000	Thu SPA-0083	2026-02-25	\N	1	\N	2026-03-17 15:54:13.863762+07	2026-03-17 15:54:13.863768+07	\N	1	5	10	\N	f	112	1	1
106	PT-SPA-0085	1983000	Thu SPA-0084	2026-02-25	\N	1	\N	2026-03-17 15:54:13.874933+07	2026-03-17 15:54:13.87494+07	\N	1	5	12	\N	f	113	2	1
107	PT-SPA-0086	719000	Thu SPA-0085	2026-02-25	\N	1	\N	2026-03-17 15:54:13.884634+07	2026-03-17 15:54:13.884643+07	\N	1	5	11	\N	f	114	1	1
108	PT-SPA-0087	1390000	Thu SPA-0086	2026-02-25	\N	1	\N	2026-03-17 15:54:13.897651+07	2026-03-17 15:54:13.897664+07	\N	1	5	10	\N	f	115	2	2
109	PT-SPA-0088	150000	Thu SPA-0087	2026-02-25	\N	1	\N	2026-03-17 15:54:13.908258+07	2026-03-17 15:54:13.908269+07	\N	1	5	15	\N	f	116	3	1
110	PT-SPA-0089	666000	Thu SPA-0088	2026-02-26	\N	1	\N	2026-03-17 15:54:13.92173+07	2026-03-17 15:54:13.921744+07	\N	1	5	11	\N	f	117	3	2
111	PT-SPA-0090	1869000	Thu SPA-0089	2026-02-26	\N	1	\N	2026-03-17 15:54:13.935736+07	2026-03-17 15:54:13.935746+07	\N	1	5	15	\N	f	118	2	2
112	PT-SPA-0091	561000	Thu SPA-0090	2026-02-26	\N	1	\N	2026-03-17 15:54:13.948902+07	2026-03-17 15:54:13.948911+07	\N	1	5	12	\N	f	119	1	2
113	PT-SPA-0092	1238000	Thu SPA-0091	2026-02-26	\N	1	\N	2026-03-17 15:54:13.961406+07	2026-03-17 15:54:13.961416+07	\N	1	5	11	\N	f	120	3	1
114	PT-SPA-0093	1126000	Thu SPA-0092	2026-02-27	\N	1	\N	2026-03-17 15:54:13.974205+07	2026-03-17 15:54:13.974213+07	\N	1	5	11	\N	f	121	1	1
115	PT-SPA-0094	550000	Thu SPA-0093	2026-02-27	\N	1	\N	2026-03-17 15:54:13.982242+07	2026-03-17 15:54:13.982249+07	\N	1	5	15	\N	f	122	2	1
116	PT-SPA-0095	669000	Thu SPA-0094	2026-02-27	\N	1	\N	2026-03-17 15:54:13.99174+07	2026-03-17 15:54:13.991749+07	\N	1	5	14	\N	f	123	1	2
117	PT-SPA-0096	700000	Thu SPA-0095	2026-02-27	\N	1	\N	2026-03-17 15:54:13.999893+07	2026-03-17 15:54:13.999897+07	\N	1	5	16	\N	f	124	1	2
118	PT-SPA-0097	1088000	Thu SPA-0096	2026-02-27	\N	1	\N	2026-03-17 15:54:14.008629+07	2026-03-17 15:54:14.008637+07	\N	1	5	10	\N	f	125	3	1
119	PT-SPA-0098	758000	Thu SPA-0097	2026-02-28	\N	1	\N	2026-03-17 15:54:14.015786+07	2026-03-17 15:54:14.015793+07	\N	1	5	16	\N	f	126	1	1
120	PT-SPA-0099	407000	Thu SPA-0098	2026-02-28	\N	1	\N	2026-03-17 15:54:14.025326+07	2026-03-17 15:54:14.025333+07	\N	1	5	10	\N	f	127	1	2
121	PT-SPA-0100	915000	Thu SPA-0099	2026-02-28	\N	1	\N	2026-03-17 15:54:14.034788+07	2026-03-17 15:54:14.034795+07	\N	1	5	13	\N	f	128	1	2
122	PT-SPA-0101	560000	Thu SPA-0100	2026-02-28	\N	1	\N	2026-03-17 15:54:14.042169+07	2026-03-17 15:54:14.042184+07	\N	1	5	14	\N	f	129	3	1
123	PT-SPA-0102	909000	Thu SPA-0101	2026-02-28	\N	1	\N	2026-03-17 15:54:14.051459+07	2026-03-17 15:54:14.051465+07	\N	1	5	16	\N	f	130	2	2
124	PT-SPA-0103	4000	Thu SPA-0102	2026-03-01	\N	1	\N	2026-03-17 15:54:14.057422+07	2026-03-17 15:54:14.057426+07	\N	1	5	11	\N	f	131	1	1
125	PT-SPA-0104	65000	Thu SPA-0103	2026-03-01	\N	1	\N	2026-03-17 15:54:14.063446+07	2026-03-17 15:54:14.063453+07	\N	1	5	16	\N	f	132	3	2
126	PT-SPA-0105	1625000	Thu SPA-0104	2026-03-01	\N	1	\N	2026-03-17 15:54:14.074259+07	2026-03-17 15:54:14.074267+07	\N	1	5	11	\N	f	133	3	2
127	PT-SPA-0106	465000	Thu SPA-0105	2026-03-01	\N	1	\N	2026-03-17 15:54:14.084315+07	2026-03-17 15:54:14.084323+07	\N	1	5	16	\N	f	134	3	2
128	PT-SPA-0107	449000	Thu SPA-0106	2026-03-01	\N	1	\N	2026-03-17 15:54:14.093573+07	2026-03-17 15:54:14.093581+07	\N	1	5	12	\N	f	135	2	2
129	PT-SPA-0108	358000	Thu SPA-0107	2026-03-02	\N	1	\N	2026-03-17 15:54:14.102562+07	2026-03-17 15:54:14.102569+07	\N	1	5	11	\N	f	136	3	1
130	PT-SPA-0109	706000	Thu SPA-0108	2026-03-02	\N	1	\N	2026-03-17 15:54:14.112629+07	2026-03-17 15:54:14.112637+07	\N	1	5	10	\N	f	137	1	1
131	PT-SPA-0110	986000	Thu SPA-0109	2026-03-02	\N	1	\N	2026-03-17 15:54:14.123695+07	2026-03-17 15:54:14.123704+07	\N	1	5	16	\N	f	138	1	2
132	PT-SPA-0111	759000	Thu SPA-0110	2026-03-02	\N	1	\N	2026-03-17 15:54:14.134995+07	2026-03-17 15:54:14.135004+07	\N	1	5	14	\N	f	139	1	2
133	PT-SPA-0112	430000	Thu SPA-0111	2026-03-02	\N	1	\N	2026-03-17 15:54:14.148669+07	2026-03-17 15:54:14.14868+07	\N	1	5	11	\N	f	140	1	2
134	PT-SPA-0113	780000	Thu SPA-0112	2026-03-03	\N	1	\N	2026-03-17 15:54:14.16091+07	2026-03-17 15:54:14.160923+07	\N	1	5	12	\N	f	141	3	1
135	PT-SPA-0114	632000	Thu SPA-0113	2026-03-03	\N	1	\N	2026-03-17 15:54:14.175015+07	2026-03-17 15:54:14.175027+07	\N	1	5	14	\N	f	142	2	1
136	PT-SPA-0115	200000	Thu SPA-0114	2026-03-03	\N	1	\N	2026-03-17 15:54:14.184044+07	2026-03-17 15:54:14.184055+07	\N	1	5	15	\N	f	143	2	2
137	PT-SPA-0116	1059000	Thu SPA-0115	2026-03-03	\N	1	\N	2026-03-17 15:54:14.196093+07	2026-03-17 15:54:14.196103+07	\N	1	5	15	\N	f	144	3	2
138	PT-SPA-0117	38000	Thu SPA-0116	2026-03-04	\N	1	\N	2026-03-17 15:54:14.204675+07	2026-03-17 15:54:14.204684+07	\N	1	5	11	\N	f	145	2	2
139	PT-SPA-0118	635000	Thu SPA-0117	2026-03-04	\N	1	\N	2026-03-17 15:54:14.216247+07	2026-03-17 15:54:14.216257+07	\N	1	5	11	\N	f	146	1	1
140	PT-SPA-0119	293000	Thu SPA-0118	2026-03-05	\N	1	\N	2026-03-17 15:54:14.227256+07	2026-03-17 15:54:14.227262+07	\N	1	5	11	\N	f	147	1	1
141	PT-SPA-0120	590000	Thu SPA-0119	2026-03-05	\N	1	\N	2026-03-17 15:54:14.236818+07	2026-03-17 15:54:14.236823+07	\N	1	5	12	\N	f	148	3	1
142	PT-SPA-0121	304000	Thu SPA-0120	2026-03-05	\N	1	\N	2026-03-17 15:54:14.244756+07	2026-03-17 15:54:14.24476+07	\N	1	5	13	\N	f	149	3	1
143	PT-SPA-0122	-6000	Thu SPA-0121	2026-03-05	\N	1	\N	2026-03-17 15:54:14.250059+07	2026-03-17 15:54:14.250062+07	\N	1	5	10	\N	f	150	2	2
144	PT-SPA-0123	1444000	Thu SPA-0122	2026-03-05	\N	1	\N	2026-03-17 15:54:14.257256+07	2026-03-17 15:54:14.25726+07	\N	1	5	13	\N	f	151	2	2
145	PT-SPA-0124	1190000	Thu SPA-0123	2026-03-06	\N	1	\N	2026-03-17 15:54:14.264673+07	2026-03-17 15:54:14.264676+07	\N	1	5	14	\N	f	152	2	1
146	PT-SPA-0125	280000	Thu SPA-0124	2026-03-06	\N	1	\N	2026-03-17 15:54:14.269541+07	2026-03-17 15:54:14.269544+07	\N	1	5	16	\N	f	153	1	2
147	PT-SPA-0126	2300000	Thu SPA-0125	2026-03-06	\N	1	\N	2026-03-17 15:54:14.277284+07	2026-03-17 15:54:14.277287+07	\N	1	5	14	\N	f	154	3	1
148	PT-SPA-0127	398000	Thu SPA-0126	2026-03-06	\N	1	\N	2026-03-17 15:54:14.283119+07	2026-03-17 15:54:14.283122+07	\N	1	5	12	\N	f	155	1	1
149	PT-SPA-0128	39000	Thu SPA-0127	2026-03-07	\N	1	\N	2026-03-17 15:54:14.287933+07	2026-03-17 15:54:14.287936+07	\N	1	5	12	\N	f	156	1	2
150	PT-SPA-0129	2141000	Thu SPA-0128	2026-03-07	\N	1	\N	2026-03-17 15:54:14.295533+07	2026-03-17 15:54:14.295536+07	\N	1	5	11	\N	f	157	2	2
151	PT-SPA-0130	2158000	Thu SPA-0129	2026-03-08	\N	1	\N	2026-03-17 15:54:14.303146+07	2026-03-17 15:54:14.303149+07	\N	1	5	14	\N	f	158	2	2
152	PT-SPA-0131	710000	Thu SPA-0130	2026-03-08	\N	1	\N	2026-03-17 15:54:14.308702+07	2026-03-17 15:54:14.308705+07	\N	1	5	12	\N	f	159	3	1
153	PT-SPA-0132	692000	Thu SPA-0131	2026-03-09	\N	1	\N	2026-03-17 15:54:14.316552+07	2026-03-17 15:54:14.316555+07	\N	1	5	14	\N	f	160	1	1
154	PT-SPA-0133	15000	Thu SPA-0132	2026-03-09	\N	1	\N	2026-03-17 15:54:14.321285+07	2026-03-17 15:54:14.321288+07	\N	1	5	11	\N	f	161	3	2
155	PT-SPA-0134	1150000	Thu SPA-0133	2026-03-09	\N	1	\N	2026-03-17 15:54:14.327993+07	2026-03-17 15:54:14.327996+07	\N	1	5	12	\N	f	162	3	2
156	PT-SPA-0135	352000	Thu SPA-0134	2026-03-09	\N	1	\N	2026-03-17 15:54:14.334586+07	2026-03-17 15:54:14.334589+07	\N	1	5	10	\N	f	163	3	2
157	PT-SPA-0136	858000	Thu SPA-0135	2026-03-10	\N	1	\N	2026-03-17 15:54:14.341618+07	2026-03-17 15:54:14.341621+07	\N	1	5	14	\N	f	164	1	1
158	PT-SPA-0137	893000	Thu SPA-0136	2026-03-10	\N	1	\N	2026-03-17 15:54:14.348631+07	2026-03-17 15:54:14.348634+07	\N	1	5	10	\N	f	165	1	1
159	PT-SPA-0138	66000	Thu SPA-0137	2026-03-11	\N	1	\N	2026-03-17 15:54:14.353491+07	2026-03-17 15:54:14.353494+07	\N	1	5	11	\N	f	166	2	1
160	PT-SPA-0139	250000	Thu SPA-0138	2026-03-11	\N	1	\N	2026-03-17 15:54:14.358553+07	2026-03-17 15:54:14.358556+07	\N	1	5	14	\N	f	167	1	2
161	PT-SPA-0140	1252000	Thu SPA-0139	2026-03-11	\N	1	\N	2026-03-17 15:54:14.366407+07	2026-03-17 15:54:14.366411+07	\N	1	5	14	\N	f	168	3	1
162	PT-SPA-0141	1350000	Thu SPA-0140	2026-03-11	\N	1	\N	2026-03-17 15:54:14.371677+07	2026-03-17 15:54:14.37168+07	\N	1	5	14	\N	f	169	3	2
163	PT-SPA-0142	700000	Thu SPA-0141	2026-03-11	\N	1	\N	2026-03-17 15:54:14.37653+07	2026-03-17 15:54:14.376532+07	\N	1	5	10	\N	f	170	3	2
164	PT-SPA-0143	118000	Thu SPA-0142	2026-03-12	\N	1	\N	2026-03-17 15:54:14.381438+07	2026-03-17 15:54:14.381441+07	\N	1	5	13	\N	f	171	2	1
165	PT-SPA-0144	632000	Thu SPA-0143	2026-03-12	\N	1	\N	2026-03-17 15:54:14.389189+07	2026-03-17 15:54:14.389193+07	\N	1	5	11	\N	f	172	1	1
166	PT-SPA-0145	899000	Thu SPA-0144	2026-03-12	\N	1	\N	2026-03-17 15:54:14.396961+07	2026-03-17 15:54:14.396964+07	\N	1	5	15	\N	f	173	3	1
167	PT-SPA-0146	1760000	Thu SPA-0145	2026-03-13	\N	1	\N	2026-03-17 15:54:14.402923+07	2026-03-17 15:54:14.402926+07	\N	1	5	15	\N	f	174	1	2
168	PT-SPA-0147	169000	Thu SPA-0146	2026-03-13	\N	1	\N	2026-03-17 15:54:14.4085+07	2026-03-17 15:54:14.408503+07	\N	1	5	14	\N	f	175	3	1
169	PT-SPA-0148	658000	Thu SPA-0147	2026-03-13	\N	1	\N	2026-03-17 15:54:14.414587+07	2026-03-17 15:54:14.414591+07	\N	1	5	10	\N	f	176	2	1
170	PT-SPA-0149	1440000	Thu SPA-0148	2026-03-13	\N	1	\N	2026-03-17 15:54:14.421351+07	2026-03-17 15:54:14.421354+07	\N	1	5	10	\N	f	177	2	2
171	PT-SPA-0150	2056000	Thu SPA-0149	2026-03-14	\N	1	\N	2026-03-17 15:54:14.429244+07	2026-03-17 15:54:14.429247+07	\N	1	5	15	\N	f	178	1	2
172	PT-SPA-0151	500000	Thu SPA-0150	2026-03-14	\N	1	\N	2026-03-17 15:54:14.434319+07	2026-03-17 15:54:14.434322+07	\N	1	5	16	\N	f	179	1	2
173	PT-SPA-0152	309000	Thu SPA-0151	2026-03-15	\N	1	\N	2026-03-17 15:54:14.441149+07	2026-03-17 15:54:14.441153+07	\N	1	5	13	\N	f	180	2	2
174	PT-SPA-0153	758000	Thu SPA-0152	2026-03-15	\N	1	\N	2026-03-17 15:54:14.446917+07	2026-03-17 15:54:14.44692+07	\N	1	5	11	\N	f	181	1	1
175	PT-SPA-0154	541000	Thu SPA-0153	2026-03-15	\N	1	\N	2026-03-17 15:54:14.45345+07	2026-03-17 15:54:14.453453+07	\N	1	5	13	\N	f	182	2	2
176	PT-SPA-0155	369000	Thu SPA-0154	2026-03-15	\N	1	\N	2026-03-17 15:54:14.459897+07	2026-03-17 15:54:14.4599+07	\N	1	5	12	\N	f	183	3	1
177	PT-SPA-0156	125000	Thu SPA-0155	2026-03-15	\N	1	\N	2026-03-17 15:54:14.465117+07	2026-03-17 15:54:14.46512+07	\N	1	5	12	\N	f	184	3	1
178	PT-SPA-0157	100000	Thu SPA-0156	2026-03-16	\N	1	\N	2026-03-17 15:54:14.470236+07	2026-03-17 15:54:14.47024+07	\N	1	5	15	\N	f	185	3	1
179	PT-SPA-0158	189000	Thu SPA-0157	2026-03-16	\N	1	\N	2026-03-17 15:54:14.476474+07	2026-03-17 15:54:14.476477+07	\N	1	5	15	\N	f	186	1	1
180	PT-SPA-0159	169000	Thu SPA-0158	2026-03-16	\N	1	\N	2026-03-17 15:54:14.482344+07	2026-03-17 15:54:14.482347+07	\N	1	5	13	\N	f	187	2	2
181	PT-SPA-0160	1609000	Thu SPA-0159	2026-03-16	\N	1	\N	2026-03-17 15:54:14.490286+07	2026-03-17 15:54:14.490289+07	\N	1	5	10	\N	f	188	2	2
182	PT-SPA-0161	379000	Thu SPA-0160	2026-03-16	\N	1	\N	2026-03-17 15:54:14.496342+07	2026-03-17 15:54:14.496345+07	\N	1	5	16	\N	f	189	2	1
183	PT-SPA-0162	819000	Thu SPA-0161	2026-03-17	\N	1	\N	2026-03-17 15:54:14.502459+07	2026-03-17 15:54:14.502462+07	\N	1	5	14	\N	f	190	3	1
184	PT-SPA-0163	1339000	Thu SPA-0162	2026-03-17	\N	1	\N	2026-03-17 15:54:14.509948+07	2026-03-17 15:54:14.509951+07	\N	1	5	13	\N	f	191	2	1
185	PT-SPA-0164	1280000	Thu SPA-0163	2026-03-17	\N	1	\N	2026-03-17 15:54:14.517421+07	2026-03-17 15:54:14.517424+07	\N	1	5	12	\N	f	192	3	2
186	PT-SPA-0165	353000	Thu SPA-0164	2026-03-17	\N	1	\N	2026-03-17 15:54:14.525167+07	2026-03-17 15:54:14.52517+07	\N	1	5	13	\N	f	193	1	2
187	PT-DH-014	33519000	Thu tiền đơn hàng DH-014 (tự động)	2026-03-27	\N	1	\N	2026-03-27 10:15:46.178842+07	2026-03-27 10:15:46.178849+07	2	2	9	3	\N	f	194	2	\N
188	PT-DH-015	10500000	Thu tiền đơn hàng DH-015 (tự động)	2026-03-27	\N	1	\N	2026-03-27 10:32:05.637442+07	2026-03-27 10:32:05.637449+07	2	2	9	\N	\N	f	195	2	\N
189	PT-DH-015-2	630000000	Thu tiền đơn hàng DH-015 (tự động)	2026-03-27	\N	1	\N	2026-03-27 11:09:57.853038+07	2026-03-27 11:09:57.853044+07	2	2	9	\N	\N	f	195	2	\N
190	PT-DH-015-3	12000000	Thu tiền đơn hàng DH-015 (tự động)	2026-03-27	\N	1	\N	2026-03-27 11:13:50.251923+07	2026-03-27 11:13:50.25193+07	2	2	9	\N	\N	f	195	2	\N
191	PT-DH-016	63000000	Thu tiền đơn hàng DH-016 (tự động)	2026-03-27	\N	1	\N	2026-03-27 20:24:41.343353+07	2026-03-27 20:24:41.343362+07	2	2	9	2	\N	f	196	2	\N
192	PT-DH-017	115500000	Thu tiền đơn hàng DH-017 (tự động)	2026-03-27	\N	1	\N	2026-03-27 20:35:05.893973+07	2026-03-27 20:35:05.893978+07	2	2	9	2	\N	f	198	2	\N
195	PT-DH-018	500000	Thu tiền đơn hàng DH-018 (tự động)	2026-03-28	\N	1	\N	2026-03-28 14:53:38.098008+07	2026-03-28 14:53:38.098017+07	2	2	9	\N	\N	f	201	2	\N
\.


--
-- Data for Name: role_groups; Type: TABLE DATA; Schema: public; Owner: -
--

COPY public.role_groups (id, name, description, is_active, created_at, group_id) FROM stdin;
\.


--
-- Data for Name: service_prices; Type: TABLE DATA; Schema: public; Owner: -
--

COPY public.service_prices (id, name, price, unit, description, is_active, created_at, updated_at) FROM stdin;
\.


--
-- Data for Name: socialaccount_socialaccount; Type: TABLE DATA; Schema: public; Owner: -
--

COPY public.socialaccount_socialaccount (id, provider, uid, last_login, date_joined, extra_data, user_id) FROM stdin;
\.


--
-- Data for Name: socialaccount_socialapp; Type: TABLE DATA; Schema: public; Owner: -
--

COPY public.socialaccount_socialapp (id, provider, name, client_id, secret, key, provider_id, settings) FROM stdin;
\.


--
-- Data for Name: socialaccount_socialapp_sites; Type: TABLE DATA; Schema: public; Owner: -
--

COPY public.socialaccount_socialapp_sites (id, socialapp_id, site_id) FROM stdin;
\.


--
-- Data for Name: socialaccount_socialtoken; Type: TABLE DATA; Schema: public; Owner: -
--

COPY public.socialaccount_socialtoken (id, token, token_secret, expires_at, account_id, app_id) FROM stdin;
\.


--
-- Data for Name: spa_booking_items; Type: TABLE DATA; Schema: public; Owner: -
--

COPY public.spa_booking_items (id, quantity, unit_price, total_price, commission_amount, booking_id, service_id, staff_id) FROM stdin;
1	1	550000	550000	137500	1	4	1
2	1	200000	200000	40000	1	5	2
\.


--
-- Data for Name: spa_bookings; Type: TABLE DATA; Schema: public; Owner: -
--

COPY public.spa_bookings (id, code, customer_name, customer_phone, booking_date, start_time, end_time, status, total_amount, discount_amount, final_amount, paid_amount, commission_amount, note, created_at, updated_at, created_by_id, customer_id, room_id, staff_id, store_id) FROM stdin;
1	BK-1703-001	\N	\N	2026-03-17	10:00:00	11:30:00	2	750000	0	750000	0	137500	Khách VIP	2026-03-17 12:16:26.259235+07	2026-03-17 12:16:26.259238+07	2	5	4	1	1
\.


--
-- Data for Name: spa_rooms; Type: TABLE DATA; Schema: public; Owner: -
--

COPY public.spa_rooms (id, name, room_type, status, max_capacity, note, is_active) FROM stdin;
1	Phòng 1	1	0	1	\N	t
2	Phòng 2	1	0	1	\N	t
3	Phòng 3	1	0	1	\N	t
4	Phòng VIP 1	2	0	2	\N	t
5	Phòng VIP 2	2	0	2	\N	t
6	Phòng đôi 1	3	0	2	\N	t
\.


--
-- Data for Name: spa_service_categories; Type: TABLE DATA; Schema: public; Owner: -
--

COPY public.spa_service_categories (id, name, description, is_active) FROM stdin;
1	Massage body	Các dịch vụ massage toàn thân	t
2	Massage chân	Massage bàn chân, bấm huyệt	t
3	Chăm sóc da	Facial, chăm sóc da mặt	t
4	Combo	Gói dịch vụ combo	t
\.


--
-- Data for Name: spa_services; Type: TABLE DATA; Schema: public; Owner: -
--

COPY public.spa_services (id, code, name, duration_minutes, price, commission_rate, description, image, is_active, created_at, category_id) FROM stdin;
1	DV01	Massage body thư giãn 60p	60	300000	0.00	\N		t	2026-03-17 12:16:26.246008+07	1
2	DV02	Massage body thư giãn 90p	90	450000	0.00	\N		t	2026-03-17 12:16:26.247317+07	1
3	DV03	Massage body đá nóng 75p	75	500000	25.00	\N		t	2026-03-17 12:16:26.248225+07	1
4	DV04	Massage body tinh dầu 90p	90	550000	25.00	\N		t	2026-03-17 12:16:26.249355+07	1
5	DV05	Massage chân bấm huyệt 45p	45	200000	0.00	\N		t	2026-03-17 12:16:26.250553+07	2
6	DV06	Massage chân thảo dược 60p	60	280000	0.00	\N		t	2026-03-17 12:16:26.251656+07	2
7	DV07	Facial cơ bản 60p	60	350000	0.00	\N		t	2026-03-17 12:16:26.252816+07	3
8	DV08	Facial cao cấp 90p	90	600000	30.00	\N		t	2026-03-17 12:16:26.253937+07	3
9	DV09	Combo Body + Chân 120p	120	480000	0.00	\N		t	2026-03-17 12:16:26.255033+07	4
10	DV10	Combo VIP (Body + Chân + Facial) 150p	150	850000	0.00	\N		t	2026-03-17 12:16:26.255838+07	4
\.


--
-- Data for Name: spa_staff; Type: TABLE DATA; Schema: public; Owner: -
--

COPY public.spa_staff (id, code, name, phone, "position", commission_rate, avatar, note, is_active, created_at) FROM stdin;
1	KTV01	Nguyễn Thị Lan	0901001001	1	20.00		\N	t	2026-03-17 12:16:26.228453+07
2	KTV02	Trần Thị Mai	0901001002	1	20.00		\N	t	2026-03-17 12:16:26.230055+07
3	KTV03	Lê Thị Hoa	0901001003	1	25.00		\N	t	2026-03-17 12:16:26.230951+07
4	KTV04	Phạm Văn Đức	0901001004	1	20.00		\N	t	2026-03-17 12:16:26.232106+07
5	QL01	Nguyễn Văn Minh	0901001005	2	5.00		\N	t	2026-03-17 12:16:26.233209+07
6	LT01	Trần Thị Thu	0901001006	3	0.00		\N	t	2026-03-17 12:16:26.234285+07
\.


--
-- Data for Name: stock_alerts; Type: TABLE DATA; Schema: public; Owner: -
--

COPY public.stock_alerts (id, email_recipients, alert_on_min, alert_on_max, is_active, last_sent, created_at, updated_at) FROM stdin;
\.


--
-- Data for Name: stock_check_items; Type: TABLE DATA; Schema: public; Owner: -
--

COPY public.stock_check_items (id, system_quantity, actual_quantity, difference, note, product_id, stock_check_id, variant_id) FROM stdin;
18	100.00	97.00	-3.00	\N	7	5	\N
19	15.00	18.00	3.00	\N	4	5	\N
20	45.00	46.00	1.00	\N	13	5	\N
21	27.00	28.00	1.00	\N	11	5	\N
22	18.00	20.00	2.00	\N	12	5	\N
23	35.00	38.00	3.00	\N	10	5	\N
\.


--
-- Data for Name: stock_checks; Type: TABLE DATA; Schema: public; Owner: -
--

COPY public.stock_checks (id, code, status, check_date, note, created_at, updated_at, created_by_id, warehouse_id, deleted_at, is_deleted) FROM stdin;
1	KK0001	0	2026-02-26	Kiểm kê tháng 2	2026-03-14 16:59:35.562612+07	2026-03-14 16:59:35.562617+07	2	2	2026-03-15 01:35:40.990624+07	t
2	KK0002	1	2026-03-03	Kiểm kê tháng 3	2026-03-14 16:59:35.570089+07	2026-03-14 16:59:35.570093+07	2	3	2026-03-15 01:35:40.990624+07	t
3	KK0003	0	2026-02-21	Kiểm kê tháng 2	2026-03-14 16:59:35.575249+07	2026-03-14 16:59:35.575252+07	2	4	2026-03-15 01:35:40.990624+07	t
4	KK-TEST-001	0	2026-03-14	Phiếu kiểm test	2026-03-14 18:04:35.481153+07	2026-03-14 18:04:35.481157+07	2	2	2026-03-15 01:35:40.990624+07	t
5	KK-001	1	2026-03-13	\N	2026-03-15 02:01:34.780381+07	2026-03-15 02:01:34.780395+07	2	2	\N	f
\.


--
-- Data for Name: stock_transfer_items; Type: TABLE DATA; Schema: public; Owner: -
--

COPY public.stock_transfer_items (id, quantity, product_id, transfer_id, variant_id) FROM stdin;
13	5.00	13	5	\N
14	3.00	11	5	\N
15	10.00	7	5	\N
16	5.00	9	6	\N
17	3.00	8	6	\N
\.


--
-- Data for Name: stock_transfers; Type: TABLE DATA; Schema: public; Owner: -
--

COPY public.stock_transfers (id, code, status, transfer_date, note, created_at, updated_at, created_by_id, from_warehouse_id, to_warehouse_id, deleted_at, is_deleted) FROM stdin;
1	CK0001	1	2026-03-09	Chuyển kho #1	2026-03-14 16:59:35.580275+07	2026-03-14 16:59:35.580278+07	2	2	3	2026-03-15 01:35:40.992928+07	t
2	CK0002	1	2026-02-27	Chuyển kho #2	2026-03-14 16:59:35.584839+07	2026-03-14 16:59:35.584842+07	2	3	4	2026-03-15 01:35:40.992928+07	t
3	CK0003	2	2026-03-01	Chuyển kho #3	2026-03-14 16:59:35.588441+07	2026-03-14 16:59:35.588444+07	2	4	2	2026-03-15 01:35:40.992928+07	t
4	CK-TEST-001	0	2026-03-14	Phiếu chuyển test - từ KHO01 sang KHO02	2026-03-14 18:04:35.490643+07	2026-03-14 18:04:35.490646+07	2	2	3	2026-03-15 01:35:40.992928+07	t
5	CK-001	2	2026-03-14	\N	2026-03-15 02:01:34.815214+07	2026-03-15 02:01:34.815226+07	2	2	4	\N	f
6	CK-002	0	2026-03-15	\N	2026-03-15 02:01:34.841256+07	2026-03-15 02:01:34.841266+07	2	3	2	\N	f
\.


--
-- Data for Name: stores; Type: TABLE DATA; Schema: public; Owner: -
--

COPY public.stores (id, name, code, phone, email, address, city, district, open_time, close_time, is_active, created_at, updated_at, brand_id, manager_id) FROM stdin;
1	Chi nhánh Quận 1	CH01	028-1234-5678	\N	123 Nguyễn Huệ	TP.HCM	Quận 1	08:00:00	22:00:00	t	2026-03-17 12:52:50.080352+07	2026-03-17 12:52:51.283365+07	1	5
2	Chi nhánh Quận 7	CH02	028-9876-5432	\N	456 Nguyễn Thị Thập	TP.HCM	Quận 7	09:00:00	21:00:00	t	2026-03-17 12:52:50.082246+07	2026-03-17 12:52:51.284453+07	1	7
3	DigiMart Lê Lợi	DM01	028 3823 6789	\N	456 Lê Lợi, Q1, HCM	TP.HCM	Quận 1	\N	\N	t	2026-03-17 14:24:34.217402+07	2026-03-17 14:24:34.217408+07	2	\N
4	Phở Sài Gòn 36 - Pasteur	PSG01	028 3823 3636	\N	36 Pasteur, Q1, HCM	TP.HCM	Quận 1	\N	\N	t	2026-03-17 14:24:34.515085+07	2026-03-17 14:24:34.515089+07	3	\N
5	Gió Coffee Bùi Viện	GIO01	028 3920 1234	\N	78 Bùi Viện, Q1, HCM	TP.HCM	Quận 1	\N	\N	t	2026-03-17 14:24:34.816848+07	2026-03-17 14:24:34.816852+07	4	\N
\.


--
-- Data for Name: suppliers; Type: TABLE DATA; Schema: public; Owner: -
--

COPY public.suppliers (id, code, name, phone, email, address, tax_code, contact_person, note, is_active, created_at, updated_at, created_by_id, deleted_at, is_deleted) FROM stdin;
1	NCC1	Nhà cung cấp 1	0123456789	ncc1@gmail.com					t	2026-03-14 12:50:15.259551+07	2026-03-14 12:50:15.259571+07	2	\N	f
2	NCC001	Công ty Phát Đạt	0281234567	phatdat@gmail.com	100 Nguyễn Văn Cừ, Q.5, TP.HCM	0301234567	Anh Phát	\N	t	2026-03-14 16:59:35.383847+07	2026-03-14 16:59:35.38385+07	2	\N	f
3	NCC002	Nhà phân phối Hòa Bình	0282345678	hoabinh@gmail.com	200 Lý Thường Kiệt, Q.10, TP.HCM	0302345678	Chị Bình	\N	t	2026-03-14 16:59:35.385971+07	2026-03-14 16:59:35.385974+07	2	\N	f
4	NCC003	Xưởng sản xuất Minh Tâm	0283456789	minhtam@gmail.com	KCN Tân Tạo, Q.Bình Tân, TP.HCM	0303456789	Anh Tâm	\N	t	2026-03-14 16:59:35.387185+07	2026-03-14 16:59:35.387188+07	2	\N	f
5	NCC004	Công ty TNHH Việt Tiến	0284567890	viettien@gmail.com	500 Cách Mạng Tháng 8, Q.3, TP.HCM	0304567890	Anh Tiến	\N	t	2026-03-14 16:59:35.388492+07	2026-03-14 16:59:35.388496+07	2	\N	f
6	NCC005	Đại lý Thanh Xuân	0285678901	thanhxuan@gmail.com	88 Phan Xích Long, Q.Phú Nhuận, TP.HCM	\N	Chị Xuân	\N	t	2026-03-14 16:59:35.389834+07	2026-03-14 16:59:35.389837+07	2	\N	f
\.


--
-- Data for Name: system_logs; Type: TABLE DATA; Schema: public; Owner: -
--

COPY public.system_logs (id, action, module, description, object_id, old_data, new_data, ip_address, created_at, user_id) FROM stdin;
\.


--
-- Data for Name: user_profiles; Type: TABLE DATA; Schema: public; Owner: -
--

COPY public.user_profiles (id, phone, avatar, address, department, "position", created_at, updated_at, user_id, store_id) FROM stdin;
1	\N		\N	\N	\N	2026-03-17 12:52:50.387264+07	2026-03-17 12:52:50.388848+07	5	1
2	\N		\N	\N	\N	2026-03-17 12:52:50.686044+07	2026-03-17 12:52:50.687021+07	6	1
3	\N		\N	\N	\N	2026-03-17 12:52:50.983762+07	2026-03-17 12:52:50.984752+07	7	2
4	\N		\N	\N	\N	2026-03-17 12:52:51.281043+07	2026-03-17 12:52:51.28224+07	8	2
5	\N		\N	\N	\N	2026-03-17 12:52:51.286438+07	2026-03-17 12:52:51.286442+07	2	\N
7	\N		\N	\N	\N	2026-03-17 14:24:34.814808+07	2026-03-17 14:24:34.814811+07	10	4
8	\N		\N	\N	\N	2026-03-17 14:24:35.107438+07	2026-03-17 14:24:35.107441+07	11	5
6	\N	avatars/user_admin_digimart.jpg	\N	\N	\N	2026-03-17 14:24:34.512884+07	2026-03-17 14:44:14.579851+07	9	3
9	\N		\N	\N	\N	2026-03-17 14:57:00.424448+07	2026-03-17 14:57:00.425636+07	3	3
10	\N		\N	\N	\N	2026-03-17 14:57:00.426907+07	2026-03-17 14:57:00.427814+07	4	3
\.


--
-- Data for Name: warehouses; Type: TABLE DATA; Schema: public; Owner: -
--

COPY public.warehouses (id, code, name, address, is_active, created_at, manager_id, deleted_at, is_deleted, store_id) FROM stdin;
1	KHOBANHANG	KHO BÁN HÀNG		t	2026-03-14 12:48:32.429175+07	\N	\N	f	3
2	KHO01	Kho chính HCM	Lô A1, KCN Tân Bình, TP.HCM	t	2026-03-14 16:59:35.400216+07	2	\N	f	3
3	KHO02	Kho phụ Gò Vấp	123 Nguyễn Oanh, Q.Gò Vấp, TP.HCM	t	2026-03-14 16:59:35.402775+07	3	\N	f	3
4	KHO03	Kho Hà Nội	45 Hoàng Quốc Việt, Cầu Giấy, HN	t	2026-03-14 16:59:35.404221+07	4	\N	f	3
5	SPA-KHO-Q1	Kho Spa Q1	123 Nguyen Hue, Q1	t	2026-03-17 15:49:11.846941+07	5	\N	f	1
6	SPA-KHO-Q7	Kho Spa Q7	456 Nguyen Thi Thap, Q7	t	2026-03-17 15:49:11.849149+07	5	\N	f	2
7	KHO-GIO01	Kho Gió Coffee Bùi Viện	123 Bùi Viện, Q.1, TP.HCM	t	2026-03-19 13:42:28.402912+07	\N	\N	f	5
\.


--
-- Name: account_emailaddress_id_seq; Type: SEQUENCE SET; Schema: public; Owner: -
--

SELECT pg_catalog.setval('public.account_emailaddress_id_seq', 1, false);


--
-- Name: account_emailconfirmation_id_seq; Type: SEQUENCE SET; Schema: public; Owner: -
--

SELECT pg_catalog.setval('public.account_emailconfirmation_id_seq', 1, false);


--
-- Name: auth_group_id_seq; Type: SEQUENCE SET; Schema: public; Owner: -
--

SELECT pg_catalog.setval('public.auth_group_id_seq', 1, false);


--
-- Name: auth_group_permissions_id_seq; Type: SEQUENCE SET; Schema: public; Owner: -
--

SELECT pg_catalog.setval('public.auth_group_permissions_id_seq', 1, false);


--
-- Name: auth_permission_id_seq; Type: SEQUENCE SET; Schema: public; Owner: -
--

SELECT pg_catalog.setval('public.auth_permission_id_seq', 252, true);


--
-- Name: auth_user_groups_id_seq; Type: SEQUENCE SET; Schema: public; Owner: -
--

SELECT pg_catalog.setval('public.auth_user_groups_id_seq', 1, false);


--
-- Name: auth_user_id_seq; Type: SEQUENCE SET; Schema: public; Owner: -
--

SELECT pg_catalog.setval('public.auth_user_id_seq', 11, true);


--
-- Name: auth_user_user_permissions_id_seq; Type: SEQUENCE SET; Schema: public; Owner: -
--

SELECT pg_catalog.setval('public.auth_user_user_permissions_id_seq', 1, false);


--
-- Name: brands_id_seq; Type: SEQUENCE SET; Schema: public; Owner: -
--

SELECT pg_catalog.setval('public.brands_id_seq', 4, true);


--
-- Name: business_config_id_seq; Type: SEQUENCE SET; Schema: public; Owner: -
--

SELECT pg_catalog.setval('public.business_config_id_seq', 4, true);


--
-- Name: cafe_tables_id_seq; Type: SEQUENCE SET; Schema: public; Owner: -
--

SELECT pg_catalog.setval('public.cafe_tables_id_seq', 20, true);


--
-- Name: cash_books_id_seq; Type: SEQUENCE SET; Schema: public; Owner: -
--

SELECT pg_catalog.setval('public.cash_books_id_seq', 5, true);


--
-- Name: combo_items_id_seq; Type: SEQUENCE SET; Schema: public; Owner: -
--

SELECT pg_catalog.setval('public.combo_items_id_seq', 126, true);


--
-- Name: cost_adjustments_id_seq; Type: SEQUENCE SET; Schema: public; Owner: -
--

SELECT pg_catalog.setval('public.cost_adjustments_id_seq', 3, true);


--
-- Name: customer_groups_id_seq; Type: SEQUENCE SET; Schema: public; Owner: -
--

SELECT pg_catalog.setval('public.customer_groups_id_seq', 5, true);


--
-- Name: customers_id_seq; Type: SEQUENCE SET; Schema: public; Owner: -
--

SELECT pg_catalog.setval('public.customers_id_seq', 16, true);


--
-- Name: data_permissions_id_seq; Type: SEQUENCE SET; Schema: public; Owner: -
--

SELECT pg_catalog.setval('public.data_permissions_id_seq', 1, false);


--
-- Name: django_admin_log_id_seq; Type: SEQUENCE SET; Schema: public; Owner: -
--

SELECT pg_catalog.setval('public.django_admin_log_id_seq', 1, false);


--
-- Name: django_content_type_id_seq; Type: SEQUENCE SET; Schema: public; Owner: -
--

SELECT pg_catalog.setval('public.django_content_type_id_seq', 63, true);


--
-- Name: django_migrations_id_seq; Type: SEQUENCE SET; Schema: public; Owner: -
--

SELECT pg_catalog.setval('public.django_migrations_id_seq', 90, true);


--
-- Name: django_site_id_seq; Type: SEQUENCE SET; Schema: public; Owner: -
--

SELECT pg_catalog.setval('public.django_site_id_seq', 1, true);


--
-- Name: finance_categories_id_seq; Type: SEQUENCE SET; Schema: public; Owner: -
--

SELECT pg_catalog.setval('public.finance_categories_id_seq', 9, true);


--
-- Name: goods_receipt_items_id_seq; Type: SEQUENCE SET; Schema: public; Owner: -
--

SELECT pg_catalog.setval('public.goods_receipt_items_id_seq', 92, true);


--
-- Name: goods_receipts_id_seq; Type: SEQUENCE SET; Schema: public; Owner: -
--

SELECT pg_catalog.setval('public.goods_receipts_id_seq', 22, true);


--
-- Name: module_permissions_id_seq; Type: SEQUENCE SET; Schema: public; Owner: -
--

SELECT pg_catalog.setval('public.module_permissions_id_seq', 1, false);


--
-- Name: order_items_id_seq; Type: SEQUENCE SET; Schema: public; Owner: -
--

SELECT pg_catalog.setval('public.order_items_id_seq', 517, true);


--
-- Name: order_return_items_id_seq; Type: SEQUENCE SET; Schema: public; Owner: -
--

SELECT pg_catalog.setval('public.order_return_items_id_seq', 4, true);


--
-- Name: order_returns_id_seq; Type: SEQUENCE SET; Schema: public; Owner: -
--

SELECT pg_catalog.setval('public.order_returns_id_seq', 4, true);


--
-- Name: orders_id_seq; Type: SEQUENCE SET; Schema: public; Owner: -
--

SELECT pg_catalog.setval('public.orders_id_seq', 201, true);


--
-- Name: packagings_id_seq; Type: SEQUENCE SET; Schema: public; Owner: -
--

SELECT pg_catalog.setval('public.packagings_id_seq', 6, true);


--
-- Name: payments_id_seq; Type: SEQUENCE SET; Schema: public; Owner: -
--

SELECT pg_catalog.setval('public.payments_id_seq', 21, true);


--
-- Name: point_transactions_id_seq; Type: SEQUENCE SET; Schema: public; Owner: -
--

SELECT pg_catalog.setval('public.point_transactions_id_seq', 1, false);


--
-- Name: printer_settings_id_seq; Type: SEQUENCE SET; Schema: public; Owner: -
--

SELECT pg_catalog.setval('public.printer_settings_id_seq', 6, true);


--
-- Name: product_categories_id_seq; Type: SEQUENCE SET; Schema: public; Owner: -
--

SELECT pg_catalog.setval('public.product_categories_id_seq', 18, true);


--
-- Name: product_stocks_id_seq; Type: SEQUENCE SET; Schema: public; Owner: -
--

SELECT pg_catalog.setval('public.product_stocks_id_seq', 145, true);


--
-- Name: product_variants_id_seq; Type: SEQUENCE SET; Schema: public; Owner: -
--

SELECT pg_catalog.setval('public.product_variants_id_seq', 10, true);


--
-- Name: products_id_seq; Type: SEQUENCE SET; Schema: public; Owner: -
--

SELECT pg_catalog.setval('public.products_id_seq', 106, true);


--
-- Name: purchase_order_items_id_seq; Type: SEQUENCE SET; Schema: public; Owner: -
--

SELECT pg_catalog.setval('public.purchase_order_items_id_seq', 23, true);


--
-- Name: purchase_orders_id_seq; Type: SEQUENCE SET; Schema: public; Owner: -
--

SELECT pg_catalog.setval('public.purchase_orders_id_seq', 8, true);


--
-- Name: quotation_items_id_seq; Type: SEQUENCE SET; Schema: public; Owner: -
--

SELECT pg_catalog.setval('public.quotation_items_id_seq', 34, true);


--
-- Name: quotations_id_seq; Type: SEQUENCE SET; Schema: public; Owner: -
--

SELECT pg_catalog.setval('public.quotations_id_seq', 15, true);


--
-- Name: receipt_items_id_seq; Type: SEQUENCE SET; Schema: public; Owner: -
--

SELECT pg_catalog.setval('public.receipt_items_id_seq', 10, true);


--
-- Name: receipts_id_seq; Type: SEQUENCE SET; Schema: public; Owner: -
--

SELECT pg_catalog.setval('public.receipts_id_seq', 195, true);


--
-- Name: role_groups_id_seq; Type: SEQUENCE SET; Schema: public; Owner: -
--

SELECT pg_catalog.setval('public.role_groups_id_seq', 1, false);


--
-- Name: service_prices_id_seq; Type: SEQUENCE SET; Schema: public; Owner: -
--

SELECT pg_catalog.setval('public.service_prices_id_seq', 1, false);


--
-- Name: socialaccount_socialaccount_id_seq; Type: SEQUENCE SET; Schema: public; Owner: -
--

SELECT pg_catalog.setval('public.socialaccount_socialaccount_id_seq', 1, false);


--
-- Name: socialaccount_socialapp_id_seq; Type: SEQUENCE SET; Schema: public; Owner: -
--

SELECT pg_catalog.setval('public.socialaccount_socialapp_id_seq', 1, false);


--
-- Name: socialaccount_socialapp_sites_id_seq; Type: SEQUENCE SET; Schema: public; Owner: -
--

SELECT pg_catalog.setval('public.socialaccount_socialapp_sites_id_seq', 1, false);


--
-- Name: socialaccount_socialtoken_id_seq; Type: SEQUENCE SET; Schema: public; Owner: -
--

SELECT pg_catalog.setval('public.socialaccount_socialtoken_id_seq', 1, false);


--
-- Name: spa_booking_items_id_seq; Type: SEQUENCE SET; Schema: public; Owner: -
--

SELECT pg_catalog.setval('public.spa_booking_items_id_seq', 2, true);


--
-- Name: spa_bookings_id_seq; Type: SEQUENCE SET; Schema: public; Owner: -
--

SELECT pg_catalog.setval('public.spa_bookings_id_seq', 1, true);


--
-- Name: spa_rooms_id_seq; Type: SEQUENCE SET; Schema: public; Owner: -
--

SELECT pg_catalog.setval('public.spa_rooms_id_seq', 6, true);


--
-- Name: spa_service_categories_id_seq; Type: SEQUENCE SET; Schema: public; Owner: -
--

SELECT pg_catalog.setval('public.spa_service_categories_id_seq', 4, true);


--
-- Name: spa_services_id_seq; Type: SEQUENCE SET; Schema: public; Owner: -
--

SELECT pg_catalog.setval('public.spa_services_id_seq', 10, true);


--
-- Name: spa_staff_id_seq; Type: SEQUENCE SET; Schema: public; Owner: -
--

SELECT pg_catalog.setval('public.spa_staff_id_seq', 6, true);


--
-- Name: stock_alerts_id_seq; Type: SEQUENCE SET; Schema: public; Owner: -
--

SELECT pg_catalog.setval('public.stock_alerts_id_seq', 1, false);


--
-- Name: stock_check_items_id_seq; Type: SEQUENCE SET; Schema: public; Owner: -
--

SELECT pg_catalog.setval('public.stock_check_items_id_seq', 23, true);


--
-- Name: stock_checks_id_seq; Type: SEQUENCE SET; Schema: public; Owner: -
--

SELECT pg_catalog.setval('public.stock_checks_id_seq', 5, true);


--
-- Name: stock_transfer_items_id_seq; Type: SEQUENCE SET; Schema: public; Owner: -
--

SELECT pg_catalog.setval('public.stock_transfer_items_id_seq', 17, true);


--
-- Name: stock_transfers_id_seq; Type: SEQUENCE SET; Schema: public; Owner: -
--

SELECT pg_catalog.setval('public.stock_transfers_id_seq', 6, true);


--
-- Name: stores_id_seq; Type: SEQUENCE SET; Schema: public; Owner: -
--

SELECT pg_catalog.setval('public.stores_id_seq', 5, true);


--
-- Name: suppliers_id_seq; Type: SEQUENCE SET; Schema: public; Owner: -
--

SELECT pg_catalog.setval('public.suppliers_id_seq', 6, true);


--
-- Name: system_logs_id_seq; Type: SEQUENCE SET; Schema: public; Owner: -
--

SELECT pg_catalog.setval('public.system_logs_id_seq', 1, false);


--
-- Name: user_profiles_id_seq; Type: SEQUENCE SET; Schema: public; Owner: -
--

SELECT pg_catalog.setval('public.user_profiles_id_seq', 10, true);


--
-- Name: warehouses_id_seq; Type: SEQUENCE SET; Schema: public; Owner: -
--

SELECT pg_catalog.setval('public.warehouses_id_seq', 7, true);


--
-- Name: account_emailaddress account_emailaddress_pkey; Type: CONSTRAINT; Schema: public; Owner: -
--

ALTER TABLE ONLY public.account_emailaddress
    ADD CONSTRAINT account_emailaddress_pkey PRIMARY KEY (id);


--
-- Name: account_emailaddress account_emailaddress_user_id_email_987c8728_uniq; Type: CONSTRAINT; Schema: public; Owner: -
--

ALTER TABLE ONLY public.account_emailaddress
    ADD CONSTRAINT account_emailaddress_user_id_email_987c8728_uniq UNIQUE (user_id, email);


--
-- Name: account_emailconfirmation account_emailconfirmation_key_key; Type: CONSTRAINT; Schema: public; Owner: -
--

ALTER TABLE ONLY public.account_emailconfirmation
    ADD CONSTRAINT account_emailconfirmation_key_key UNIQUE (key);


--
-- Name: account_emailconfirmation account_emailconfirmation_pkey; Type: CONSTRAINT; Schema: public; Owner: -
--

ALTER TABLE ONLY public.account_emailconfirmation
    ADD CONSTRAINT account_emailconfirmation_pkey PRIMARY KEY (id);


--
-- Name: auth_group auth_group_name_key; Type: CONSTRAINT; Schema: public; Owner: -
--

ALTER TABLE ONLY public.auth_group
    ADD CONSTRAINT auth_group_name_key UNIQUE (name);


--
-- Name: auth_group_permissions auth_group_permissions_group_id_permission_id_0cd325b0_uniq; Type: CONSTRAINT; Schema: public; Owner: -
--

ALTER TABLE ONLY public.auth_group_permissions
    ADD CONSTRAINT auth_group_permissions_group_id_permission_id_0cd325b0_uniq UNIQUE (group_id, permission_id);


--
-- Name: auth_group_permissions auth_group_permissions_pkey; Type: CONSTRAINT; Schema: public; Owner: -
--

ALTER TABLE ONLY public.auth_group_permissions
    ADD CONSTRAINT auth_group_permissions_pkey PRIMARY KEY (id);


--
-- Name: auth_group auth_group_pkey; Type: CONSTRAINT; Schema: public; Owner: -
--

ALTER TABLE ONLY public.auth_group
    ADD CONSTRAINT auth_group_pkey PRIMARY KEY (id);


--
-- Name: auth_permission auth_permission_content_type_id_codename_01ab375a_uniq; Type: CONSTRAINT; Schema: public; Owner: -
--

ALTER TABLE ONLY public.auth_permission
    ADD CONSTRAINT auth_permission_content_type_id_codename_01ab375a_uniq UNIQUE (content_type_id, codename);


--
-- Name: auth_permission auth_permission_pkey; Type: CONSTRAINT; Schema: public; Owner: -
--

ALTER TABLE ONLY public.auth_permission
    ADD CONSTRAINT auth_permission_pkey PRIMARY KEY (id);


--
-- Name: auth_user_groups auth_user_groups_pkey; Type: CONSTRAINT; Schema: public; Owner: -
--

ALTER TABLE ONLY public.auth_user_groups
    ADD CONSTRAINT auth_user_groups_pkey PRIMARY KEY (id);


--
-- Name: auth_user_groups auth_user_groups_user_id_group_id_94350c0c_uniq; Type: CONSTRAINT; Schema: public; Owner: -
--

ALTER TABLE ONLY public.auth_user_groups
    ADD CONSTRAINT auth_user_groups_user_id_group_id_94350c0c_uniq UNIQUE (user_id, group_id);


--
-- Name: auth_user auth_user_pkey; Type: CONSTRAINT; Schema: public; Owner: -
--

ALTER TABLE ONLY public.auth_user
    ADD CONSTRAINT auth_user_pkey PRIMARY KEY (id);


--
-- Name: auth_user_user_permissions auth_user_user_permissions_pkey; Type: CONSTRAINT; Schema: public; Owner: -
--

ALTER TABLE ONLY public.auth_user_user_permissions
    ADD CONSTRAINT auth_user_user_permissions_pkey PRIMARY KEY (id);


--
-- Name: auth_user_user_permissions auth_user_user_permissions_user_id_permission_id_14a6b632_uniq; Type: CONSTRAINT; Schema: public; Owner: -
--

ALTER TABLE ONLY public.auth_user_user_permissions
    ADD CONSTRAINT auth_user_user_permissions_user_id_permission_id_14a6b632_uniq UNIQUE (user_id, permission_id);


--
-- Name: auth_user auth_user_username_key; Type: CONSTRAINT; Schema: public; Owner: -
--

ALTER TABLE ONLY public.auth_user
    ADD CONSTRAINT auth_user_username_key UNIQUE (username);


--
-- Name: authtoken_token authtoken_token_pkey; Type: CONSTRAINT; Schema: public; Owner: -
--

ALTER TABLE ONLY public.authtoken_token
    ADD CONSTRAINT authtoken_token_pkey PRIMARY KEY (key);


--
-- Name: authtoken_token authtoken_token_user_id_key; Type: CONSTRAINT; Schema: public; Owner: -
--

ALTER TABLE ONLY public.authtoken_token
    ADD CONSTRAINT authtoken_token_user_id_key UNIQUE (user_id);


--
-- Name: brands brands_name_key; Type: CONSTRAINT; Schema: public; Owner: -
--

ALTER TABLE ONLY public.brands
    ADD CONSTRAINT brands_name_key UNIQUE (name);


--
-- Name: brands brands_pkey; Type: CONSTRAINT; Schema: public; Owner: -
--

ALTER TABLE ONLY public.brands
    ADD CONSTRAINT brands_pkey PRIMARY KEY (id);


--
-- Name: business_config business_config_brand_id_key; Type: CONSTRAINT; Schema: public; Owner: -
--

ALTER TABLE ONLY public.business_config
    ADD CONSTRAINT business_config_brand_id_key UNIQUE (brand_id);


--
-- Name: business_config business_config_pkey; Type: CONSTRAINT; Schema: public; Owner: -
--

ALTER TABLE ONLY public.business_config
    ADD CONSTRAINT business_config_pkey PRIMARY KEY (id);


--
-- Name: cafe_tables cafe_tables_pkey; Type: CONSTRAINT; Schema: public; Owner: -
--

ALTER TABLE ONLY public.cafe_tables
    ADD CONSTRAINT cafe_tables_pkey PRIMARY KEY (id);


--
-- Name: cafe_tables cafe_tables_store_id_number_b4add4ba_uniq; Type: CONSTRAINT; Schema: public; Owner: -
--

ALTER TABLE ONLY public.cafe_tables
    ADD CONSTRAINT cafe_tables_store_id_number_b4add4ba_uniq UNIQUE (store_id, number);


--
-- Name: cash_books cash_books_pkey; Type: CONSTRAINT; Schema: public; Owner: -
--

ALTER TABLE ONLY public.cash_books
    ADD CONSTRAINT cash_books_pkey PRIMARY KEY (id);


--
-- Name: combo_items combo_items_combo_id_product_id_89d22fc8_uniq; Type: CONSTRAINT; Schema: public; Owner: -
--

ALTER TABLE ONLY public.combo_items
    ADD CONSTRAINT combo_items_combo_id_product_id_89d22fc8_uniq UNIQUE (combo_id, product_id);


--
-- Name: combo_items combo_items_pkey; Type: CONSTRAINT; Schema: public; Owner: -
--

ALTER TABLE ONLY public.combo_items
    ADD CONSTRAINT combo_items_pkey PRIMARY KEY (id);


--
-- Name: cost_adjustments cost_adjustments_pkey; Type: CONSTRAINT; Schema: public; Owner: -
--

ALTER TABLE ONLY public.cost_adjustments
    ADD CONSTRAINT cost_adjustments_pkey PRIMARY KEY (id);


--
-- Name: customer_groups customer_groups_pkey; Type: CONSTRAINT; Schema: public; Owner: -
--

ALTER TABLE ONLY public.customer_groups
    ADD CONSTRAINT customer_groups_pkey PRIMARY KEY (id);


--
-- Name: customers customers_code_key; Type: CONSTRAINT; Schema: public; Owner: -
--

ALTER TABLE ONLY public.customers
    ADD CONSTRAINT customers_code_key UNIQUE (code);


--
-- Name: customers customers_pkey; Type: CONSTRAINT; Schema: public; Owner: -
--

ALTER TABLE ONLY public.customers
    ADD CONSTRAINT customers_pkey PRIMARY KEY (id);


--
-- Name: data_permissions data_permissions_pkey; Type: CONSTRAINT; Schema: public; Owner: -
--

ALTER TABLE ONLY public.data_permissions
    ADD CONSTRAINT data_permissions_pkey PRIMARY KEY (id);


--
-- Name: django_admin_log django_admin_log_pkey; Type: CONSTRAINT; Schema: public; Owner: -
--

ALTER TABLE ONLY public.django_admin_log
    ADD CONSTRAINT django_admin_log_pkey PRIMARY KEY (id);


--
-- Name: django_content_type django_content_type_app_label_model_76bd3d3b_uniq; Type: CONSTRAINT; Schema: public; Owner: -
--

ALTER TABLE ONLY public.django_content_type
    ADD CONSTRAINT django_content_type_app_label_model_76bd3d3b_uniq UNIQUE (app_label, model);


--
-- Name: django_content_type django_content_type_pkey; Type: CONSTRAINT; Schema: public; Owner: -
--

ALTER TABLE ONLY public.django_content_type
    ADD CONSTRAINT django_content_type_pkey PRIMARY KEY (id);


--
-- Name: django_migrations django_migrations_pkey; Type: CONSTRAINT; Schema: public; Owner: -
--

ALTER TABLE ONLY public.django_migrations
    ADD CONSTRAINT django_migrations_pkey PRIMARY KEY (id);


--
-- Name: django_session django_session_pkey; Type: CONSTRAINT; Schema: public; Owner: -
--

ALTER TABLE ONLY public.django_session
    ADD CONSTRAINT django_session_pkey PRIMARY KEY (session_key);


--
-- Name: django_site django_site_domain_a2e37b91_uniq; Type: CONSTRAINT; Schema: public; Owner: -
--

ALTER TABLE ONLY public.django_site
    ADD CONSTRAINT django_site_domain_a2e37b91_uniq UNIQUE (domain);


--
-- Name: django_site django_site_pkey; Type: CONSTRAINT; Schema: public; Owner: -
--

ALTER TABLE ONLY public.django_site
    ADD CONSTRAINT django_site_pkey PRIMARY KEY (id);


--
-- Name: finance_categories finance_categories_pkey; Type: CONSTRAINT; Schema: public; Owner: -
--

ALTER TABLE ONLY public.finance_categories
    ADD CONSTRAINT finance_categories_pkey PRIMARY KEY (id);


--
-- Name: goods_receipt_items goods_receipt_items_pkey; Type: CONSTRAINT; Schema: public; Owner: -
--

ALTER TABLE ONLY public.goods_receipt_items
    ADD CONSTRAINT goods_receipt_items_pkey PRIMARY KEY (id);


--
-- Name: goods_receipts goods_receipts_code_key; Type: CONSTRAINT; Schema: public; Owner: -
--

ALTER TABLE ONLY public.goods_receipts
    ADD CONSTRAINT goods_receipts_code_key UNIQUE (code);


--
-- Name: goods_receipts goods_receipts_pkey; Type: CONSTRAINT; Schema: public; Owner: -
--

ALTER TABLE ONLY public.goods_receipts
    ADD CONSTRAINT goods_receipts_pkey PRIMARY KEY (id);


--
-- Name: module_permissions module_permissions_pkey; Type: CONSTRAINT; Schema: public; Owner: -
--

ALTER TABLE ONLY public.module_permissions
    ADD CONSTRAINT module_permissions_pkey PRIMARY KEY (id);


--
-- Name: module_permissions module_permissions_role_group_id_module_action_40893732_uniq; Type: CONSTRAINT; Schema: public; Owner: -
--

ALTER TABLE ONLY public.module_permissions
    ADD CONSTRAINT module_permissions_role_group_id_module_action_40893732_uniq UNIQUE (role_group_id, module, action);


--
-- Name: order_items order_items_pkey; Type: CONSTRAINT; Schema: public; Owner: -
--

ALTER TABLE ONLY public.order_items
    ADD CONSTRAINT order_items_pkey PRIMARY KEY (id);


--
-- Name: order_return_items order_return_items_pkey; Type: CONSTRAINT; Schema: public; Owner: -
--

ALTER TABLE ONLY public.order_return_items
    ADD CONSTRAINT order_return_items_pkey PRIMARY KEY (id);


--
-- Name: order_returns order_returns_code_key; Type: CONSTRAINT; Schema: public; Owner: -
--

ALTER TABLE ONLY public.order_returns
    ADD CONSTRAINT order_returns_code_key UNIQUE (code);


--
-- Name: order_returns order_returns_pkey; Type: CONSTRAINT; Schema: public; Owner: -
--

ALTER TABLE ONLY public.order_returns
    ADD CONSTRAINT order_returns_pkey PRIMARY KEY (id);


--
-- Name: orders orders_code_key; Type: CONSTRAINT; Schema: public; Owner: -
--

ALTER TABLE ONLY public.orders
    ADD CONSTRAINT orders_code_key UNIQUE (code);


--
-- Name: orders orders_pkey; Type: CONSTRAINT; Schema: public; Owner: -
--

ALTER TABLE ONLY public.orders
    ADD CONSTRAINT orders_pkey PRIMARY KEY (id);


--
-- Name: packagings packagings_code_key; Type: CONSTRAINT; Schema: public; Owner: -
--

ALTER TABLE ONLY public.packagings
    ADD CONSTRAINT packagings_code_key UNIQUE (code);


--
-- Name: packagings packagings_pkey; Type: CONSTRAINT; Schema: public; Owner: -
--

ALTER TABLE ONLY public.packagings
    ADD CONSTRAINT packagings_pkey PRIMARY KEY (id);


--
-- Name: payments payments_code_key; Type: CONSTRAINT; Schema: public; Owner: -
--

ALTER TABLE ONLY public.payments
    ADD CONSTRAINT payments_code_key UNIQUE (code);


--
-- Name: payments payments_pkey; Type: CONSTRAINT; Schema: public; Owner: -
--

ALTER TABLE ONLY public.payments
    ADD CONSTRAINT payments_pkey PRIMARY KEY (id);


--
-- Name: point_transactions point_transactions_pkey; Type: CONSTRAINT; Schema: public; Owner: -
--

ALTER TABLE ONLY public.point_transactions
    ADD CONSTRAINT point_transactions_pkey PRIMARY KEY (id);


--
-- Name: printer_settings printer_settings_pkey; Type: CONSTRAINT; Schema: public; Owner: -
--

ALTER TABLE ONLY public.printer_settings
    ADD CONSTRAINT printer_settings_pkey PRIMARY KEY (id);


--
-- Name: product_categories product_categories_pkey; Type: CONSTRAINT; Schema: public; Owner: -
--

ALTER TABLE ONLY public.product_categories
    ADD CONSTRAINT product_categories_pkey PRIMARY KEY (id);


--
-- Name: product_stocks product_stocks_pkey; Type: CONSTRAINT; Schema: public; Owner: -
--

ALTER TABLE ONLY public.product_stocks
    ADD CONSTRAINT product_stocks_pkey PRIMARY KEY (id);


--
-- Name: product_stocks product_stocks_product_id_warehouse_id_bc2189cb_uniq; Type: CONSTRAINT; Schema: public; Owner: -
--

ALTER TABLE ONLY public.product_stocks
    ADD CONSTRAINT product_stocks_product_id_warehouse_id_bc2189cb_uniq UNIQUE (product_id, warehouse_id);


--
-- Name: product_variants product_variants_pkey; Type: CONSTRAINT; Schema: public; Owner: -
--

ALTER TABLE ONLY public.product_variants
    ADD CONSTRAINT product_variants_pkey PRIMARY KEY (id);


--
-- Name: product_variants product_variants_sku_key; Type: CONSTRAINT; Schema: public; Owner: -
--

ALTER TABLE ONLY public.product_variants
    ADD CONSTRAINT product_variants_sku_key UNIQUE (sku);


--
-- Name: products products_code_key; Type: CONSTRAINT; Schema: public; Owner: -
--

ALTER TABLE ONLY public.products
    ADD CONSTRAINT products_code_key UNIQUE (code);


--
-- Name: products products_pkey; Type: CONSTRAINT; Schema: public; Owner: -
--

ALTER TABLE ONLY public.products
    ADD CONSTRAINT products_pkey PRIMARY KEY (id);


--
-- Name: purchase_order_items purchase_order_items_pkey; Type: CONSTRAINT; Schema: public; Owner: -
--

ALTER TABLE ONLY public.purchase_order_items
    ADD CONSTRAINT purchase_order_items_pkey PRIMARY KEY (id);


--
-- Name: purchase_orders purchase_orders_code_key; Type: CONSTRAINT; Schema: public; Owner: -
--

ALTER TABLE ONLY public.purchase_orders
    ADD CONSTRAINT purchase_orders_code_key UNIQUE (code);


--
-- Name: purchase_orders purchase_orders_pkey; Type: CONSTRAINT; Schema: public; Owner: -
--

ALTER TABLE ONLY public.purchase_orders
    ADD CONSTRAINT purchase_orders_pkey PRIMARY KEY (id);


--
-- Name: quotation_items quotation_items_pkey; Type: CONSTRAINT; Schema: public; Owner: -
--

ALTER TABLE ONLY public.quotation_items
    ADD CONSTRAINT quotation_items_pkey PRIMARY KEY (id);


--
-- Name: quotations quotations_code_key; Type: CONSTRAINT; Schema: public; Owner: -
--

ALTER TABLE ONLY public.quotations
    ADD CONSTRAINT quotations_code_key UNIQUE (code);


--
-- Name: quotations quotations_pkey; Type: CONSTRAINT; Schema: public; Owner: -
--

ALTER TABLE ONLY public.quotations
    ADD CONSTRAINT quotations_pkey PRIMARY KEY (id);


--
-- Name: receipt_items receipt_items_pkey; Type: CONSTRAINT; Schema: public; Owner: -
--

ALTER TABLE ONLY public.receipt_items
    ADD CONSTRAINT receipt_items_pkey PRIMARY KEY (id);


--
-- Name: receipts receipts_code_key; Type: CONSTRAINT; Schema: public; Owner: -
--

ALTER TABLE ONLY public.receipts
    ADD CONSTRAINT receipts_code_key UNIQUE (code);


--
-- Name: receipts receipts_pkey; Type: CONSTRAINT; Schema: public; Owner: -
--

ALTER TABLE ONLY public.receipts
    ADD CONSTRAINT receipts_pkey PRIMARY KEY (id);


--
-- Name: role_groups role_groups_group_id_key; Type: CONSTRAINT; Schema: public; Owner: -
--

ALTER TABLE ONLY public.role_groups
    ADD CONSTRAINT role_groups_group_id_key UNIQUE (group_id);


--
-- Name: role_groups role_groups_name_key; Type: CONSTRAINT; Schema: public; Owner: -
--

ALTER TABLE ONLY public.role_groups
    ADD CONSTRAINT role_groups_name_key UNIQUE (name);


--
-- Name: role_groups role_groups_pkey; Type: CONSTRAINT; Schema: public; Owner: -
--

ALTER TABLE ONLY public.role_groups
    ADD CONSTRAINT role_groups_pkey PRIMARY KEY (id);


--
-- Name: service_prices service_prices_pkey; Type: CONSTRAINT; Schema: public; Owner: -
--

ALTER TABLE ONLY public.service_prices
    ADD CONSTRAINT service_prices_pkey PRIMARY KEY (id);


--
-- Name: socialaccount_socialaccount socialaccount_socialaccount_pkey; Type: CONSTRAINT; Schema: public; Owner: -
--

ALTER TABLE ONLY public.socialaccount_socialaccount
    ADD CONSTRAINT socialaccount_socialaccount_pkey PRIMARY KEY (id);


--
-- Name: socialaccount_socialaccount socialaccount_socialaccount_provider_uid_fc810c6e_uniq; Type: CONSTRAINT; Schema: public; Owner: -
--

ALTER TABLE ONLY public.socialaccount_socialaccount
    ADD CONSTRAINT socialaccount_socialaccount_provider_uid_fc810c6e_uniq UNIQUE (provider, uid);


--
-- Name: socialaccount_socialapp_sites socialaccount_socialapp__socialapp_id_site_id_71a9a768_uniq; Type: CONSTRAINT; Schema: public; Owner: -
--

ALTER TABLE ONLY public.socialaccount_socialapp_sites
    ADD CONSTRAINT socialaccount_socialapp__socialapp_id_site_id_71a9a768_uniq UNIQUE (socialapp_id, site_id);


--
-- Name: socialaccount_socialapp socialaccount_socialapp_pkey; Type: CONSTRAINT; Schema: public; Owner: -
--

ALTER TABLE ONLY public.socialaccount_socialapp
    ADD CONSTRAINT socialaccount_socialapp_pkey PRIMARY KEY (id);


--
-- Name: socialaccount_socialapp_sites socialaccount_socialapp_sites_pkey; Type: CONSTRAINT; Schema: public; Owner: -
--

ALTER TABLE ONLY public.socialaccount_socialapp_sites
    ADD CONSTRAINT socialaccount_socialapp_sites_pkey PRIMARY KEY (id);


--
-- Name: socialaccount_socialtoken socialaccount_socialtoken_app_id_account_id_fca4e0ac_uniq; Type: CONSTRAINT; Schema: public; Owner: -
--

ALTER TABLE ONLY public.socialaccount_socialtoken
    ADD CONSTRAINT socialaccount_socialtoken_app_id_account_id_fca4e0ac_uniq UNIQUE (app_id, account_id);


--
-- Name: socialaccount_socialtoken socialaccount_socialtoken_pkey; Type: CONSTRAINT; Schema: public; Owner: -
--

ALTER TABLE ONLY public.socialaccount_socialtoken
    ADD CONSTRAINT socialaccount_socialtoken_pkey PRIMARY KEY (id);


--
-- Name: spa_booking_items spa_booking_items_pkey; Type: CONSTRAINT; Schema: public; Owner: -
--

ALTER TABLE ONLY public.spa_booking_items
    ADD CONSTRAINT spa_booking_items_pkey PRIMARY KEY (id);


--
-- Name: spa_bookings spa_bookings_code_key; Type: CONSTRAINT; Schema: public; Owner: -
--

ALTER TABLE ONLY public.spa_bookings
    ADD CONSTRAINT spa_bookings_code_key UNIQUE (code);


--
-- Name: spa_bookings spa_bookings_pkey; Type: CONSTRAINT; Schema: public; Owner: -
--

ALTER TABLE ONLY public.spa_bookings
    ADD CONSTRAINT spa_bookings_pkey PRIMARY KEY (id);


--
-- Name: spa_rooms spa_rooms_pkey; Type: CONSTRAINT; Schema: public; Owner: -
--

ALTER TABLE ONLY public.spa_rooms
    ADD CONSTRAINT spa_rooms_pkey PRIMARY KEY (id);


--
-- Name: spa_service_categories spa_service_categories_pkey; Type: CONSTRAINT; Schema: public; Owner: -
--

ALTER TABLE ONLY public.spa_service_categories
    ADD CONSTRAINT spa_service_categories_pkey PRIMARY KEY (id);


--
-- Name: spa_services spa_services_code_key; Type: CONSTRAINT; Schema: public; Owner: -
--

ALTER TABLE ONLY public.spa_services
    ADD CONSTRAINT spa_services_code_key UNIQUE (code);


--
-- Name: spa_services spa_services_pkey; Type: CONSTRAINT; Schema: public; Owner: -
--

ALTER TABLE ONLY public.spa_services
    ADD CONSTRAINT spa_services_pkey PRIMARY KEY (id);


--
-- Name: spa_staff spa_staff_code_key; Type: CONSTRAINT; Schema: public; Owner: -
--

ALTER TABLE ONLY public.spa_staff
    ADD CONSTRAINT spa_staff_code_key UNIQUE (code);


--
-- Name: spa_staff spa_staff_pkey; Type: CONSTRAINT; Schema: public; Owner: -
--

ALTER TABLE ONLY public.spa_staff
    ADD CONSTRAINT spa_staff_pkey PRIMARY KEY (id);


--
-- Name: stock_alerts stock_alerts_pkey; Type: CONSTRAINT; Schema: public; Owner: -
--

ALTER TABLE ONLY public.stock_alerts
    ADD CONSTRAINT stock_alerts_pkey PRIMARY KEY (id);


--
-- Name: stock_check_items stock_check_items_pkey; Type: CONSTRAINT; Schema: public; Owner: -
--

ALTER TABLE ONLY public.stock_check_items
    ADD CONSTRAINT stock_check_items_pkey PRIMARY KEY (id);


--
-- Name: stock_checks stock_checks_code_key; Type: CONSTRAINT; Schema: public; Owner: -
--

ALTER TABLE ONLY public.stock_checks
    ADD CONSTRAINT stock_checks_code_key UNIQUE (code);


--
-- Name: stock_checks stock_checks_pkey; Type: CONSTRAINT; Schema: public; Owner: -
--

ALTER TABLE ONLY public.stock_checks
    ADD CONSTRAINT stock_checks_pkey PRIMARY KEY (id);


--
-- Name: stock_transfer_items stock_transfer_items_pkey; Type: CONSTRAINT; Schema: public; Owner: -
--

ALTER TABLE ONLY public.stock_transfer_items
    ADD CONSTRAINT stock_transfer_items_pkey PRIMARY KEY (id);


--
-- Name: stock_transfers stock_transfers_code_key; Type: CONSTRAINT; Schema: public; Owner: -
--

ALTER TABLE ONLY public.stock_transfers
    ADD CONSTRAINT stock_transfers_code_key UNIQUE (code);


--
-- Name: stock_transfers stock_transfers_pkey; Type: CONSTRAINT; Schema: public; Owner: -
--

ALTER TABLE ONLY public.stock_transfers
    ADD CONSTRAINT stock_transfers_pkey PRIMARY KEY (id);


--
-- Name: stores stores_code_key; Type: CONSTRAINT; Schema: public; Owner: -
--

ALTER TABLE ONLY public.stores
    ADD CONSTRAINT stores_code_key UNIQUE (code);


--
-- Name: stores stores_pkey; Type: CONSTRAINT; Schema: public; Owner: -
--

ALTER TABLE ONLY public.stores
    ADD CONSTRAINT stores_pkey PRIMARY KEY (id);


--
-- Name: suppliers suppliers_code_key; Type: CONSTRAINT; Schema: public; Owner: -
--

ALTER TABLE ONLY public.suppliers
    ADD CONSTRAINT suppliers_code_key UNIQUE (code);


--
-- Name: suppliers suppliers_pkey; Type: CONSTRAINT; Schema: public; Owner: -
--

ALTER TABLE ONLY public.suppliers
    ADD CONSTRAINT suppliers_pkey PRIMARY KEY (id);


--
-- Name: system_logs system_logs_pkey; Type: CONSTRAINT; Schema: public; Owner: -
--

ALTER TABLE ONLY public.system_logs
    ADD CONSTRAINT system_logs_pkey PRIMARY KEY (id);


--
-- Name: user_profiles user_profiles_pkey; Type: CONSTRAINT; Schema: public; Owner: -
--

ALTER TABLE ONLY public.user_profiles
    ADD CONSTRAINT user_profiles_pkey PRIMARY KEY (id);


--
-- Name: user_profiles user_profiles_user_id_key; Type: CONSTRAINT; Schema: public; Owner: -
--

ALTER TABLE ONLY public.user_profiles
    ADD CONSTRAINT user_profiles_user_id_key UNIQUE (user_id);


--
-- Name: warehouses warehouses_code_key; Type: CONSTRAINT; Schema: public; Owner: -
--

ALTER TABLE ONLY public.warehouses
    ADD CONSTRAINT warehouses_code_key UNIQUE (code);


--
-- Name: warehouses warehouses_pkey; Type: CONSTRAINT; Schema: public; Owner: -
--

ALTER TABLE ONLY public.warehouses
    ADD CONSTRAINT warehouses_pkey PRIMARY KEY (id);


--
-- Name: account_emailaddress_email_03be32b2; Type: INDEX; Schema: public; Owner: -
--

CREATE INDEX account_emailaddress_email_03be32b2 ON public.account_emailaddress USING btree (email);


--
-- Name: account_emailaddress_email_03be32b2_like; Type: INDEX; Schema: public; Owner: -
--

CREATE INDEX account_emailaddress_email_03be32b2_like ON public.account_emailaddress USING btree (email varchar_pattern_ops);


--
-- Name: account_emailaddress_user_id_2c513194; Type: INDEX; Schema: public; Owner: -
--

CREATE INDEX account_emailaddress_user_id_2c513194 ON public.account_emailaddress USING btree (user_id);


--
-- Name: account_emailconfirmation_email_address_id_5b7f8c58; Type: INDEX; Schema: public; Owner: -
--

CREATE INDEX account_emailconfirmation_email_address_id_5b7f8c58 ON public.account_emailconfirmation USING btree (email_address_id);


--
-- Name: account_emailconfirmation_key_f43612bd_like; Type: INDEX; Schema: public; Owner: -
--

CREATE INDEX account_emailconfirmation_key_f43612bd_like ON public.account_emailconfirmation USING btree (key varchar_pattern_ops);


--
-- Name: auth_group_name_a6ea08ec_like; Type: INDEX; Schema: public; Owner: -
--

CREATE INDEX auth_group_name_a6ea08ec_like ON public.auth_group USING btree (name varchar_pattern_ops);


--
-- Name: auth_group_permissions_group_id_b120cbf9; Type: INDEX; Schema: public; Owner: -
--

CREATE INDEX auth_group_permissions_group_id_b120cbf9 ON public.auth_group_permissions USING btree (group_id);


--
-- Name: auth_group_permissions_permission_id_84c5c92e; Type: INDEX; Schema: public; Owner: -
--

CREATE INDEX auth_group_permissions_permission_id_84c5c92e ON public.auth_group_permissions USING btree (permission_id);


--
-- Name: auth_permission_content_type_id_2f476e4b; Type: INDEX; Schema: public; Owner: -
--

CREATE INDEX auth_permission_content_type_id_2f476e4b ON public.auth_permission USING btree (content_type_id);


--
-- Name: auth_user_groups_group_id_97559544; Type: INDEX; Schema: public; Owner: -
--

CREATE INDEX auth_user_groups_group_id_97559544 ON public.auth_user_groups USING btree (group_id);


--
-- Name: auth_user_groups_user_id_6a12ed8b; Type: INDEX; Schema: public; Owner: -
--

CREATE INDEX auth_user_groups_user_id_6a12ed8b ON public.auth_user_groups USING btree (user_id);


--
-- Name: auth_user_user_permissions_permission_id_1fbb5f2c; Type: INDEX; Schema: public; Owner: -
--

CREATE INDEX auth_user_user_permissions_permission_id_1fbb5f2c ON public.auth_user_user_permissions USING btree (permission_id);


--
-- Name: auth_user_user_permissions_user_id_a95ead1b; Type: INDEX; Schema: public; Owner: -
--

CREATE INDEX auth_user_user_permissions_user_id_a95ead1b ON public.auth_user_user_permissions USING btree (user_id);


--
-- Name: auth_user_username_6821ab7c_like; Type: INDEX; Schema: public; Owner: -
--

CREATE INDEX auth_user_username_6821ab7c_like ON public.auth_user USING btree (username varchar_pattern_ops);


--
-- Name: authtoken_token_key_10f0b77e_like; Type: INDEX; Schema: public; Owner: -
--

CREATE INDEX authtoken_token_key_10f0b77e_like ON public.authtoken_token USING btree (key varchar_pattern_ops);


--
-- Name: brands_name_72e24e02_like; Type: INDEX; Schema: public; Owner: -
--

CREATE INDEX brands_name_72e24e02_like ON public.brands USING btree (name varchar_pattern_ops);


--
-- Name: brands_owner_id_c6c86266; Type: INDEX; Schema: public; Owner: -
--

CREATE INDEX brands_owner_id_c6c86266 ON public.brands USING btree (owner_id);


--
-- Name: cafe_tables_current_order_id_37e8429e; Type: INDEX; Schema: public; Owner: -
--

CREATE INDEX cafe_tables_current_order_id_37e8429e ON public.cafe_tables USING btree (current_order_id);


--
-- Name: cafe_tables_store_id_fb9eb147; Type: INDEX; Schema: public; Owner: -
--

CREATE INDEX cafe_tables_store_id_fb9eb147 ON public.cafe_tables USING btree (store_id);


--
-- Name: combo_items_combo_id_5659fdaa; Type: INDEX; Schema: public; Owner: -
--

CREATE INDEX combo_items_combo_id_5659fdaa ON public.combo_items USING btree (combo_id);


--
-- Name: combo_items_product_id_ab2166cc; Type: INDEX; Schema: public; Owner: -
--

CREATE INDEX combo_items_product_id_ab2166cc ON public.combo_items USING btree (product_id);


--
-- Name: cost_adjustments_adjusted_by_id_e247f880; Type: INDEX; Schema: public; Owner: -
--

CREATE INDEX cost_adjustments_adjusted_by_id_e247f880 ON public.cost_adjustments USING btree (adjusted_by_id);


--
-- Name: cost_adjustments_product_id_75aaa830; Type: INDEX; Schema: public; Owner: -
--

CREATE INDEX cost_adjustments_product_id_75aaa830 ON public.cost_adjustments USING btree (product_id);


--
-- Name: customers_code_bb32c51d_like; Type: INDEX; Schema: public; Owner: -
--

CREATE INDEX customers_code_bb32c51d_like ON public.customers USING btree (code varchar_pattern_ops);


--
-- Name: customers_created_by_id_3d0160f2; Type: INDEX; Schema: public; Owner: -
--

CREATE INDEX customers_created_by_id_3d0160f2 ON public.customers USING btree (created_by_id);


--
-- Name: customers_group_id_089fe111; Type: INDEX; Schema: public; Owner: -
--

CREATE INDEX customers_group_id_089fe111 ON public.customers USING btree (group_id);


--
-- Name: customers_store_id_f0607a41; Type: INDEX; Schema: public; Owner: -
--

CREATE INDEX customers_store_id_f0607a41 ON public.customers USING btree (store_id);


--
-- Name: data_permissions_user_id_8a2cf98b; Type: INDEX; Schema: public; Owner: -
--

CREATE INDEX data_permissions_user_id_8a2cf98b ON public.data_permissions USING btree (user_id);


--
-- Name: django_admin_log_content_type_id_c4bce8eb; Type: INDEX; Schema: public; Owner: -
--

CREATE INDEX django_admin_log_content_type_id_c4bce8eb ON public.django_admin_log USING btree (content_type_id);


--
-- Name: django_admin_log_user_id_c564eba6; Type: INDEX; Schema: public; Owner: -
--

CREATE INDEX django_admin_log_user_id_c564eba6 ON public.django_admin_log USING btree (user_id);


--
-- Name: django_session_expire_date_a5c62663; Type: INDEX; Schema: public; Owner: -
--

CREATE INDEX django_session_expire_date_a5c62663 ON public.django_session USING btree (expire_date);


--
-- Name: django_session_session_key_c0390e0f_like; Type: INDEX; Schema: public; Owner: -
--

CREATE INDEX django_session_session_key_c0390e0f_like ON public.django_session USING btree (session_key varchar_pattern_ops);


--
-- Name: django_site_domain_a2e37b91_like; Type: INDEX; Schema: public; Owner: -
--

CREATE INDEX django_site_domain_a2e37b91_like ON public.django_site USING btree (domain varchar_pattern_ops);


--
-- Name: goods_receipt_items_goods_receipt_id_2a6c68f4; Type: INDEX; Schema: public; Owner: -
--

CREATE INDEX goods_receipt_items_goods_receipt_id_2a6c68f4 ON public.goods_receipt_items USING btree (goods_receipt_id);


--
-- Name: goods_receipt_items_product_id_a6c73839; Type: INDEX; Schema: public; Owner: -
--

CREATE INDEX goods_receipt_items_product_id_a6c73839 ON public.goods_receipt_items USING btree (product_id);


--
-- Name: goods_receipt_items_variant_id_76ee1bb0; Type: INDEX; Schema: public; Owner: -
--

CREATE INDEX goods_receipt_items_variant_id_76ee1bb0 ON public.goods_receipt_items USING btree (variant_id);


--
-- Name: goods_receipts_code_67b0a848_like; Type: INDEX; Schema: public; Owner: -
--

CREATE INDEX goods_receipts_code_67b0a848_like ON public.goods_receipts USING btree (code varchar_pattern_ops);


--
-- Name: goods_receipts_created_by_id_c05640a7; Type: INDEX; Schema: public; Owner: -
--

CREATE INDEX goods_receipts_created_by_id_c05640a7 ON public.goods_receipts USING btree (created_by_id);


--
-- Name: goods_receipts_purchase_order_id_276f4a5a; Type: INDEX; Schema: public; Owner: -
--

CREATE INDEX goods_receipts_purchase_order_id_276f4a5a ON public.goods_receipts USING btree (purchase_order_id);


--
-- Name: goods_receipts_supplier_id_9a14b9af; Type: INDEX; Schema: public; Owner: -
--

CREATE INDEX goods_receipts_supplier_id_9a14b9af ON public.goods_receipts USING btree (supplier_id);


--
-- Name: goods_receipts_warehouse_id_02da4ada; Type: INDEX; Schema: public; Owner: -
--

CREATE INDEX goods_receipts_warehouse_id_02da4ada ON public.goods_receipts USING btree (warehouse_id);


--
-- Name: module_permissions_role_group_id_3a37d92e; Type: INDEX; Schema: public; Owner: -
--

CREATE INDEX module_permissions_role_group_id_3a37d92e ON public.module_permissions USING btree (role_group_id);


--
-- Name: order_items_order_id_412ad78b; Type: INDEX; Schema: public; Owner: -
--

CREATE INDEX order_items_order_id_412ad78b ON public.order_items USING btree (order_id);


--
-- Name: order_items_product_id_dd557d5a; Type: INDEX; Schema: public; Owner: -
--

CREATE INDEX order_items_product_id_dd557d5a ON public.order_items USING btree (product_id);


--
-- Name: order_items_variant_id_c29d5590; Type: INDEX; Schema: public; Owner: -
--

CREATE INDEX order_items_variant_id_c29d5590 ON public.order_items USING btree (variant_id);


--
-- Name: order_return_items_order_return_id_e99c08d1; Type: INDEX; Schema: public; Owner: -
--

CREATE INDEX order_return_items_order_return_id_e99c08d1 ON public.order_return_items USING btree (order_return_id);


--
-- Name: order_return_items_product_id_fd6266b4; Type: INDEX; Schema: public; Owner: -
--

CREATE INDEX order_return_items_product_id_fd6266b4 ON public.order_return_items USING btree (product_id);


--
-- Name: order_returns_code_1d33590d_like; Type: INDEX; Schema: public; Owner: -
--

CREATE INDEX order_returns_code_1d33590d_like ON public.order_returns USING btree (code varchar_pattern_ops);


--
-- Name: order_returns_created_by_id_dcbbfa55; Type: INDEX; Schema: public; Owner: -
--

CREATE INDEX order_returns_created_by_id_dcbbfa55 ON public.order_returns USING btree (created_by_id);


--
-- Name: order_returns_customer_id_1cea52ac; Type: INDEX; Schema: public; Owner: -
--

CREATE INDEX order_returns_customer_id_1cea52ac ON public.order_returns USING btree (customer_id);


--
-- Name: order_returns_order_id_b030821a; Type: INDEX; Schema: public; Owner: -
--

CREATE INDEX order_returns_order_id_b030821a ON public.order_returns USING btree (order_id);


--
-- Name: order_returns_warehouse_id_830cf780; Type: INDEX; Schema: public; Owner: -
--

CREATE INDEX order_returns_warehouse_id_830cf780 ON public.order_returns USING btree (warehouse_id);


--
-- Name: orders_approver_id_83c46e73; Type: INDEX; Schema: public; Owner: -
--

CREATE INDEX orders_approver_id_83c46e73 ON public.orders USING btree (approver_id);


--
-- Name: orders_code_fecb6bd8_like; Type: INDEX; Schema: public; Owner: -
--

CREATE INDEX orders_code_fecb6bd8_like ON public.orders USING btree (code varchar_pattern_ops);


--
-- Name: orders_created_by_id_b9de303d; Type: INDEX; Schema: public; Owner: -
--

CREATE INDEX orders_created_by_id_b9de303d ON public.orders USING btree (created_by_id);


--
-- Name: orders_customer_id_b7016332; Type: INDEX; Schema: public; Owner: -
--

CREATE INDEX orders_customer_id_b7016332 ON public.orders USING btree (customer_id);


--
-- Name: orders_quotation_id_5011e895; Type: INDEX; Schema: public; Owner: -
--

CREATE INDEX orders_quotation_id_5011e895 ON public.orders USING btree (quotation_id);


--
-- Name: orders_store_id_04cf6eb1; Type: INDEX; Schema: public; Owner: -
--

CREATE INDEX orders_store_id_04cf6eb1 ON public.orders USING btree (store_id);


--
-- Name: orders_warehouse_id_a41fdefd; Type: INDEX; Schema: public; Owner: -
--

CREATE INDEX orders_warehouse_id_a41fdefd ON public.orders USING btree (warehouse_id);


--
-- Name: packagings_code_77cc0890_like; Type: INDEX; Schema: public; Owner: -
--

CREATE INDEX packagings_code_77cc0890_like ON public.packagings USING btree (code varchar_pattern_ops);


--
-- Name: packagings_order_id_0dae8b40; Type: INDEX; Schema: public; Owner: -
--

CREATE INDEX packagings_order_id_0dae8b40 ON public.packagings USING btree (order_id);


--
-- Name: packagings_packed_by_id_f4b5b726; Type: INDEX; Schema: public; Owner: -
--

CREATE INDEX packagings_packed_by_id_f4b5b726 ON public.packagings USING btree (packed_by_id);


--
-- Name: payments_cash_book_id_2554e96e; Type: INDEX; Schema: public; Owner: -
--

CREATE INDEX payments_cash_book_id_2554e96e ON public.payments USING btree (cash_book_id);


--
-- Name: payments_category_id_e6ab18d0; Type: INDEX; Schema: public; Owner: -
--

CREATE INDEX payments_category_id_e6ab18d0 ON public.payments USING btree (category_id);


--
-- Name: payments_code_874e7a29_like; Type: INDEX; Schema: public; Owner: -
--

CREATE INDEX payments_code_874e7a29_like ON public.payments USING btree (code varchar_pattern_ops);


--
-- Name: payments_created_by_id_968cc366; Type: INDEX; Schema: public; Owner: -
--

CREATE INDEX payments_created_by_id_968cc366 ON public.payments USING btree (created_by_id);


--
-- Name: payments_customer_id_3472d067; Type: INDEX; Schema: public; Owner: -
--

CREATE INDEX payments_customer_id_3472d067 ON public.payments USING btree (customer_id);


--
-- Name: payments_goods_receipt_id_ea970a19; Type: INDEX; Schema: public; Owner: -
--

CREATE INDEX payments_goods_receipt_id_ea970a19 ON public.payments USING btree (goods_receipt_id);


--
-- Name: payments_store_id_549f1786; Type: INDEX; Schema: public; Owner: -
--

CREATE INDEX payments_store_id_549f1786 ON public.payments USING btree (store_id);


--
-- Name: payments_supplier_id_c38cbe05; Type: INDEX; Schema: public; Owner: -
--

CREATE INDEX payments_supplier_id_c38cbe05 ON public.payments USING btree (supplier_id);


--
-- Name: point_transactions_created_by_id_ff983a7e; Type: INDEX; Schema: public; Owner: -
--

CREATE INDEX point_transactions_created_by_id_ff983a7e ON public.point_transactions USING btree (created_by_id);


--
-- Name: point_transactions_customer_id_6e5fe7ef; Type: INDEX; Schema: public; Owner: -
--

CREATE INDEX point_transactions_customer_id_6e5fe7ef ON public.point_transactions USING btree (customer_id);


--
-- Name: point_transactions_order_id_eff9afe0; Type: INDEX; Schema: public; Owner: -
--

CREATE INDEX point_transactions_order_id_eff9afe0 ON public.point_transactions USING btree (order_id);


--
-- Name: product_categories_parent_id_22d4dfe1; Type: INDEX; Schema: public; Owner: -
--

CREATE INDEX product_categories_parent_id_22d4dfe1 ON public.product_categories USING btree (parent_id);


--
-- Name: product_stocks_product_id_e3e8b865; Type: INDEX; Schema: public; Owner: -
--

CREATE INDEX product_stocks_product_id_e3e8b865 ON public.product_stocks USING btree (product_id);


--
-- Name: product_stocks_warehouse_id_1a9405ff; Type: INDEX; Schema: public; Owner: -
--

CREATE INDEX product_stocks_warehouse_id_1a9405ff ON public.product_stocks USING btree (warehouse_id);


--
-- Name: product_variants_product_id_019d9f04; Type: INDEX; Schema: public; Owner: -
--

CREATE INDEX product_variants_product_id_019d9f04 ON public.product_variants USING btree (product_id);


--
-- Name: product_variants_sku_10738fd7_like; Type: INDEX; Schema: public; Owner: -
--

CREATE INDEX product_variants_sku_10738fd7_like ON public.product_variants USING btree (sku varchar_pattern_ops);


--
-- Name: products_category_id_a7a3a156; Type: INDEX; Schema: public; Owner: -
--

CREATE INDEX products_category_id_a7a3a156 ON public.products USING btree (category_id);


--
-- Name: products_code_a66283f3_like; Type: INDEX; Schema: public; Owner: -
--

CREATE INDEX products_code_a66283f3_like ON public.products USING btree (code varchar_pattern_ops);


--
-- Name: products_created_by_id_924ff91a; Type: INDEX; Schema: public; Owner: -
--

CREATE INDEX products_created_by_id_924ff91a ON public.products USING btree (created_by_id);


--
-- Name: products_store_id_5412147b; Type: INDEX; Schema: public; Owner: -
--

CREATE INDEX products_store_id_5412147b ON public.products USING btree (store_id);


--
-- Name: products_supplier_id_ae23c972; Type: INDEX; Schema: public; Owner: -
--

CREATE INDEX products_supplier_id_ae23c972 ON public.products USING btree (supplier_id);


--
-- Name: purchase_order_items_product_id_fbb97bae; Type: INDEX; Schema: public; Owner: -
--

CREATE INDEX purchase_order_items_product_id_fbb97bae ON public.purchase_order_items USING btree (product_id);


--
-- Name: purchase_order_items_purchase_order_id_0c2f986f; Type: INDEX; Schema: public; Owner: -
--

CREATE INDEX purchase_order_items_purchase_order_id_0c2f986f ON public.purchase_order_items USING btree (purchase_order_id);


--
-- Name: purchase_order_items_variant_id_9652acb1; Type: INDEX; Schema: public; Owner: -
--

CREATE INDEX purchase_order_items_variant_id_9652acb1 ON public.purchase_order_items USING btree (variant_id);


--
-- Name: purchase_orders_code_57fe6480_like; Type: INDEX; Schema: public; Owner: -
--

CREATE INDEX purchase_orders_code_57fe6480_like ON public.purchase_orders USING btree (code varchar_pattern_ops);


--
-- Name: purchase_orders_created_by_id_e9edd3e0; Type: INDEX; Schema: public; Owner: -
--

CREATE INDEX purchase_orders_created_by_id_e9edd3e0 ON public.purchase_orders USING btree (created_by_id);


--
-- Name: purchase_orders_supplier_id_ea68c110; Type: INDEX; Schema: public; Owner: -
--

CREATE INDEX purchase_orders_supplier_id_ea68c110 ON public.purchase_orders USING btree (supplier_id);


--
-- Name: purchase_orders_warehouse_id_69bf7efa; Type: INDEX; Schema: public; Owner: -
--

CREATE INDEX purchase_orders_warehouse_id_69bf7efa ON public.purchase_orders USING btree (warehouse_id);


--
-- Name: quotation_items_product_id_f3e42a00; Type: INDEX; Schema: public; Owner: -
--

CREATE INDEX quotation_items_product_id_f3e42a00 ON public.quotation_items USING btree (product_id);


--
-- Name: quotation_items_quotation_id_78b80273; Type: INDEX; Schema: public; Owner: -
--

CREATE INDEX quotation_items_quotation_id_78b80273 ON public.quotation_items USING btree (quotation_id);


--
-- Name: quotation_items_variant_id_042d4f1a; Type: INDEX; Schema: public; Owner: -
--

CREATE INDEX quotation_items_variant_id_042d4f1a ON public.quotation_items USING btree (variant_id);


--
-- Name: quotations_code_27da4b78_like; Type: INDEX; Schema: public; Owner: -
--

CREATE INDEX quotations_code_27da4b78_like ON public.quotations USING btree (code varchar_pattern_ops);


--
-- Name: quotations_created_by_id_68b70ff5; Type: INDEX; Schema: public; Owner: -
--

CREATE INDEX quotations_created_by_id_68b70ff5 ON public.quotations USING btree (created_by_id);


--
-- Name: quotations_customer_id_76ccae73; Type: INDEX; Schema: public; Owner: -
--

CREATE INDEX quotations_customer_id_76ccae73 ON public.quotations USING btree (customer_id);


--
-- Name: quotations_store_id_18bf016b; Type: INDEX; Schema: public; Owner: -
--

CREATE INDEX quotations_store_id_18bf016b ON public.quotations USING btree (store_id);


--
-- Name: receipt_items_product_id_0005d3be; Type: INDEX; Schema: public; Owner: -
--

CREATE INDEX receipt_items_product_id_0005d3be ON public.receipt_items USING btree (product_id);


--
-- Name: receipt_items_receipt_id_5524e1ea; Type: INDEX; Schema: public; Owner: -
--

CREATE INDEX receipt_items_receipt_id_5524e1ea ON public.receipt_items USING btree (receipt_id);


--
-- Name: receipts_cash_book_id_bea0b975; Type: INDEX; Schema: public; Owner: -
--

CREATE INDEX receipts_cash_book_id_bea0b975 ON public.receipts USING btree (cash_book_id);


--
-- Name: receipts_category_id_29f46717; Type: INDEX; Schema: public; Owner: -
--

CREATE INDEX receipts_category_id_29f46717 ON public.receipts USING btree (category_id);


--
-- Name: receipts_code_810f456d_like; Type: INDEX; Schema: public; Owner: -
--

CREATE INDEX receipts_code_810f456d_like ON public.receipts USING btree (code varchar_pattern_ops);


--
-- Name: receipts_created_by_id_d15eebbd; Type: INDEX; Schema: public; Owner: -
--

CREATE INDEX receipts_created_by_id_d15eebbd ON public.receipts USING btree (created_by_id);


--
-- Name: receipts_customer_id_3addb3eb; Type: INDEX; Schema: public; Owner: -
--

CREATE INDEX receipts_customer_id_3addb3eb ON public.receipts USING btree (customer_id);


--
-- Name: receipts_order_id_b96ec8e4; Type: INDEX; Schema: public; Owner: -
--

CREATE INDEX receipts_order_id_b96ec8e4 ON public.receipts USING btree (order_id);


--
-- Name: receipts_store_id_e9b1e6ca; Type: INDEX; Schema: public; Owner: -
--

CREATE INDEX receipts_store_id_e9b1e6ca ON public.receipts USING btree (store_id);


--
-- Name: role_groups_name_d5a68be2_like; Type: INDEX; Schema: public; Owner: -
--

CREATE INDEX role_groups_name_d5a68be2_like ON public.role_groups USING btree (name varchar_pattern_ops);


--
-- Name: socialaccount_socialaccount_user_id_8146e70c; Type: INDEX; Schema: public; Owner: -
--

CREATE INDEX socialaccount_socialaccount_user_id_8146e70c ON public.socialaccount_socialaccount USING btree (user_id);


--
-- Name: socialaccount_socialapp_sites_site_id_2579dee5; Type: INDEX; Schema: public; Owner: -
--

CREATE INDEX socialaccount_socialapp_sites_site_id_2579dee5 ON public.socialaccount_socialapp_sites USING btree (site_id);


--
-- Name: socialaccount_socialapp_sites_socialapp_id_97fb6e7d; Type: INDEX; Schema: public; Owner: -
--

CREATE INDEX socialaccount_socialapp_sites_socialapp_id_97fb6e7d ON public.socialaccount_socialapp_sites USING btree (socialapp_id);


--
-- Name: socialaccount_socialtoken_account_id_951f210e; Type: INDEX; Schema: public; Owner: -
--

CREATE INDEX socialaccount_socialtoken_account_id_951f210e ON public.socialaccount_socialtoken USING btree (account_id);


--
-- Name: socialaccount_socialtoken_app_id_636a42d7; Type: INDEX; Schema: public; Owner: -
--

CREATE INDEX socialaccount_socialtoken_app_id_636a42d7 ON public.socialaccount_socialtoken USING btree (app_id);


--
-- Name: spa_booking_items_booking_id_d2ad529a; Type: INDEX; Schema: public; Owner: -
--

CREATE INDEX spa_booking_items_booking_id_d2ad529a ON public.spa_booking_items USING btree (booking_id);


--
-- Name: spa_booking_items_service_id_7e8bb37b; Type: INDEX; Schema: public; Owner: -
--

CREATE INDEX spa_booking_items_service_id_7e8bb37b ON public.spa_booking_items USING btree (service_id);


--
-- Name: spa_booking_items_staff_id_0672af63; Type: INDEX; Schema: public; Owner: -
--

CREATE INDEX spa_booking_items_staff_id_0672af63 ON public.spa_booking_items USING btree (staff_id);


--
-- Name: spa_bookings_code_d75f2970_like; Type: INDEX; Schema: public; Owner: -
--

CREATE INDEX spa_bookings_code_d75f2970_like ON public.spa_bookings USING btree (code varchar_pattern_ops);


--
-- Name: spa_bookings_created_by_id_c41b7fa7; Type: INDEX; Schema: public; Owner: -
--

CREATE INDEX spa_bookings_created_by_id_c41b7fa7 ON public.spa_bookings USING btree (created_by_id);


--
-- Name: spa_bookings_customer_id_6a6dc6e9; Type: INDEX; Schema: public; Owner: -
--

CREATE INDEX spa_bookings_customer_id_6a6dc6e9 ON public.spa_bookings USING btree (customer_id);


--
-- Name: spa_bookings_room_id_e83e8f29; Type: INDEX; Schema: public; Owner: -
--

CREATE INDEX spa_bookings_room_id_e83e8f29 ON public.spa_bookings USING btree (room_id);


--
-- Name: spa_bookings_staff_id_7a7186ac; Type: INDEX; Schema: public; Owner: -
--

CREATE INDEX spa_bookings_staff_id_7a7186ac ON public.spa_bookings USING btree (staff_id);


--
-- Name: spa_bookings_store_id_7cdba085; Type: INDEX; Schema: public; Owner: -
--

CREATE INDEX spa_bookings_store_id_7cdba085 ON public.spa_bookings USING btree (store_id);


--
-- Name: spa_services_category_id_e63c6ae5; Type: INDEX; Schema: public; Owner: -
--

CREATE INDEX spa_services_category_id_e63c6ae5 ON public.spa_services USING btree (category_id);


--
-- Name: spa_services_code_05bb38ba_like; Type: INDEX; Schema: public; Owner: -
--

CREATE INDEX spa_services_code_05bb38ba_like ON public.spa_services USING btree (code varchar_pattern_ops);


--
-- Name: spa_staff_code_e17232fe_like; Type: INDEX; Schema: public; Owner: -
--

CREATE INDEX spa_staff_code_e17232fe_like ON public.spa_staff USING btree (code varchar_pattern_ops);


--
-- Name: stock_check_items_product_id_11d9165d; Type: INDEX; Schema: public; Owner: -
--

CREATE INDEX stock_check_items_product_id_11d9165d ON public.stock_check_items USING btree (product_id);


--
-- Name: stock_check_items_stock_check_id_0873e891; Type: INDEX; Schema: public; Owner: -
--

CREATE INDEX stock_check_items_stock_check_id_0873e891 ON public.stock_check_items USING btree (stock_check_id);


--
-- Name: stock_check_items_variant_id_368a438d; Type: INDEX; Schema: public; Owner: -
--

CREATE INDEX stock_check_items_variant_id_368a438d ON public.stock_check_items USING btree (variant_id);


--
-- Name: stock_checks_code_99c80ea1_like; Type: INDEX; Schema: public; Owner: -
--

CREATE INDEX stock_checks_code_99c80ea1_like ON public.stock_checks USING btree (code varchar_pattern_ops);


--
-- Name: stock_checks_created_by_id_00562dd4; Type: INDEX; Schema: public; Owner: -
--

CREATE INDEX stock_checks_created_by_id_00562dd4 ON public.stock_checks USING btree (created_by_id);


--
-- Name: stock_checks_warehouse_id_acfe6f8b; Type: INDEX; Schema: public; Owner: -
--

CREATE INDEX stock_checks_warehouse_id_acfe6f8b ON public.stock_checks USING btree (warehouse_id);


--
-- Name: stock_transfer_items_product_id_81f2c9b6; Type: INDEX; Schema: public; Owner: -
--

CREATE INDEX stock_transfer_items_product_id_81f2c9b6 ON public.stock_transfer_items USING btree (product_id);


--
-- Name: stock_transfer_items_transfer_id_ef74490c; Type: INDEX; Schema: public; Owner: -
--

CREATE INDEX stock_transfer_items_transfer_id_ef74490c ON public.stock_transfer_items USING btree (transfer_id);


--
-- Name: stock_transfer_items_variant_id_f9f2014d; Type: INDEX; Schema: public; Owner: -
--

CREATE INDEX stock_transfer_items_variant_id_f9f2014d ON public.stock_transfer_items USING btree (variant_id);


--
-- Name: stock_transfers_code_a004a11a_like; Type: INDEX; Schema: public; Owner: -
--

CREATE INDEX stock_transfers_code_a004a11a_like ON public.stock_transfers USING btree (code varchar_pattern_ops);


--
-- Name: stock_transfers_created_by_id_eaf7fdfc; Type: INDEX; Schema: public; Owner: -
--

CREATE INDEX stock_transfers_created_by_id_eaf7fdfc ON public.stock_transfers USING btree (created_by_id);


--
-- Name: stock_transfers_from_warehouse_id_bf707ffe; Type: INDEX; Schema: public; Owner: -
--

CREATE INDEX stock_transfers_from_warehouse_id_bf707ffe ON public.stock_transfers USING btree (from_warehouse_id);


--
-- Name: stock_transfers_to_warehouse_id_b66869a9; Type: INDEX; Schema: public; Owner: -
--

CREATE INDEX stock_transfers_to_warehouse_id_b66869a9 ON public.stock_transfers USING btree (to_warehouse_id);


--
-- Name: stores_brand_id_ddc0437f; Type: INDEX; Schema: public; Owner: -
--

CREATE INDEX stores_brand_id_ddc0437f ON public.stores USING btree (brand_id);


--
-- Name: stores_code_0221ccc5_like; Type: INDEX; Schema: public; Owner: -
--

CREATE INDEX stores_code_0221ccc5_like ON public.stores USING btree (code varchar_pattern_ops);


--
-- Name: stores_manager_id_a2cf1aa6; Type: INDEX; Schema: public; Owner: -
--

CREATE INDEX stores_manager_id_a2cf1aa6 ON public.stores USING btree (manager_id);


--
-- Name: suppliers_code_f1fc254a_like; Type: INDEX; Schema: public; Owner: -
--

CREATE INDEX suppliers_code_f1fc254a_like ON public.suppliers USING btree (code varchar_pattern_ops);


--
-- Name: suppliers_created_by_id_8743ed7c; Type: INDEX; Schema: public; Owner: -
--

CREATE INDEX suppliers_created_by_id_8743ed7c ON public.suppliers USING btree (created_by_id);


--
-- Name: system_logs_user_id_77b716fd; Type: INDEX; Schema: public; Owner: -
--

CREATE INDEX system_logs_user_id_77b716fd ON public.system_logs USING btree (user_id);


--
-- Name: unique_primary_email; Type: INDEX; Schema: public; Owner: -
--

CREATE UNIQUE INDEX unique_primary_email ON public.account_emailaddress USING btree (user_id, "primary") WHERE "primary";


--
-- Name: unique_verified_email; Type: INDEX; Schema: public; Owner: -
--

CREATE UNIQUE INDEX unique_verified_email ON public.account_emailaddress USING btree (email) WHERE verified;


--
-- Name: user_profiles_store_id_8be53c94; Type: INDEX; Schema: public; Owner: -
--

CREATE INDEX user_profiles_store_id_8be53c94 ON public.user_profiles USING btree (store_id);


--
-- Name: warehouses_code_b64b3e05_like; Type: INDEX; Schema: public; Owner: -
--

CREATE INDEX warehouses_code_b64b3e05_like ON public.warehouses USING btree (code varchar_pattern_ops);


--
-- Name: warehouses_manager_id_2c2efc6e; Type: INDEX; Schema: public; Owner: -
--

CREATE INDEX warehouses_manager_id_2c2efc6e ON public.warehouses USING btree (manager_id);


--
-- Name: warehouses_store_id_4d02ccde; Type: INDEX; Schema: public; Owner: -
--

CREATE INDEX warehouses_store_id_4d02ccde ON public.warehouses USING btree (store_id);


--
-- Name: account_emailaddress account_emailaddress_user_id_2c513194_fk_auth_user_id; Type: FK CONSTRAINT; Schema: public; Owner: -
--

ALTER TABLE ONLY public.account_emailaddress
    ADD CONSTRAINT account_emailaddress_user_id_2c513194_fk_auth_user_id FOREIGN KEY (user_id) REFERENCES public.auth_user(id) DEFERRABLE INITIALLY DEFERRED;


--
-- Name: account_emailconfirmation account_emailconfirm_email_address_id_5b7f8c58_fk_account_e; Type: FK CONSTRAINT; Schema: public; Owner: -
--

ALTER TABLE ONLY public.account_emailconfirmation
    ADD CONSTRAINT account_emailconfirm_email_address_id_5b7f8c58_fk_account_e FOREIGN KEY (email_address_id) REFERENCES public.account_emailaddress(id) DEFERRABLE INITIALLY DEFERRED;


--
-- Name: auth_group_permissions auth_group_permissio_permission_id_84c5c92e_fk_auth_perm; Type: FK CONSTRAINT; Schema: public; Owner: -
--

ALTER TABLE ONLY public.auth_group_permissions
    ADD CONSTRAINT auth_group_permissio_permission_id_84c5c92e_fk_auth_perm FOREIGN KEY (permission_id) REFERENCES public.auth_permission(id) DEFERRABLE INITIALLY DEFERRED;


--
-- Name: auth_group_permissions auth_group_permissions_group_id_b120cbf9_fk_auth_group_id; Type: FK CONSTRAINT; Schema: public; Owner: -
--

ALTER TABLE ONLY public.auth_group_permissions
    ADD CONSTRAINT auth_group_permissions_group_id_b120cbf9_fk_auth_group_id FOREIGN KEY (group_id) REFERENCES public.auth_group(id) DEFERRABLE INITIALLY DEFERRED;


--
-- Name: auth_permission auth_permission_content_type_id_2f476e4b_fk_django_co; Type: FK CONSTRAINT; Schema: public; Owner: -
--

ALTER TABLE ONLY public.auth_permission
    ADD CONSTRAINT auth_permission_content_type_id_2f476e4b_fk_django_co FOREIGN KEY (content_type_id) REFERENCES public.django_content_type(id) DEFERRABLE INITIALLY DEFERRED;


--
-- Name: auth_user_groups auth_user_groups_group_id_97559544_fk_auth_group_id; Type: FK CONSTRAINT; Schema: public; Owner: -
--

ALTER TABLE ONLY public.auth_user_groups
    ADD CONSTRAINT auth_user_groups_group_id_97559544_fk_auth_group_id FOREIGN KEY (group_id) REFERENCES public.auth_group(id) DEFERRABLE INITIALLY DEFERRED;


--
-- Name: auth_user_groups auth_user_groups_user_id_6a12ed8b_fk_auth_user_id; Type: FK CONSTRAINT; Schema: public; Owner: -
--

ALTER TABLE ONLY public.auth_user_groups
    ADD CONSTRAINT auth_user_groups_user_id_6a12ed8b_fk_auth_user_id FOREIGN KEY (user_id) REFERENCES public.auth_user(id) DEFERRABLE INITIALLY DEFERRED;


--
-- Name: auth_user_user_permissions auth_user_user_permi_permission_id_1fbb5f2c_fk_auth_perm; Type: FK CONSTRAINT; Schema: public; Owner: -
--

ALTER TABLE ONLY public.auth_user_user_permissions
    ADD CONSTRAINT auth_user_user_permi_permission_id_1fbb5f2c_fk_auth_perm FOREIGN KEY (permission_id) REFERENCES public.auth_permission(id) DEFERRABLE INITIALLY DEFERRED;


--
-- Name: auth_user_user_permissions auth_user_user_permissions_user_id_a95ead1b_fk_auth_user_id; Type: FK CONSTRAINT; Schema: public; Owner: -
--

ALTER TABLE ONLY public.auth_user_user_permissions
    ADD CONSTRAINT auth_user_user_permissions_user_id_a95ead1b_fk_auth_user_id FOREIGN KEY (user_id) REFERENCES public.auth_user(id) DEFERRABLE INITIALLY DEFERRED;


--
-- Name: authtoken_token authtoken_token_user_id_35299eff_fk_auth_user_id; Type: FK CONSTRAINT; Schema: public; Owner: -
--

ALTER TABLE ONLY public.authtoken_token
    ADD CONSTRAINT authtoken_token_user_id_35299eff_fk_auth_user_id FOREIGN KEY (user_id) REFERENCES public.auth_user(id) DEFERRABLE INITIALLY DEFERRED;


--
-- Name: brands brands_owner_id_c6c86266_fk_auth_user_id; Type: FK CONSTRAINT; Schema: public; Owner: -
--

ALTER TABLE ONLY public.brands
    ADD CONSTRAINT brands_owner_id_c6c86266_fk_auth_user_id FOREIGN KEY (owner_id) REFERENCES public.auth_user(id) DEFERRABLE INITIALLY DEFERRED;


--
-- Name: business_config business_config_brand_id_fdbdfc5b_fk_brands_id; Type: FK CONSTRAINT; Schema: public; Owner: -
--

ALTER TABLE ONLY public.business_config
    ADD CONSTRAINT business_config_brand_id_fdbdfc5b_fk_brands_id FOREIGN KEY (brand_id) REFERENCES public.brands(id) DEFERRABLE INITIALLY DEFERRED;


--
-- Name: cafe_tables cafe_tables_current_order_id_37e8429e_fk_orders_id; Type: FK CONSTRAINT; Schema: public; Owner: -
--

ALTER TABLE ONLY public.cafe_tables
    ADD CONSTRAINT cafe_tables_current_order_id_37e8429e_fk_orders_id FOREIGN KEY (current_order_id) REFERENCES public.orders(id) DEFERRABLE INITIALLY DEFERRED;


--
-- Name: cafe_tables cafe_tables_store_id_fb9eb147_fk_stores_id; Type: FK CONSTRAINT; Schema: public; Owner: -
--

ALTER TABLE ONLY public.cafe_tables
    ADD CONSTRAINT cafe_tables_store_id_fb9eb147_fk_stores_id FOREIGN KEY (store_id) REFERENCES public.stores(id) DEFERRABLE INITIALLY DEFERRED;


--
-- Name: combo_items combo_items_combo_id_5659fdaa_fk_products_id; Type: FK CONSTRAINT; Schema: public; Owner: -
--

ALTER TABLE ONLY public.combo_items
    ADD CONSTRAINT combo_items_combo_id_5659fdaa_fk_products_id FOREIGN KEY (combo_id) REFERENCES public.products(id) DEFERRABLE INITIALLY DEFERRED;


--
-- Name: combo_items combo_items_product_id_ab2166cc_fk_products_id; Type: FK CONSTRAINT; Schema: public; Owner: -
--

ALTER TABLE ONLY public.combo_items
    ADD CONSTRAINT combo_items_product_id_ab2166cc_fk_products_id FOREIGN KEY (product_id) REFERENCES public.products(id) DEFERRABLE INITIALLY DEFERRED;


--
-- Name: cost_adjustments cost_adjustments_adjusted_by_id_e247f880_fk_auth_user_id; Type: FK CONSTRAINT; Schema: public; Owner: -
--

ALTER TABLE ONLY public.cost_adjustments
    ADD CONSTRAINT cost_adjustments_adjusted_by_id_e247f880_fk_auth_user_id FOREIGN KEY (adjusted_by_id) REFERENCES public.auth_user(id) DEFERRABLE INITIALLY DEFERRED;


--
-- Name: cost_adjustments cost_adjustments_product_id_75aaa830_fk_products_id; Type: FK CONSTRAINT; Schema: public; Owner: -
--

ALTER TABLE ONLY public.cost_adjustments
    ADD CONSTRAINT cost_adjustments_product_id_75aaa830_fk_products_id FOREIGN KEY (product_id) REFERENCES public.products(id) DEFERRABLE INITIALLY DEFERRED;


--
-- Name: customers customers_created_by_id_3d0160f2_fk_auth_user_id; Type: FK CONSTRAINT; Schema: public; Owner: -
--

ALTER TABLE ONLY public.customers
    ADD CONSTRAINT customers_created_by_id_3d0160f2_fk_auth_user_id FOREIGN KEY (created_by_id) REFERENCES public.auth_user(id) DEFERRABLE INITIALLY DEFERRED;


--
-- Name: customers customers_group_id_089fe111_fk_customer_groups_id; Type: FK CONSTRAINT; Schema: public; Owner: -
--

ALTER TABLE ONLY public.customers
    ADD CONSTRAINT customers_group_id_089fe111_fk_customer_groups_id FOREIGN KEY (group_id) REFERENCES public.customer_groups(id) DEFERRABLE INITIALLY DEFERRED;


--
-- Name: customers customers_store_id_f0607a41_fk_stores_id; Type: FK CONSTRAINT; Schema: public; Owner: -
--

ALTER TABLE ONLY public.customers
    ADD CONSTRAINT customers_store_id_f0607a41_fk_stores_id FOREIGN KEY (store_id) REFERENCES public.stores(id) DEFERRABLE INITIALLY DEFERRED;


--
-- Name: data_permissions data_permissions_user_id_8a2cf98b_fk_auth_user_id; Type: FK CONSTRAINT; Schema: public; Owner: -
--

ALTER TABLE ONLY public.data_permissions
    ADD CONSTRAINT data_permissions_user_id_8a2cf98b_fk_auth_user_id FOREIGN KEY (user_id) REFERENCES public.auth_user(id) DEFERRABLE INITIALLY DEFERRED;


--
-- Name: django_admin_log django_admin_log_content_type_id_c4bce8eb_fk_django_co; Type: FK CONSTRAINT; Schema: public; Owner: -
--

ALTER TABLE ONLY public.django_admin_log
    ADD CONSTRAINT django_admin_log_content_type_id_c4bce8eb_fk_django_co FOREIGN KEY (content_type_id) REFERENCES public.django_content_type(id) DEFERRABLE INITIALLY DEFERRED;


--
-- Name: django_admin_log django_admin_log_user_id_c564eba6_fk_auth_user_id; Type: FK CONSTRAINT; Schema: public; Owner: -
--

ALTER TABLE ONLY public.django_admin_log
    ADD CONSTRAINT django_admin_log_user_id_c564eba6_fk_auth_user_id FOREIGN KEY (user_id) REFERENCES public.auth_user(id) DEFERRABLE INITIALLY DEFERRED;


--
-- Name: goods_receipt_items goods_receipt_items_goods_receipt_id_2a6c68f4_fk_goods_rec; Type: FK CONSTRAINT; Schema: public; Owner: -
--

ALTER TABLE ONLY public.goods_receipt_items
    ADD CONSTRAINT goods_receipt_items_goods_receipt_id_2a6c68f4_fk_goods_rec FOREIGN KEY (goods_receipt_id) REFERENCES public.goods_receipts(id) DEFERRABLE INITIALLY DEFERRED;


--
-- Name: goods_receipt_items goods_receipt_items_product_id_a6c73839_fk_products_id; Type: FK CONSTRAINT; Schema: public; Owner: -
--

ALTER TABLE ONLY public.goods_receipt_items
    ADD CONSTRAINT goods_receipt_items_product_id_a6c73839_fk_products_id FOREIGN KEY (product_id) REFERENCES public.products(id) DEFERRABLE INITIALLY DEFERRED;


--
-- Name: goods_receipt_items goods_receipt_items_variant_id_76ee1bb0_fk_product_variants_id; Type: FK CONSTRAINT; Schema: public; Owner: -
--

ALTER TABLE ONLY public.goods_receipt_items
    ADD CONSTRAINT goods_receipt_items_variant_id_76ee1bb0_fk_product_variants_id FOREIGN KEY (variant_id) REFERENCES public.product_variants(id) DEFERRABLE INITIALLY DEFERRED;


--
-- Name: goods_receipts goods_receipts_created_by_id_c05640a7_fk_auth_user_id; Type: FK CONSTRAINT; Schema: public; Owner: -
--

ALTER TABLE ONLY public.goods_receipts
    ADD CONSTRAINT goods_receipts_created_by_id_c05640a7_fk_auth_user_id FOREIGN KEY (created_by_id) REFERENCES public.auth_user(id) DEFERRABLE INITIALLY DEFERRED;


--
-- Name: goods_receipts goods_receipts_purchase_order_id_276f4a5a_fk_purchase_orders_id; Type: FK CONSTRAINT; Schema: public; Owner: -
--

ALTER TABLE ONLY public.goods_receipts
    ADD CONSTRAINT goods_receipts_purchase_order_id_276f4a5a_fk_purchase_orders_id FOREIGN KEY (purchase_order_id) REFERENCES public.purchase_orders(id) DEFERRABLE INITIALLY DEFERRED;


--
-- Name: goods_receipts goods_receipts_supplier_id_9a14b9af_fk_suppliers_id; Type: FK CONSTRAINT; Schema: public; Owner: -
--

ALTER TABLE ONLY public.goods_receipts
    ADD CONSTRAINT goods_receipts_supplier_id_9a14b9af_fk_suppliers_id FOREIGN KEY (supplier_id) REFERENCES public.suppliers(id) DEFERRABLE INITIALLY DEFERRED;


--
-- Name: goods_receipts goods_receipts_warehouse_id_02da4ada_fk_warehouses_id; Type: FK CONSTRAINT; Schema: public; Owner: -
--

ALTER TABLE ONLY public.goods_receipts
    ADD CONSTRAINT goods_receipts_warehouse_id_02da4ada_fk_warehouses_id FOREIGN KEY (warehouse_id) REFERENCES public.warehouses(id) DEFERRABLE INITIALLY DEFERRED;


--
-- Name: module_permissions module_permissions_role_group_id_3a37d92e_fk_role_groups_id; Type: FK CONSTRAINT; Schema: public; Owner: -
--

ALTER TABLE ONLY public.module_permissions
    ADD CONSTRAINT module_permissions_role_group_id_3a37d92e_fk_role_groups_id FOREIGN KEY (role_group_id) REFERENCES public.role_groups(id) DEFERRABLE INITIALLY DEFERRED;


--
-- Name: order_items order_items_order_id_412ad78b_fk_orders_id; Type: FK CONSTRAINT; Schema: public; Owner: -
--

ALTER TABLE ONLY public.order_items
    ADD CONSTRAINT order_items_order_id_412ad78b_fk_orders_id FOREIGN KEY (order_id) REFERENCES public.orders(id) DEFERRABLE INITIALLY DEFERRED;


--
-- Name: order_items order_items_product_id_dd557d5a_fk_products_id; Type: FK CONSTRAINT; Schema: public; Owner: -
--

ALTER TABLE ONLY public.order_items
    ADD CONSTRAINT order_items_product_id_dd557d5a_fk_products_id FOREIGN KEY (product_id) REFERENCES public.products(id) DEFERRABLE INITIALLY DEFERRED;


--
-- Name: order_items order_items_variant_id_c29d5590_fk_product_variants_id; Type: FK CONSTRAINT; Schema: public; Owner: -
--

ALTER TABLE ONLY public.order_items
    ADD CONSTRAINT order_items_variant_id_c29d5590_fk_product_variants_id FOREIGN KEY (variant_id) REFERENCES public.product_variants(id) DEFERRABLE INITIALLY DEFERRED;


--
-- Name: order_return_items order_return_items_order_return_id_e99c08d1_fk_order_returns_id; Type: FK CONSTRAINT; Schema: public; Owner: -
--

ALTER TABLE ONLY public.order_return_items
    ADD CONSTRAINT order_return_items_order_return_id_e99c08d1_fk_order_returns_id FOREIGN KEY (order_return_id) REFERENCES public.order_returns(id) DEFERRABLE INITIALLY DEFERRED;


--
-- Name: order_return_items order_return_items_product_id_fd6266b4_fk_products_id; Type: FK CONSTRAINT; Schema: public; Owner: -
--

ALTER TABLE ONLY public.order_return_items
    ADD CONSTRAINT order_return_items_product_id_fd6266b4_fk_products_id FOREIGN KEY (product_id) REFERENCES public.products(id) DEFERRABLE INITIALLY DEFERRED;


--
-- Name: order_returns order_returns_created_by_id_dcbbfa55_fk_auth_user_id; Type: FK CONSTRAINT; Schema: public; Owner: -
--

ALTER TABLE ONLY public.order_returns
    ADD CONSTRAINT order_returns_created_by_id_dcbbfa55_fk_auth_user_id FOREIGN KEY (created_by_id) REFERENCES public.auth_user(id) DEFERRABLE INITIALLY DEFERRED;


--
-- Name: order_returns order_returns_customer_id_1cea52ac_fk_customers_id; Type: FK CONSTRAINT; Schema: public; Owner: -
--

ALTER TABLE ONLY public.order_returns
    ADD CONSTRAINT order_returns_customer_id_1cea52ac_fk_customers_id FOREIGN KEY (customer_id) REFERENCES public.customers(id) DEFERRABLE INITIALLY DEFERRED;


--
-- Name: order_returns order_returns_order_id_b030821a_fk_orders_id; Type: FK CONSTRAINT; Schema: public; Owner: -
--

ALTER TABLE ONLY public.order_returns
    ADD CONSTRAINT order_returns_order_id_b030821a_fk_orders_id FOREIGN KEY (order_id) REFERENCES public.orders(id) DEFERRABLE INITIALLY DEFERRED;


--
-- Name: order_returns order_returns_warehouse_id_830cf780_fk_warehouses_id; Type: FK CONSTRAINT; Schema: public; Owner: -
--

ALTER TABLE ONLY public.order_returns
    ADD CONSTRAINT order_returns_warehouse_id_830cf780_fk_warehouses_id FOREIGN KEY (warehouse_id) REFERENCES public.warehouses(id) DEFERRABLE INITIALLY DEFERRED;


--
-- Name: orders orders_approver_id_83c46e73_fk_auth_user_id; Type: FK CONSTRAINT; Schema: public; Owner: -
--

ALTER TABLE ONLY public.orders
    ADD CONSTRAINT orders_approver_id_83c46e73_fk_auth_user_id FOREIGN KEY (approver_id) REFERENCES public.auth_user(id) DEFERRABLE INITIALLY DEFERRED;


--
-- Name: orders orders_created_by_id_b9de303d_fk_auth_user_id; Type: FK CONSTRAINT; Schema: public; Owner: -
--

ALTER TABLE ONLY public.orders
    ADD CONSTRAINT orders_created_by_id_b9de303d_fk_auth_user_id FOREIGN KEY (created_by_id) REFERENCES public.auth_user(id) DEFERRABLE INITIALLY DEFERRED;


--
-- Name: orders orders_customer_id_b7016332_fk_customers_id; Type: FK CONSTRAINT; Schema: public; Owner: -
--

ALTER TABLE ONLY public.orders
    ADD CONSTRAINT orders_customer_id_b7016332_fk_customers_id FOREIGN KEY (customer_id) REFERENCES public.customers(id) DEFERRABLE INITIALLY DEFERRED;


--
-- Name: orders orders_quotation_id_5011e895_fk_quotations_id; Type: FK CONSTRAINT; Schema: public; Owner: -
--

ALTER TABLE ONLY public.orders
    ADD CONSTRAINT orders_quotation_id_5011e895_fk_quotations_id FOREIGN KEY (quotation_id) REFERENCES public.quotations(id) DEFERRABLE INITIALLY DEFERRED;


--
-- Name: orders orders_store_id_04cf6eb1_fk_stores_id; Type: FK CONSTRAINT; Schema: public; Owner: -
--

ALTER TABLE ONLY public.orders
    ADD CONSTRAINT orders_store_id_04cf6eb1_fk_stores_id FOREIGN KEY (store_id) REFERENCES public.stores(id) DEFERRABLE INITIALLY DEFERRED;


--
-- Name: orders orders_warehouse_id_a41fdefd_fk_warehouses_id; Type: FK CONSTRAINT; Schema: public; Owner: -
--

ALTER TABLE ONLY public.orders
    ADD CONSTRAINT orders_warehouse_id_a41fdefd_fk_warehouses_id FOREIGN KEY (warehouse_id) REFERENCES public.warehouses(id) DEFERRABLE INITIALLY DEFERRED;


--
-- Name: packagings packagings_order_id_0dae8b40_fk_orders_id; Type: FK CONSTRAINT; Schema: public; Owner: -
--

ALTER TABLE ONLY public.packagings
    ADD CONSTRAINT packagings_order_id_0dae8b40_fk_orders_id FOREIGN KEY (order_id) REFERENCES public.orders(id) DEFERRABLE INITIALLY DEFERRED;


--
-- Name: packagings packagings_packed_by_id_f4b5b726_fk_auth_user_id; Type: FK CONSTRAINT; Schema: public; Owner: -
--

ALTER TABLE ONLY public.packagings
    ADD CONSTRAINT packagings_packed_by_id_f4b5b726_fk_auth_user_id FOREIGN KEY (packed_by_id) REFERENCES public.auth_user(id) DEFERRABLE INITIALLY DEFERRED;


--
-- Name: payments payments_cash_book_id_2554e96e_fk_cash_books_id; Type: FK CONSTRAINT; Schema: public; Owner: -
--

ALTER TABLE ONLY public.payments
    ADD CONSTRAINT payments_cash_book_id_2554e96e_fk_cash_books_id FOREIGN KEY (cash_book_id) REFERENCES public.cash_books(id) DEFERRABLE INITIALLY DEFERRED;


--
-- Name: payments payments_category_id_e6ab18d0_fk_finance_categories_id; Type: FK CONSTRAINT; Schema: public; Owner: -
--

ALTER TABLE ONLY public.payments
    ADD CONSTRAINT payments_category_id_e6ab18d0_fk_finance_categories_id FOREIGN KEY (category_id) REFERENCES public.finance_categories(id) DEFERRABLE INITIALLY DEFERRED;


--
-- Name: payments payments_created_by_id_968cc366_fk_auth_user_id; Type: FK CONSTRAINT; Schema: public; Owner: -
--

ALTER TABLE ONLY public.payments
    ADD CONSTRAINT payments_created_by_id_968cc366_fk_auth_user_id FOREIGN KEY (created_by_id) REFERENCES public.auth_user(id) DEFERRABLE INITIALLY DEFERRED;


--
-- Name: payments payments_customer_id_3472d067_fk_customers_id; Type: FK CONSTRAINT; Schema: public; Owner: -
--

ALTER TABLE ONLY public.payments
    ADD CONSTRAINT payments_customer_id_3472d067_fk_customers_id FOREIGN KEY (customer_id) REFERENCES public.customers(id) DEFERRABLE INITIALLY DEFERRED;


--
-- Name: payments payments_goods_receipt_id_ea970a19_fk_goods_receipts_id; Type: FK CONSTRAINT; Schema: public; Owner: -
--

ALTER TABLE ONLY public.payments
    ADD CONSTRAINT payments_goods_receipt_id_ea970a19_fk_goods_receipts_id FOREIGN KEY (goods_receipt_id) REFERENCES public.goods_receipts(id) DEFERRABLE INITIALLY DEFERRED;


--
-- Name: payments payments_store_id_549f1786_fk_stores_id; Type: FK CONSTRAINT; Schema: public; Owner: -
--

ALTER TABLE ONLY public.payments
    ADD CONSTRAINT payments_store_id_549f1786_fk_stores_id FOREIGN KEY (store_id) REFERENCES public.stores(id) DEFERRABLE INITIALLY DEFERRED;


--
-- Name: payments payments_supplier_id_c38cbe05_fk_suppliers_id; Type: FK CONSTRAINT; Schema: public; Owner: -
--

ALTER TABLE ONLY public.payments
    ADD CONSTRAINT payments_supplier_id_c38cbe05_fk_suppliers_id FOREIGN KEY (supplier_id) REFERENCES public.suppliers(id) DEFERRABLE INITIALLY DEFERRED;


--
-- Name: point_transactions point_transactions_created_by_id_ff983a7e_fk_auth_user_id; Type: FK CONSTRAINT; Schema: public; Owner: -
--

ALTER TABLE ONLY public.point_transactions
    ADD CONSTRAINT point_transactions_created_by_id_ff983a7e_fk_auth_user_id FOREIGN KEY (created_by_id) REFERENCES public.auth_user(id) DEFERRABLE INITIALLY DEFERRED;


--
-- Name: point_transactions point_transactions_customer_id_6e5fe7ef_fk_customers_id; Type: FK CONSTRAINT; Schema: public; Owner: -
--

ALTER TABLE ONLY public.point_transactions
    ADD CONSTRAINT point_transactions_customer_id_6e5fe7ef_fk_customers_id FOREIGN KEY (customer_id) REFERENCES public.customers(id) DEFERRABLE INITIALLY DEFERRED;


--
-- Name: point_transactions point_transactions_order_id_eff9afe0_fk_orders_id; Type: FK CONSTRAINT; Schema: public; Owner: -
--

ALTER TABLE ONLY public.point_transactions
    ADD CONSTRAINT point_transactions_order_id_eff9afe0_fk_orders_id FOREIGN KEY (order_id) REFERENCES public.orders(id) DEFERRABLE INITIALLY DEFERRED;


--
-- Name: product_categories product_categories_parent_id_22d4dfe1_fk_product_categories_id; Type: FK CONSTRAINT; Schema: public; Owner: -
--

ALTER TABLE ONLY public.product_categories
    ADD CONSTRAINT product_categories_parent_id_22d4dfe1_fk_product_categories_id FOREIGN KEY (parent_id) REFERENCES public.product_categories(id) DEFERRABLE INITIALLY DEFERRED;


--
-- Name: product_stocks product_stocks_product_id_e3e8b865_fk_products_id; Type: FK CONSTRAINT; Schema: public; Owner: -
--

ALTER TABLE ONLY public.product_stocks
    ADD CONSTRAINT product_stocks_product_id_e3e8b865_fk_products_id FOREIGN KEY (product_id) REFERENCES public.products(id) DEFERRABLE INITIALLY DEFERRED;


--
-- Name: product_stocks product_stocks_warehouse_id_1a9405ff_fk_warehouses_id; Type: FK CONSTRAINT; Schema: public; Owner: -
--

ALTER TABLE ONLY public.product_stocks
    ADD CONSTRAINT product_stocks_warehouse_id_1a9405ff_fk_warehouses_id FOREIGN KEY (warehouse_id) REFERENCES public.warehouses(id) DEFERRABLE INITIALLY DEFERRED;


--
-- Name: product_variants product_variants_product_id_019d9f04_fk_products_id; Type: FK CONSTRAINT; Schema: public; Owner: -
--

ALTER TABLE ONLY public.product_variants
    ADD CONSTRAINT product_variants_product_id_019d9f04_fk_products_id FOREIGN KEY (product_id) REFERENCES public.products(id) DEFERRABLE INITIALLY DEFERRED;


--
-- Name: products products_category_id_a7a3a156_fk_product_categories_id; Type: FK CONSTRAINT; Schema: public; Owner: -
--

ALTER TABLE ONLY public.products
    ADD CONSTRAINT products_category_id_a7a3a156_fk_product_categories_id FOREIGN KEY (category_id) REFERENCES public.product_categories(id) DEFERRABLE INITIALLY DEFERRED;


--
-- Name: products products_created_by_id_924ff91a_fk_auth_user_id; Type: FK CONSTRAINT; Schema: public; Owner: -
--

ALTER TABLE ONLY public.products
    ADD CONSTRAINT products_created_by_id_924ff91a_fk_auth_user_id FOREIGN KEY (created_by_id) REFERENCES public.auth_user(id) DEFERRABLE INITIALLY DEFERRED;


--
-- Name: products products_store_id_5412147b_fk_stores_id; Type: FK CONSTRAINT; Schema: public; Owner: -
--

ALTER TABLE ONLY public.products
    ADD CONSTRAINT products_store_id_5412147b_fk_stores_id FOREIGN KEY (store_id) REFERENCES public.stores(id) DEFERRABLE INITIALLY DEFERRED;


--
-- Name: products products_supplier_id_ae23c972_fk_suppliers_id; Type: FK CONSTRAINT; Schema: public; Owner: -
--

ALTER TABLE ONLY public.products
    ADD CONSTRAINT products_supplier_id_ae23c972_fk_suppliers_id FOREIGN KEY (supplier_id) REFERENCES public.suppliers(id) DEFERRABLE INITIALLY DEFERRED;


--
-- Name: purchase_order_items purchase_order_items_product_id_fbb97bae_fk_products_id; Type: FK CONSTRAINT; Schema: public; Owner: -
--

ALTER TABLE ONLY public.purchase_order_items
    ADD CONSTRAINT purchase_order_items_product_id_fbb97bae_fk_products_id FOREIGN KEY (product_id) REFERENCES public.products(id) DEFERRABLE INITIALLY DEFERRED;


--
-- Name: purchase_order_items purchase_order_items_purchase_order_id_0c2f986f_fk_purchase_; Type: FK CONSTRAINT; Schema: public; Owner: -
--

ALTER TABLE ONLY public.purchase_order_items
    ADD CONSTRAINT purchase_order_items_purchase_order_id_0c2f986f_fk_purchase_ FOREIGN KEY (purchase_order_id) REFERENCES public.purchase_orders(id) DEFERRABLE INITIALLY DEFERRED;


--
-- Name: purchase_order_items purchase_order_items_variant_id_9652acb1_fk_product_variants_id; Type: FK CONSTRAINT; Schema: public; Owner: -
--

ALTER TABLE ONLY public.purchase_order_items
    ADD CONSTRAINT purchase_order_items_variant_id_9652acb1_fk_product_variants_id FOREIGN KEY (variant_id) REFERENCES public.product_variants(id) DEFERRABLE INITIALLY DEFERRED;


--
-- Name: purchase_orders purchase_orders_created_by_id_e9edd3e0_fk_auth_user_id; Type: FK CONSTRAINT; Schema: public; Owner: -
--

ALTER TABLE ONLY public.purchase_orders
    ADD CONSTRAINT purchase_orders_created_by_id_e9edd3e0_fk_auth_user_id FOREIGN KEY (created_by_id) REFERENCES public.auth_user(id) DEFERRABLE INITIALLY DEFERRED;


--
-- Name: purchase_orders purchase_orders_supplier_id_ea68c110_fk_suppliers_id; Type: FK CONSTRAINT; Schema: public; Owner: -
--

ALTER TABLE ONLY public.purchase_orders
    ADD CONSTRAINT purchase_orders_supplier_id_ea68c110_fk_suppliers_id FOREIGN KEY (supplier_id) REFERENCES public.suppliers(id) DEFERRABLE INITIALLY DEFERRED;


--
-- Name: purchase_orders purchase_orders_warehouse_id_69bf7efa_fk_warehouses_id; Type: FK CONSTRAINT; Schema: public; Owner: -
--

ALTER TABLE ONLY public.purchase_orders
    ADD CONSTRAINT purchase_orders_warehouse_id_69bf7efa_fk_warehouses_id FOREIGN KEY (warehouse_id) REFERENCES public.warehouses(id) DEFERRABLE INITIALLY DEFERRED;


--
-- Name: quotation_items quotation_items_product_id_f3e42a00_fk_products_id; Type: FK CONSTRAINT; Schema: public; Owner: -
--

ALTER TABLE ONLY public.quotation_items
    ADD CONSTRAINT quotation_items_product_id_f3e42a00_fk_products_id FOREIGN KEY (product_id) REFERENCES public.products(id) DEFERRABLE INITIALLY DEFERRED;


--
-- Name: quotation_items quotation_items_quotation_id_78b80273_fk_quotations_id; Type: FK CONSTRAINT; Schema: public; Owner: -
--

ALTER TABLE ONLY public.quotation_items
    ADD CONSTRAINT quotation_items_quotation_id_78b80273_fk_quotations_id FOREIGN KEY (quotation_id) REFERENCES public.quotations(id) DEFERRABLE INITIALLY DEFERRED;


--
-- Name: quotation_items quotation_items_variant_id_042d4f1a_fk_product_variants_id; Type: FK CONSTRAINT; Schema: public; Owner: -
--

ALTER TABLE ONLY public.quotation_items
    ADD CONSTRAINT quotation_items_variant_id_042d4f1a_fk_product_variants_id FOREIGN KEY (variant_id) REFERENCES public.product_variants(id) DEFERRABLE INITIALLY DEFERRED;


--
-- Name: quotations quotations_created_by_id_68b70ff5_fk_auth_user_id; Type: FK CONSTRAINT; Schema: public; Owner: -
--

ALTER TABLE ONLY public.quotations
    ADD CONSTRAINT quotations_created_by_id_68b70ff5_fk_auth_user_id FOREIGN KEY (created_by_id) REFERENCES public.auth_user(id) DEFERRABLE INITIALLY DEFERRED;


--
-- Name: quotations quotations_customer_id_76ccae73_fk_customers_id; Type: FK CONSTRAINT; Schema: public; Owner: -
--

ALTER TABLE ONLY public.quotations
    ADD CONSTRAINT quotations_customer_id_76ccae73_fk_customers_id FOREIGN KEY (customer_id) REFERENCES public.customers(id) DEFERRABLE INITIALLY DEFERRED;


--
-- Name: quotations quotations_store_id_18bf016b_fk_stores_id; Type: FK CONSTRAINT; Schema: public; Owner: -
--

ALTER TABLE ONLY public.quotations
    ADD CONSTRAINT quotations_store_id_18bf016b_fk_stores_id FOREIGN KEY (store_id) REFERENCES public.stores(id) DEFERRABLE INITIALLY DEFERRED;


--
-- Name: receipt_items receipt_items_product_id_0005d3be_fk_products_id; Type: FK CONSTRAINT; Schema: public; Owner: -
--

ALTER TABLE ONLY public.receipt_items
    ADD CONSTRAINT receipt_items_product_id_0005d3be_fk_products_id FOREIGN KEY (product_id) REFERENCES public.products(id) DEFERRABLE INITIALLY DEFERRED;


--
-- Name: receipt_items receipt_items_receipt_id_5524e1ea_fk_receipts_id; Type: FK CONSTRAINT; Schema: public; Owner: -
--

ALTER TABLE ONLY public.receipt_items
    ADD CONSTRAINT receipt_items_receipt_id_5524e1ea_fk_receipts_id FOREIGN KEY (receipt_id) REFERENCES public.receipts(id) DEFERRABLE INITIALLY DEFERRED;


--
-- Name: receipts receipts_cash_book_id_bea0b975_fk_cash_books_id; Type: FK CONSTRAINT; Schema: public; Owner: -
--

ALTER TABLE ONLY public.receipts
    ADD CONSTRAINT receipts_cash_book_id_bea0b975_fk_cash_books_id FOREIGN KEY (cash_book_id) REFERENCES public.cash_books(id) DEFERRABLE INITIALLY DEFERRED;


--
-- Name: receipts receipts_category_id_29f46717_fk_finance_categories_id; Type: FK CONSTRAINT; Schema: public; Owner: -
--

ALTER TABLE ONLY public.receipts
    ADD CONSTRAINT receipts_category_id_29f46717_fk_finance_categories_id FOREIGN KEY (category_id) REFERENCES public.finance_categories(id) DEFERRABLE INITIALLY DEFERRED;


--
-- Name: receipts receipts_created_by_id_d15eebbd_fk_auth_user_id; Type: FK CONSTRAINT; Schema: public; Owner: -
--

ALTER TABLE ONLY public.receipts
    ADD CONSTRAINT receipts_created_by_id_d15eebbd_fk_auth_user_id FOREIGN KEY (created_by_id) REFERENCES public.auth_user(id) DEFERRABLE INITIALLY DEFERRED;


--
-- Name: receipts receipts_customer_id_3addb3eb_fk_customers_id; Type: FK CONSTRAINT; Schema: public; Owner: -
--

ALTER TABLE ONLY public.receipts
    ADD CONSTRAINT receipts_customer_id_3addb3eb_fk_customers_id FOREIGN KEY (customer_id) REFERENCES public.customers(id) DEFERRABLE INITIALLY DEFERRED;


--
-- Name: receipts receipts_order_id_b96ec8e4_fk_orders_id; Type: FK CONSTRAINT; Schema: public; Owner: -
--

ALTER TABLE ONLY public.receipts
    ADD CONSTRAINT receipts_order_id_b96ec8e4_fk_orders_id FOREIGN KEY (order_id) REFERENCES public.orders(id) DEFERRABLE INITIALLY DEFERRED;


--
-- Name: receipts receipts_store_id_e9b1e6ca_fk_stores_id; Type: FK CONSTRAINT; Schema: public; Owner: -
--

ALTER TABLE ONLY public.receipts
    ADD CONSTRAINT receipts_store_id_e9b1e6ca_fk_stores_id FOREIGN KEY (store_id) REFERENCES public.stores(id) DEFERRABLE INITIALLY DEFERRED;


--
-- Name: role_groups role_groups_group_id_ddf58255_fk_auth_group_id; Type: FK CONSTRAINT; Schema: public; Owner: -
--

ALTER TABLE ONLY public.role_groups
    ADD CONSTRAINT role_groups_group_id_ddf58255_fk_auth_group_id FOREIGN KEY (group_id) REFERENCES public.auth_group(id) DEFERRABLE INITIALLY DEFERRED;


--
-- Name: socialaccount_socialtoken socialaccount_social_account_id_951f210e_fk_socialacc; Type: FK CONSTRAINT; Schema: public; Owner: -
--

ALTER TABLE ONLY public.socialaccount_socialtoken
    ADD CONSTRAINT socialaccount_social_account_id_951f210e_fk_socialacc FOREIGN KEY (account_id) REFERENCES public.socialaccount_socialaccount(id) DEFERRABLE INITIALLY DEFERRED;


--
-- Name: socialaccount_socialtoken socialaccount_social_app_id_636a42d7_fk_socialacc; Type: FK CONSTRAINT; Schema: public; Owner: -
--

ALTER TABLE ONLY public.socialaccount_socialtoken
    ADD CONSTRAINT socialaccount_social_app_id_636a42d7_fk_socialacc FOREIGN KEY (app_id) REFERENCES public.socialaccount_socialapp(id) DEFERRABLE INITIALLY DEFERRED;


--
-- Name: socialaccount_socialapp_sites socialaccount_social_site_id_2579dee5_fk_django_si; Type: FK CONSTRAINT; Schema: public; Owner: -
--

ALTER TABLE ONLY public.socialaccount_socialapp_sites
    ADD CONSTRAINT socialaccount_social_site_id_2579dee5_fk_django_si FOREIGN KEY (site_id) REFERENCES public.django_site(id) DEFERRABLE INITIALLY DEFERRED;


--
-- Name: socialaccount_socialapp_sites socialaccount_social_socialapp_id_97fb6e7d_fk_socialacc; Type: FK CONSTRAINT; Schema: public; Owner: -
--

ALTER TABLE ONLY public.socialaccount_socialapp_sites
    ADD CONSTRAINT socialaccount_social_socialapp_id_97fb6e7d_fk_socialacc FOREIGN KEY (socialapp_id) REFERENCES public.socialaccount_socialapp(id) DEFERRABLE INITIALLY DEFERRED;


--
-- Name: socialaccount_socialaccount socialaccount_socialaccount_user_id_8146e70c_fk_auth_user_id; Type: FK CONSTRAINT; Schema: public; Owner: -
--

ALTER TABLE ONLY public.socialaccount_socialaccount
    ADD CONSTRAINT socialaccount_socialaccount_user_id_8146e70c_fk_auth_user_id FOREIGN KEY (user_id) REFERENCES public.auth_user(id) DEFERRABLE INITIALLY DEFERRED;


--
-- Name: spa_booking_items spa_booking_items_booking_id_d2ad529a_fk_spa_bookings_id; Type: FK CONSTRAINT; Schema: public; Owner: -
--

ALTER TABLE ONLY public.spa_booking_items
    ADD CONSTRAINT spa_booking_items_booking_id_d2ad529a_fk_spa_bookings_id FOREIGN KEY (booking_id) REFERENCES public.spa_bookings(id) DEFERRABLE INITIALLY DEFERRED;


--
-- Name: spa_booking_items spa_booking_items_service_id_7e8bb37b_fk_spa_services_id; Type: FK CONSTRAINT; Schema: public; Owner: -
--

ALTER TABLE ONLY public.spa_booking_items
    ADD CONSTRAINT spa_booking_items_service_id_7e8bb37b_fk_spa_services_id FOREIGN KEY (service_id) REFERENCES public.spa_services(id) DEFERRABLE INITIALLY DEFERRED;


--
-- Name: spa_booking_items spa_booking_items_staff_id_0672af63_fk_spa_staff_id; Type: FK CONSTRAINT; Schema: public; Owner: -
--

ALTER TABLE ONLY public.spa_booking_items
    ADD CONSTRAINT spa_booking_items_staff_id_0672af63_fk_spa_staff_id FOREIGN KEY (staff_id) REFERENCES public.spa_staff(id) DEFERRABLE INITIALLY DEFERRED;


--
-- Name: spa_bookings spa_bookings_created_by_id_c41b7fa7_fk_auth_user_id; Type: FK CONSTRAINT; Schema: public; Owner: -
--

ALTER TABLE ONLY public.spa_bookings
    ADD CONSTRAINT spa_bookings_created_by_id_c41b7fa7_fk_auth_user_id FOREIGN KEY (created_by_id) REFERENCES public.auth_user(id) DEFERRABLE INITIALLY DEFERRED;


--
-- Name: spa_bookings spa_bookings_customer_id_6a6dc6e9_fk_customers_id; Type: FK CONSTRAINT; Schema: public; Owner: -
--

ALTER TABLE ONLY public.spa_bookings
    ADD CONSTRAINT spa_bookings_customer_id_6a6dc6e9_fk_customers_id FOREIGN KEY (customer_id) REFERENCES public.customers(id) DEFERRABLE INITIALLY DEFERRED;


--
-- Name: spa_bookings spa_bookings_room_id_e83e8f29_fk_spa_rooms_id; Type: FK CONSTRAINT; Schema: public; Owner: -
--

ALTER TABLE ONLY public.spa_bookings
    ADD CONSTRAINT spa_bookings_room_id_e83e8f29_fk_spa_rooms_id FOREIGN KEY (room_id) REFERENCES public.spa_rooms(id) DEFERRABLE INITIALLY DEFERRED;


--
-- Name: spa_bookings spa_bookings_staff_id_7a7186ac_fk_spa_staff_id; Type: FK CONSTRAINT; Schema: public; Owner: -
--

ALTER TABLE ONLY public.spa_bookings
    ADD CONSTRAINT spa_bookings_staff_id_7a7186ac_fk_spa_staff_id FOREIGN KEY (staff_id) REFERENCES public.spa_staff(id) DEFERRABLE INITIALLY DEFERRED;


--
-- Name: spa_bookings spa_bookings_store_id_7cdba085_fk_stores_id; Type: FK CONSTRAINT; Schema: public; Owner: -
--

ALTER TABLE ONLY public.spa_bookings
    ADD CONSTRAINT spa_bookings_store_id_7cdba085_fk_stores_id FOREIGN KEY (store_id) REFERENCES public.stores(id) DEFERRABLE INITIALLY DEFERRED;


--
-- Name: spa_services spa_services_category_id_e63c6ae5_fk_spa_service_categories_id; Type: FK CONSTRAINT; Schema: public; Owner: -
--

ALTER TABLE ONLY public.spa_services
    ADD CONSTRAINT spa_services_category_id_e63c6ae5_fk_spa_service_categories_id FOREIGN KEY (category_id) REFERENCES public.spa_service_categories(id) DEFERRABLE INITIALLY DEFERRED;


--
-- Name: stock_check_items stock_check_items_product_id_11d9165d_fk_products_id; Type: FK CONSTRAINT; Schema: public; Owner: -
--

ALTER TABLE ONLY public.stock_check_items
    ADD CONSTRAINT stock_check_items_product_id_11d9165d_fk_products_id FOREIGN KEY (product_id) REFERENCES public.products(id) DEFERRABLE INITIALLY DEFERRED;


--
-- Name: stock_check_items stock_check_items_stock_check_id_0873e891_fk_stock_checks_id; Type: FK CONSTRAINT; Schema: public; Owner: -
--

ALTER TABLE ONLY public.stock_check_items
    ADD CONSTRAINT stock_check_items_stock_check_id_0873e891_fk_stock_checks_id FOREIGN KEY (stock_check_id) REFERENCES public.stock_checks(id) DEFERRABLE INITIALLY DEFERRED;


--
-- Name: stock_check_items stock_check_items_variant_id_368a438d_fk_product_variants_id; Type: FK CONSTRAINT; Schema: public; Owner: -
--

ALTER TABLE ONLY public.stock_check_items
    ADD CONSTRAINT stock_check_items_variant_id_368a438d_fk_product_variants_id FOREIGN KEY (variant_id) REFERENCES public.product_variants(id) DEFERRABLE INITIALLY DEFERRED;


--
-- Name: stock_checks stock_checks_created_by_id_00562dd4_fk_auth_user_id; Type: FK CONSTRAINT; Schema: public; Owner: -
--

ALTER TABLE ONLY public.stock_checks
    ADD CONSTRAINT stock_checks_created_by_id_00562dd4_fk_auth_user_id FOREIGN KEY (created_by_id) REFERENCES public.auth_user(id) DEFERRABLE INITIALLY DEFERRED;


--
-- Name: stock_checks stock_checks_warehouse_id_acfe6f8b_fk_warehouses_id; Type: FK CONSTRAINT; Schema: public; Owner: -
--

ALTER TABLE ONLY public.stock_checks
    ADD CONSTRAINT stock_checks_warehouse_id_acfe6f8b_fk_warehouses_id FOREIGN KEY (warehouse_id) REFERENCES public.warehouses(id) DEFERRABLE INITIALLY DEFERRED;


--
-- Name: stock_transfer_items stock_transfer_items_product_id_81f2c9b6_fk_products_id; Type: FK CONSTRAINT; Schema: public; Owner: -
--

ALTER TABLE ONLY public.stock_transfer_items
    ADD CONSTRAINT stock_transfer_items_product_id_81f2c9b6_fk_products_id FOREIGN KEY (product_id) REFERENCES public.products(id) DEFERRABLE INITIALLY DEFERRED;


--
-- Name: stock_transfer_items stock_transfer_items_transfer_id_ef74490c_fk_stock_transfers_id; Type: FK CONSTRAINT; Schema: public; Owner: -
--

ALTER TABLE ONLY public.stock_transfer_items
    ADD CONSTRAINT stock_transfer_items_transfer_id_ef74490c_fk_stock_transfers_id FOREIGN KEY (transfer_id) REFERENCES public.stock_transfers(id) DEFERRABLE INITIALLY DEFERRED;


--
-- Name: stock_transfer_items stock_transfer_items_variant_id_f9f2014d_fk_product_variants_id; Type: FK CONSTRAINT; Schema: public; Owner: -
--

ALTER TABLE ONLY public.stock_transfer_items
    ADD CONSTRAINT stock_transfer_items_variant_id_f9f2014d_fk_product_variants_id FOREIGN KEY (variant_id) REFERENCES public.product_variants(id) DEFERRABLE INITIALLY DEFERRED;


--
-- Name: stock_transfers stock_transfers_created_by_id_eaf7fdfc_fk_auth_user_id; Type: FK CONSTRAINT; Schema: public; Owner: -
--

ALTER TABLE ONLY public.stock_transfers
    ADD CONSTRAINT stock_transfers_created_by_id_eaf7fdfc_fk_auth_user_id FOREIGN KEY (created_by_id) REFERENCES public.auth_user(id) DEFERRABLE INITIALLY DEFERRED;


--
-- Name: stock_transfers stock_transfers_from_warehouse_id_bf707ffe_fk_warehouses_id; Type: FK CONSTRAINT; Schema: public; Owner: -
--

ALTER TABLE ONLY public.stock_transfers
    ADD CONSTRAINT stock_transfers_from_warehouse_id_bf707ffe_fk_warehouses_id FOREIGN KEY (from_warehouse_id) REFERENCES public.warehouses(id) DEFERRABLE INITIALLY DEFERRED;


--
-- Name: stock_transfers stock_transfers_to_warehouse_id_b66869a9_fk_warehouses_id; Type: FK CONSTRAINT; Schema: public; Owner: -
--

ALTER TABLE ONLY public.stock_transfers
    ADD CONSTRAINT stock_transfers_to_warehouse_id_b66869a9_fk_warehouses_id FOREIGN KEY (to_warehouse_id) REFERENCES public.warehouses(id) DEFERRABLE INITIALLY DEFERRED;


--
-- Name: stores stores_brand_id_ddc0437f_fk_brands_id; Type: FK CONSTRAINT; Schema: public; Owner: -
--

ALTER TABLE ONLY public.stores
    ADD CONSTRAINT stores_brand_id_ddc0437f_fk_brands_id FOREIGN KEY (brand_id) REFERENCES public.brands(id) DEFERRABLE INITIALLY DEFERRED;


--
-- Name: stores stores_manager_id_a2cf1aa6_fk_auth_user_id; Type: FK CONSTRAINT; Schema: public; Owner: -
--

ALTER TABLE ONLY public.stores
    ADD CONSTRAINT stores_manager_id_a2cf1aa6_fk_auth_user_id FOREIGN KEY (manager_id) REFERENCES public.auth_user(id) DEFERRABLE INITIALLY DEFERRED;


--
-- Name: suppliers suppliers_created_by_id_8743ed7c_fk_auth_user_id; Type: FK CONSTRAINT; Schema: public; Owner: -
--

ALTER TABLE ONLY public.suppliers
    ADD CONSTRAINT suppliers_created_by_id_8743ed7c_fk_auth_user_id FOREIGN KEY (created_by_id) REFERENCES public.auth_user(id) DEFERRABLE INITIALLY DEFERRED;


--
-- Name: system_logs system_logs_user_id_77b716fd_fk_auth_user_id; Type: FK CONSTRAINT; Schema: public; Owner: -
--

ALTER TABLE ONLY public.system_logs
    ADD CONSTRAINT system_logs_user_id_77b716fd_fk_auth_user_id FOREIGN KEY (user_id) REFERENCES public.auth_user(id) DEFERRABLE INITIALLY DEFERRED;


--
-- Name: user_profiles user_profiles_store_id_8be53c94_fk_stores_id; Type: FK CONSTRAINT; Schema: public; Owner: -
--

ALTER TABLE ONLY public.user_profiles
    ADD CONSTRAINT user_profiles_store_id_8be53c94_fk_stores_id FOREIGN KEY (store_id) REFERENCES public.stores(id) DEFERRABLE INITIALLY DEFERRED;


--
-- Name: user_profiles user_profiles_user_id_8c5ab5fe_fk_auth_user_id; Type: FK CONSTRAINT; Schema: public; Owner: -
--

ALTER TABLE ONLY public.user_profiles
    ADD CONSTRAINT user_profiles_user_id_8c5ab5fe_fk_auth_user_id FOREIGN KEY (user_id) REFERENCES public.auth_user(id) DEFERRABLE INITIALLY DEFERRED;


--
-- Name: warehouses warehouses_manager_id_2c2efc6e_fk_auth_user_id; Type: FK CONSTRAINT; Schema: public; Owner: -
--

ALTER TABLE ONLY public.warehouses
    ADD CONSTRAINT warehouses_manager_id_2c2efc6e_fk_auth_user_id FOREIGN KEY (manager_id) REFERENCES public.auth_user(id) DEFERRABLE INITIALLY DEFERRED;


--
-- Name: warehouses warehouses_store_id_4d02ccde_fk_stores_id; Type: FK CONSTRAINT; Schema: public; Owner: -
--

ALTER TABLE ONLY public.warehouses
    ADD CONSTRAINT warehouses_store_id_4d02ccde_fk_stores_id FOREIGN KEY (store_id) REFERENCES public.stores(id) DEFERRABLE INITIALLY DEFERRED;


--
-- PostgreSQL database dump complete
--

\unrestrict fo3hL7BRZiqVpvb5Ymvu39zvsFFyDw72xhUhSQE8eBhoCbDVyuR6153V4snNuCC

